image_id,image_path,mask_path,has_defect
9d9020e1d.jpg,train_images/9d9020e1d.jpg,masks/9d9020e1d.png,1
736c09835.jpg,train_images/736c09835.jpg,masks/736c09835.png,1
b9752d783.jpg,train_images/b9752d783.jpg,masks/b9752d783.png,1
192e256ba.jpg,train_images/192e256ba.jpg,masks/192e256ba.png,1
00f1665e6.jpg,train_images/00f1665e6.jpg,masks/00f1665e6.png,1
6f0683e45.jpg,train_images/6f0683e45.jpg,masks/6f0683e45.png,1
22031aa8f.jpg,train_images/22031aa8f.jpg,masks/22031aa8f.png,1
9ea3ea37b.jpg,train_images/9ea3ea37b.jpg,masks/9ea3ea37b.png,1
034941f9d.jpg,train_images/034941f9d.jpg,masks/034941f9d.png,1
ab2b3d3d9.jpg,train_images/ab2b3d3d9.jpg,masks/ab2b3d3d9.png,1
43fcd5c0b.jpg,train_images/43fcd5c0b.jpg,masks/43fcd5c0b.png,1
629900275.jpg,train_images/629900275.jpg,masks/629900275.png,1
3a773f5e3.jpg,train_images/3a773f5e3.jpg,masks/3a773f5e3.png,1
1f43421a7.jpg,train_images/1f43421a7.jpg,masks/1f43421a7.png,1
889c66e18.jpg,train_images/889c66e18.jpg,masks/889c66e18.png,1
8de366fb3.jpg,train_images/8de366fb3.jpg,masks/8de366fb3.png,1
751db247d.jpg,train_images/751db247d.jpg,masks/751db247d.png,1
9252073f0.jpg,train_images/9252073f0.jpg,masks/9252073f0.png,1
a32f079ad.jpg,train_images/a32f079ad.jpg,masks/a32f079ad.png,1
52f589500.jpg,train_images/52f589500.jpg,masks/52f589500.png,1
ce43bdd06.jpg,train_images/ce43bdd06.jpg,masks/ce43bdd06.png,1
a6aceec2e.jpg,train_images/a6aceec2e.jpg,masks/a6aceec2e.png,1
349baa83f.jpg,train_images/349baa83f.jpg,masks/349baa83f.png,1
e58764ee5.jpg,train_images/e58764ee5.jpg,masks/e58764ee5.png,1
a7c57d74f.jpg,train_images/a7c57d74f.jpg,masks/a7c57d74f.png,1
931c4b9aa.jpg,train_images/931c4b9aa.jpg,masks/931c4b9aa.png,1
bc2756713.jpg,train_images/bc2756713.jpg,masks/bc2756713.png,1
45d8e1473.jpg,train_images/45d8e1473.jpg,masks/45d8e1473.png,1
0b4c8e681.jpg,train_images/0b4c8e681.jpg,masks/0b4c8e681.png,1
b10ca1dc4.jpg,train_images/b10ca1dc4.jpg,masks/b10ca1dc4.png,1
ada844648.jpg,train_images/ada844648.jpg,masks/ada844648.png,1
97e7fd732.jpg,train_images/97e7fd732.jpg,masks/97e7fd732.png,1
e43b67340.jpg,train_images/e43b67340.jpg,masks/e43b67340.png,1
6bc7c35cd.jpg,train_images/6bc7c35cd.jpg,masks/6bc7c35cd.png,1
0e0f06208.jpg,train_images/0e0f06208.jpg,masks/0e0f06208.png,1
f84ae7a4b.jpg,train_images/f84ae7a4b.jpg,masks/f84ae7a4b.png,1
6eeaaa295.jpg,train_images/6eeaaa295.jpg,masks/6eeaaa295.png,1
cee5fab38.jpg,train_images/cee5fab38.jpg,masks/cee5fab38.png,1
d245c4e7f.jpg,train_images/d245c4e7f.jpg,masks/d245c4e7f.png,1
786faedc1.jpg,train_images/786faedc1.jpg,masks/786faedc1.png,1
6714ba056.jpg,train_images/6714ba056.jpg,masks/6714ba056.png,1
c6f74537e.jpg,train_images/c6f74537e.jpg,masks/c6f74537e.png,1
9ea9ca4c8.jpg,train_images/9ea9ca4c8.jpg,masks/9ea9ca4c8.png,1
ea5c8ec19.jpg,train_images/ea5c8ec19.jpg,masks/ea5c8ec19.png,1
5af757935.jpg,train_images/5af757935.jpg,masks/5af757935.png,1
c9d24ef83.jpg,train_images/c9d24ef83.jpg,masks/c9d24ef83.png,1
0c59df320.jpg,train_images/0c59df320.jpg,masks/0c59df320.png,1
943c5abcd.jpg,train_images/943c5abcd.jpg,masks/943c5abcd.png,1
e44a065d8.jpg,train_images/e44a065d8.jpg,masks/e44a065d8.png,1
b1e9c469c.jpg,train_images/b1e9c469c.jpg,masks/b1e9c469c.png,1
f6d0cca5b.jpg,train_images/f6d0cca5b.jpg,masks/f6d0cca5b.png,1
fcea4a36f.jpg,train_images/fcea4a36f.jpg,masks/fcea4a36f.png,1
f39c2310c.jpg,train_images/f39c2310c.jpg,masks/f39c2310c.png,1
22bd428e0.jpg,train_images/22bd428e0.jpg,masks/22bd428e0.png,1
d3e44d1b4.jpg,train_images/d3e44d1b4.jpg,masks/d3e44d1b4.png,1
277ebde3b.jpg,train_images/277ebde3b.jpg,masks/277ebde3b.png,1
87e057954.jpg,train_images/87e057954.jpg,masks/87e057954.png,1
ea2ebb194.jpg,train_images/ea2ebb194.jpg,masks/ea2ebb194.png,1
935654dc9.jpg,train_images/935654dc9.jpg,masks/935654dc9.png,1
82f6ab6aa.jpg,train_images/82f6ab6aa.jpg,masks/82f6ab6aa.png,1
b68b9258c.jpg,train_images/b68b9258c.jpg,masks/b68b9258c.png,1
cd5b14850.jpg,train_images/cd5b14850.jpg,masks/cd5b14850.png,1
82bee96b8.jpg,train_images/82bee96b8.jpg,masks/82bee96b8.png,1
49fa7d0fa.jpg,train_images/49fa7d0fa.jpg,masks/49fa7d0fa.png,1
2f69f62ae.jpg,train_images/2f69f62ae.jpg,masks/2f69f62ae.png,1
fbf282a60.jpg,train_images/fbf282a60.jpg,masks/fbf282a60.png,1
b3920826e.jpg,train_images/b3920826e.jpg,masks/b3920826e.png,1
2ba3dadde.jpg,train_images/2ba3dadde.jpg,masks/2ba3dadde.png,1
817c6c7a8.jpg,train_images/817c6c7a8.jpg,masks/817c6c7a8.png,1
267aa0d33.jpg,train_images/267aa0d33.jpg,masks/267aa0d33.png,1
8be1d2178.jpg,train_images/8be1d2178.jpg,masks/8be1d2178.png,1
e96249f5a.jpg,train_images/e96249f5a.jpg,masks/e96249f5a.png,1
277b133dc.jpg,train_images/277b133dc.jpg,masks/277b133dc.png,1
17b3f9421.jpg,train_images/17b3f9421.jpg,masks/17b3f9421.png,1
c75e6bd36.jpg,train_images/c75e6bd36.jpg,masks/c75e6bd36.png,1
de90cb5f1.jpg,train_images/de90cb5f1.jpg,masks/de90cb5f1.png,1
7ee4ba925.jpg,train_images/7ee4ba925.jpg,masks/7ee4ba925.png,1
07732248e.jpg,train_images/07732248e.jpg,masks/07732248e.png,1
faa0cdf84.jpg,train_images/faa0cdf84.jpg,masks/faa0cdf84.png,1
622086df1.jpg,train_images/622086df1.jpg,masks/622086df1.png,1
a835a0e50.jpg,train_images/a835a0e50.jpg,masks/a835a0e50.png,1
78c1353e7.jpg,train_images/78c1353e7.jpg,masks/78c1353e7.png,1
07cd0a3e9.jpg,train_images/07cd0a3e9.jpg,masks/07cd0a3e9.png,1
397bdbbf6.jpg,train_images/397bdbbf6.jpg,masks/397bdbbf6.png,1
02d573611.jpg,train_images/02d573611.jpg,masks/02d573611.png,1
de6c85c29.jpg,train_images/de6c85c29.jpg,masks/de6c85c29.png,1
8f7032bd2.jpg,train_images/8f7032bd2.jpg,masks/8f7032bd2.png,1
294d6d5f8.jpg,train_images/294d6d5f8.jpg,masks/294d6d5f8.png,1
81891e821.jpg,train_images/81891e821.jpg,masks/81891e821.png,1
127a4a097.jpg,train_images/127a4a097.jpg,masks/127a4a097.png,1
a335fc5cc.jpg,train_images/a335fc5cc.jpg,masks/a335fc5cc.png,1
d68b1117c.jpg,train_images/d68b1117c.jpg,masks/d68b1117c.png,1
f32bb5699.jpg,train_images/f32bb5699.jpg,masks/f32bb5699.png,1
464a009f9.jpg,train_images/464a009f9.jpg,masks/464a009f9.png,1
27207fb2e.jpg,train_images/27207fb2e.jpg,masks/27207fb2e.png,1
7f67ad59d.jpg,train_images/7f67ad59d.jpg,masks/7f67ad59d.png,1
15796b4d5.jpg,train_images/15796b4d5.jpg,masks/15796b4d5.png,1
1a33e152d.jpg,train_images/1a33e152d.jpg,masks/1a33e152d.png,1
4eb8c6514.jpg,train_images/4eb8c6514.jpg,masks/4eb8c6514.png,1
b3aa31a86.jpg,train_images/b3aa31a86.jpg,masks/b3aa31a86.png,1
975f12b62.jpg,train_images/975f12b62.jpg,masks/975f12b62.png,1
64782db0a.jpg,train_images/64782db0a.jpg,masks/64782db0a.png,1
0d365d98c.jpg,train_images/0d365d98c.jpg,masks/0d365d98c.png,1
c26912861.jpg,train_images/c26912861.jpg,masks/c26912861.png,1
09b428fe0.jpg,train_images/09b428fe0.jpg,masks/09b428fe0.png,1
f89ce1e24.jpg,train_images/f89ce1e24.jpg,masks/f89ce1e24.png,1
008d0f87b.jpg,train_images/008d0f87b.jpg,masks/008d0f87b.png,1
190190a6f.jpg,train_images/190190a6f.jpg,masks/190190a6f.png,1
b881357b7.jpg,train_images/b881357b7.jpg,masks/b881357b7.png,1
f9668c7cd.jpg,train_images/f9668c7cd.jpg,masks/f9668c7cd.png,1
364c83806.jpg,train_images/364c83806.jpg,masks/364c83806.png,1
428586f79.jpg,train_images/428586f79.jpg,masks/428586f79.png,1
9612e2ee3.jpg,train_images/9612e2ee3.jpg,masks/9612e2ee3.png,1
ca4309568.jpg,train_images/ca4309568.jpg,masks/ca4309568.png,1
ea463471d.jpg,train_images/ea463471d.jpg,masks/ea463471d.png,1
649890305.jpg,train_images/649890305.jpg,masks/649890305.png,1
fb8c8f732.jpg,train_images/fb8c8f732.jpg,masks/fb8c8f732.png,1
e75c7bbd9.jpg,train_images/e75c7bbd9.jpg,masks/e75c7bbd9.png,1
522e17d3e.jpg,train_images/522e17d3e.jpg,masks/522e17d3e.png,1
711d59ca6.jpg,train_images/711d59ca6.jpg,masks/711d59ca6.png,1
8e6f1eb4f.jpg,train_images/8e6f1eb4f.jpg,masks/8e6f1eb4f.png,1
d74442547.jpg,train_images/d74442547.jpg,masks/d74442547.png,1
65b962305.jpg,train_images/65b962305.jpg,masks/65b962305.png,1
d9378a0a0.jpg,train_images/d9378a0a0.jpg,masks/d9378a0a0.png,1
1aa2ba1b5.jpg,train_images/1aa2ba1b5.jpg,masks/1aa2ba1b5.png,1
a2b2c9e3e.jpg,train_images/a2b2c9e3e.jpg,masks/a2b2c9e3e.png,1
fdf0d8b7a.jpg,train_images/fdf0d8b7a.jpg,masks/fdf0d8b7a.png,1
dc702eb04.jpg,train_images/dc702eb04.jpg,masks/dc702eb04.png,1
94da85f76.jpg,train_images/94da85f76.jpg,masks/94da85f76.png,1
cecab5a39.jpg,train_images/cecab5a39.jpg,masks/cecab5a39.png,1
5a6a8196b.jpg,train_images/5a6a8196b.jpg,masks/5a6a8196b.png,1
9a75974ba.jpg,train_images/9a75974ba.jpg,masks/9a75974ba.png,1
ecd0a7a42.jpg,train_images/ecd0a7a42.jpg,masks/ecd0a7a42.png,1
cdb6b6c23.jpg,train_images/cdb6b6c23.jpg,masks/cdb6b6c23.png,1
b17fcb164.jpg,train_images/b17fcb164.jpg,masks/b17fcb164.png,1
3b9a3ae3b.jpg,train_images/3b9a3ae3b.jpg,masks/3b9a3ae3b.png,1
71b815a2d.jpg,train_images/71b815a2d.jpg,masks/71b815a2d.png,1
8d2e8b456.jpg,train_images/8d2e8b456.jpg,masks/8d2e8b456.png,1
b1c4d3872.jpg,train_images/b1c4d3872.jpg,masks/b1c4d3872.png,1
639c7495a.jpg,train_images/639c7495a.jpg,masks/639c7495a.png,1
a09e5bfb0.jpg,train_images/a09e5bfb0.jpg,masks/a09e5bfb0.png,1
dac8bf38a.jpg,train_images/dac8bf38a.jpg,masks/dac8bf38a.png,1
8d9b704ff.jpg,train_images/8d9b704ff.jpg,masks/8d9b704ff.png,1
f22da130b.jpg,train_images/f22da130b.jpg,masks/f22da130b.png,1
6355bf572.jpg,train_images/6355bf572.jpg,masks/6355bf572.png,1
3e63fb99b.jpg,train_images/3e63fb99b.jpg,masks/3e63fb99b.png,1
b895d1213.jpg,train_images/b895d1213.jpg,masks/b895d1213.png,1
3c8312241.jpg,train_images/3c8312241.jpg,masks/3c8312241.png,1
de79fa864.jpg,train_images/de79fa864.jpg,masks/de79fa864.png,1
19a3acdeb.jpg,train_images/19a3acdeb.jpg,masks/19a3acdeb.png,1
3e3d92e7e.jpg,train_images/3e3d92e7e.jpg,masks/3e3d92e7e.png,1
aee20074e.jpg,train_images/aee20074e.jpg,masks/aee20074e.png,1
1a382baf6.jpg,train_images/1a382baf6.jpg,masks/1a382baf6.png,1
fc477f3c8.jpg,train_images/fc477f3c8.jpg,masks/fc477f3c8.png,1
d5353adfc.jpg,train_images/d5353adfc.jpg,masks/d5353adfc.png,1
279b82aaf.jpg,train_images/279b82aaf.jpg,masks/279b82aaf.png,1
bb0b18744.jpg,train_images/bb0b18744.jpg,masks/bb0b18744.png,1
d59b4476a.jpg,train_images/d59b4476a.jpg,masks/d59b4476a.png,1
5cc47b140.jpg,train_images/5cc47b140.jpg,masks/5cc47b140.png,1
edd2ff0dd.jpg,train_images/edd2ff0dd.jpg,masks/edd2ff0dd.png,1
6cbc3708d.jpg,train_images/6cbc3708d.jpg,masks/6cbc3708d.png,1
b66e36656.jpg,train_images/b66e36656.jpg,masks/b66e36656.png,1
2d94df675.jpg,train_images/2d94df675.jpg,masks/2d94df675.png,1
02c79bfcb.jpg,train_images/02c79bfcb.jpg,masks/02c79bfcb.png,1
9b57cbc21.jpg,train_images/9b57cbc21.jpg,masks/9b57cbc21.png,1
51d7bee0a.jpg,train_images/51d7bee0a.jpg,masks/51d7bee0a.png,1
69df9d97b.jpg,train_images/69df9d97b.jpg,masks/69df9d97b.png,1
108ea689b.jpg,train_images/108ea689b.jpg,masks/108ea689b.png,1
b8ba151b1.jpg,train_images/b8ba151b1.jpg,masks/b8ba151b1.png,1
5ca03f4fb.jpg,train_images/5ca03f4fb.jpg,masks/5ca03f4fb.png,1
23bb4d637.jpg,train_images/23bb4d637.jpg,masks/23bb4d637.png,1
0e106d482.jpg,train_images/0e106d482.jpg,masks/0e106d482.png,1
13ca110ae.jpg,train_images/13ca110ae.jpg,masks/13ca110ae.png,1
50c8a63b1.jpg,train_images/50c8a63b1.jpg,masks/50c8a63b1.png,1
6fd6355e3.jpg,train_images/6fd6355e3.jpg,masks/6fd6355e3.png,1
904584541.jpg,train_images/904584541.jpg,masks/904584541.png,1
5c68839d0.jpg,train_images/5c68839d0.jpg,masks/5c68839d0.png,1
792266a85.jpg,train_images/792266a85.jpg,masks/792266a85.png,1
64934ac51.jpg,train_images/64934ac51.jpg,masks/64934ac51.png,1
6e1a98592.jpg,train_images/6e1a98592.jpg,masks/6e1a98592.png,1
e6a44cda3.jpg,train_images/e6a44cda3.jpg,masks/e6a44cda3.png,1
2b8dfbe0b.jpg,train_images/2b8dfbe0b.jpg,masks/2b8dfbe0b.png,1
fee93875b.jpg,train_images/fee93875b.jpg,masks/fee93875b.png,1
252c10c1a.jpg,train_images/252c10c1a.jpg,masks/252c10c1a.png,1
7ff50bb90.jpg,train_images/7ff50bb90.jpg,masks/7ff50bb90.png,1
eef2cc092.jpg,train_images/eef2cc092.jpg,masks/eef2cc092.png,1
ceba9dc16.jpg,train_images/ceba9dc16.jpg,masks/ceba9dc16.png,1
7c5918274.jpg,train_images/7c5918274.jpg,masks/7c5918274.png,1
03860f6a9.jpg,train_images/03860f6a9.jpg,masks/03860f6a9.png,1
8fef72c9f.jpg,train_images/8fef72c9f.jpg,masks/8fef72c9f.png,1
00ac8372f.jpg,train_images/00ac8372f.jpg,masks/00ac8372f.png,1
01c3ef286.jpg,train_images/01c3ef286.jpg,masks/01c3ef286.png,1
676de457e.jpg,train_images/676de457e.jpg,masks/676de457e.png,1
7fc69d9fd.jpg,train_images/7fc69d9fd.jpg,masks/7fc69d9fd.png,1
672a24d19.jpg,train_images/672a24d19.jpg,masks/672a24d19.png,1
9cccdc9c0.jpg,train_images/9cccdc9c0.jpg,masks/9cccdc9c0.png,1
612c0d930.jpg,train_images/612c0d930.jpg,masks/612c0d930.png,1
2e2f5467c.jpg,train_images/2e2f5467c.jpg,masks/2e2f5467c.png,1
f3862285d.jpg,train_images/f3862285d.jpg,masks/f3862285d.png,1
519599df3.jpg,train_images/519599df3.jpg,masks/519599df3.png,1
7c95cddba.jpg,train_images/7c95cddba.jpg,masks/7c95cddba.png,1
65657b8ed.jpg,train_images/65657b8ed.jpg,masks/65657b8ed.png,1
204949166.jpg,train_images/204949166.jpg,masks/204949166.png,1
cd940e191.jpg,train_images/cd940e191.jpg,masks/cd940e191.png,1
c204673e4.jpg,train_images/c204673e4.jpg,masks/c204673e4.png,1
196d65e42.jpg,train_images/196d65e42.jpg,masks/196d65e42.png,1
d14c9c6e6.jpg,train_images/d14c9c6e6.jpg,masks/d14c9c6e6.png,1
f503817dd.jpg,train_images/f503817dd.jpg,masks/f503817dd.png,1
3ee680a42.jpg,train_images/3ee680a42.jpg,masks/3ee680a42.png,1
2b61e04e6.jpg,train_images/2b61e04e6.jpg,masks/2b61e04e6.png,1
08c2fc120.jpg,train_images/08c2fc120.jpg,masks/08c2fc120.png,1
eee142d9a.jpg,train_images/eee142d9a.jpg,masks/eee142d9a.png,1
390e9ea29.jpg,train_images/390e9ea29.jpg,masks/390e9ea29.png,1
1fdef786c.jpg,train_images/1fdef786c.jpg,masks/1fdef786c.png,1
a3a66a86a.jpg,train_images/a3a66a86a.jpg,masks/a3a66a86a.png,1
a6b3d554a.jpg,train_images/a6b3d554a.jpg,masks/a6b3d554a.png,1
d773ff10c.jpg,train_images/d773ff10c.jpg,masks/d773ff10c.png,1
67a047923.jpg,train_images/67a047923.jpg,masks/67a047923.png,1
c62da61d8.jpg,train_images/c62da61d8.jpg,masks/c62da61d8.png,1
8d909a69d.jpg,train_images/8d909a69d.jpg,masks/8d909a69d.png,1
06713b712.jpg,train_images/06713b712.jpg,masks/06713b712.png,1
788a675e7.jpg,train_images/788a675e7.jpg,masks/788a675e7.png,1
c6510fb5a.jpg,train_images/c6510fb5a.jpg,masks/c6510fb5a.png,1
1422b7da0.jpg,train_images/1422b7da0.jpg,masks/1422b7da0.png,1
539be6ba4.jpg,train_images/539be6ba4.jpg,masks/539be6ba4.png,1
4fcacdb3a.jpg,train_images/4fcacdb3a.jpg,masks/4fcacdb3a.png,1
dcf78e7eb.jpg,train_images/dcf78e7eb.jpg,masks/dcf78e7eb.png,1
b32f9fddd.jpg,train_images/b32f9fddd.jpg,masks/b32f9fddd.png,1
551b840d2.jpg,train_images/551b840d2.jpg,masks/551b840d2.png,1
bd54aaaea.jpg,train_images/bd54aaaea.jpg,masks/bd54aaaea.png,1
93f37037d.jpg,train_images/93f37037d.jpg,masks/93f37037d.png,1
67a9dd552.jpg,train_images/67a9dd552.jpg,masks/67a9dd552.png,1
7cf4f552c.jpg,train_images/7cf4f552c.jpg,masks/7cf4f552c.png,1
70be92f18.jpg,train_images/70be92f18.jpg,masks/70be92f18.png,1
8c64a3681.jpg,train_images/8c64a3681.jpg,masks/8c64a3681.png,1
6bb002045.jpg,train_images/6bb002045.jpg,masks/6bb002045.png,1
67ae369d2.jpg,train_images/67ae369d2.jpg,masks/67ae369d2.png,1
0139dd004.jpg,train_images/0139dd004.jpg,masks/0139dd004.png,1
c330ba942.jpg,train_images/c330ba942.jpg,masks/c330ba942.png,1
837645cf1.jpg,train_images/837645cf1.jpg,masks/837645cf1.png,1
6355bcd53.jpg,train_images/6355bcd53.jpg,masks/6355bcd53.png,1
7668b7312.jpg,train_images/7668b7312.jpg,masks/7668b7312.png,1
2930b4f52.jpg,train_images/2930b4f52.jpg,masks/2930b4f52.png,1
b1e5931af.jpg,train_images/b1e5931af.jpg,masks/b1e5931af.png,1
75778a6a1.jpg,train_images/75778a6a1.jpg,masks/75778a6a1.png,1
f0075e43c.jpg,train_images/f0075e43c.jpg,masks/f0075e43c.png,1
2731f7830.jpg,train_images/2731f7830.jpg,masks/2731f7830.png,1
8a87b9578.jpg,train_images/8a87b9578.jpg,masks/8a87b9578.png,1
2176b94a5.jpg,train_images/2176b94a5.jpg,masks/2176b94a5.png,1
21f157362.jpg,train_images/21f157362.jpg,masks/21f157362.png,1
927100ebb.jpg,train_images/927100ebb.jpg,masks/927100ebb.png,1
0c9ae816d.jpg,train_images/0c9ae816d.jpg,masks/0c9ae816d.png,1
fae50c768.jpg,train_images/fae50c768.jpg,masks/fae50c768.png,1
754c97c4e.jpg,train_images/754c97c4e.jpg,masks/754c97c4e.png,1
a2d475315.jpg,train_images/a2d475315.jpg,masks/a2d475315.png,1
9725a81d1.jpg,train_images/9725a81d1.jpg,masks/9725a81d1.png,1
7dd4d0f90.jpg,train_images/7dd4d0f90.jpg,masks/7dd4d0f90.png,1
64261b3f7.jpg,train_images/64261b3f7.jpg,masks/64261b3f7.png,1
963b7a441.jpg,train_images/963b7a441.jpg,masks/963b7a441.png,1
cd04164a0.jpg,train_images/cd04164a0.jpg,masks/cd04164a0.png,1
166fcd035.jpg,train_images/166fcd035.jpg,masks/166fcd035.png,1
1c0d8bcd0.jpg,train_images/1c0d8bcd0.jpg,masks/1c0d8bcd0.png,1
2f8559032.jpg,train_images/2f8559032.jpg,masks/2f8559032.png,1
607105dac.jpg,train_images/607105dac.jpg,masks/607105dac.png,1
0caf53aba.jpg,train_images/0caf53aba.jpg,masks/0caf53aba.png,1
f5479db16.jpg,train_images/f5479db16.jpg,masks/f5479db16.png,1
e6fd24165.jpg,train_images/e6fd24165.jpg,masks/e6fd24165.png,1
48f6abec0.jpg,train_images/48f6abec0.jpg,masks/48f6abec0.png,1
a567b95ad.jpg,train_images/a567b95ad.jpg,masks/a567b95ad.png,1
ded5c87e8.jpg,train_images/ded5c87e8.jpg,masks/ded5c87e8.png,1
cff387e60.jpg,train_images/cff387e60.jpg,masks/cff387e60.png,1
3d2df482c.jpg,train_images/3d2df482c.jpg,masks/3d2df482c.png,1
27fb17019.jpg,train_images/27fb17019.jpg,masks/27fb17019.png,1
b54038841.jpg,train_images/b54038841.jpg,masks/b54038841.png,1
9147356db.jpg,train_images/9147356db.jpg,masks/9147356db.png,1
116d673e3.jpg,train_images/116d673e3.jpg,masks/116d673e3.png,1
6976314b8.jpg,train_images/6976314b8.jpg,masks/6976314b8.png,1
4ec252808.jpg,train_images/4ec252808.jpg,masks/4ec252808.png,1
9af9dc45b.jpg,train_images/9af9dc45b.jpg,masks/9af9dc45b.png,1
d7eb453fe.jpg,train_images/d7eb453fe.jpg,masks/d7eb453fe.png,1
97419c683.jpg,train_images/97419c683.jpg,masks/97419c683.png,1
63da8f810.jpg,train_images/63da8f810.jpg,masks/63da8f810.png,1
22cabd56f.jpg,train_images/22cabd56f.jpg,masks/22cabd56f.png,1
5c5aa7bbc.jpg,train_images/5c5aa7bbc.jpg,masks/5c5aa7bbc.png,1
2e12e1c6a.jpg,train_images/2e12e1c6a.jpg,masks/2e12e1c6a.png,1
c1a90e9c8.jpg,train_images/c1a90e9c8.jpg,masks/c1a90e9c8.png,1
44a0d5b55.jpg,train_images/44a0d5b55.jpg,masks/44a0d5b55.png,1
3055bb5b8.jpg,train_images/3055bb5b8.jpg,masks/3055bb5b8.png,1
cefbcc992.jpg,train_images/cefbcc992.jpg,masks/cefbcc992.png,1
83d9b39c8.jpg,train_images/83d9b39c8.jpg,masks/83d9b39c8.png,1
de7ccd490.jpg,train_images/de7ccd490.jpg,masks/de7ccd490.png,1
dc6028399.jpg,train_images/dc6028399.jpg,masks/dc6028399.png,1
03db6bbc3.jpg,train_images/03db6bbc3.jpg,masks/03db6bbc3.png,1
26f6f4c72.jpg,train_images/26f6f4c72.jpg,masks/26f6f4c72.png,1
0386ce84b.jpg,train_images/0386ce84b.jpg,masks/0386ce84b.png,1
a56d4b7be.jpg,train_images/a56d4b7be.jpg,masks/a56d4b7be.png,1
5aff55ed5.jpg,train_images/5aff55ed5.jpg,masks/5aff55ed5.png,1
cbe07eb15.jpg,train_images/cbe07eb15.jpg,masks/cbe07eb15.png,1
2d196857a.jpg,train_images/2d196857a.jpg,masks/2d196857a.png,1
f45b2b2b0.jpg,train_images/f45b2b2b0.jpg,masks/f45b2b2b0.png,1
47d8d490a.jpg,train_images/47d8d490a.jpg,masks/47d8d490a.png,1
4b6e6a56e.jpg,train_images/4b6e6a56e.jpg,masks/4b6e6a56e.png,1
d2bbde0a4.jpg,train_images/d2bbde0a4.jpg,masks/d2bbde0a4.png,1
b7a2b2275.jpg,train_images/b7a2b2275.jpg,masks/b7a2b2275.png,1
79bf82641.jpg,train_images/79bf82641.jpg,masks/79bf82641.png,1
b44fc6ba9.jpg,train_images/b44fc6ba9.jpg,masks/b44fc6ba9.png,1
f33e7fc05.jpg,train_images/f33e7fc05.jpg,masks/f33e7fc05.png,1
d0b234faa.jpg,train_images/d0b234faa.jpg,masks/d0b234faa.png,1
24db6ba0d.jpg,train_images/24db6ba0d.jpg,masks/24db6ba0d.png,1
571f22cde.jpg,train_images/571f22cde.jpg,masks/571f22cde.png,1
6b7387486.jpg,train_images/6b7387486.jpg,masks/6b7387486.png,1
8177945a9.jpg,train_images/8177945a9.jpg,masks/8177945a9.png,1
3a43adb32.jpg,train_images/3a43adb32.jpg,masks/3a43adb32.png,1
7e63e3baf.jpg,train_images/7e63e3baf.jpg,masks/7e63e3baf.png,1
640b3aede.jpg,train_images/640b3aede.jpg,masks/640b3aede.png,1
405507351.jpg,train_images/405507351.jpg,masks/405507351.png,1
15d8b6f02.jpg,train_images/15d8b6f02.jpg,masks/15d8b6f02.png,1
f348bf060.jpg,train_images/f348bf060.jpg,masks/f348bf060.png,1
97b77f9e6.jpg,train_images/97b77f9e6.jpg,masks/97b77f9e6.png,1
2912df978.jpg,train_images/2912df978.jpg,masks/2912df978.png,1
3598309b5.jpg,train_images/3598309b5.jpg,masks/3598309b5.png,1
4b712bf89.jpg,train_images/4b712bf89.jpg,masks/4b712bf89.png,1
4d6973926.jpg,train_images/4d6973926.jpg,masks/4d6973926.png,1
ce72a126f.jpg,train_images/ce72a126f.jpg,masks/ce72a126f.png,1
b44f92bd6.jpg,train_images/b44f92bd6.jpg,masks/b44f92bd6.png,1
d67745c5b.jpg,train_images/d67745c5b.jpg,masks/d67745c5b.png,1
bf5e1ed13.jpg,train_images/bf5e1ed13.jpg,masks/bf5e1ed13.png,1
98ed0f752.jpg,train_images/98ed0f752.jpg,masks/98ed0f752.png,1
062167783.jpg,train_images/062167783.jpg,masks/062167783.png,1
b799d56cd.jpg,train_images/b799d56cd.jpg,masks/b799d56cd.png,1
510b9c5cc.jpg,train_images/510b9c5cc.jpg,masks/510b9c5cc.png,1
59a1733a9.jpg,train_images/59a1733a9.jpg,masks/59a1733a9.png,1
bfab9345f.jpg,train_images/bfab9345f.jpg,masks/bfab9345f.png,1
28edbd61f.jpg,train_images/28edbd61f.jpg,masks/28edbd61f.png,1
1574cc730.jpg,train_images/1574cc730.jpg,masks/1574cc730.png,1
5a1b1601e.jpg,train_images/5a1b1601e.jpg,masks/5a1b1601e.png,1
c30805f9e.jpg,train_images/c30805f9e.jpg,masks/c30805f9e.png,1
d2fd4e0d5.jpg,train_images/d2fd4e0d5.jpg,masks/d2fd4e0d5.png,1
45a4c0a58.jpg,train_images/45a4c0a58.jpg,masks/45a4c0a58.png,1
ac7848f35.jpg,train_images/ac7848f35.jpg,masks/ac7848f35.png,1
afb67e4d9.jpg,train_images/afb67e4d9.jpg,masks/afb67e4d9.png,1
02b906933.jpg,train_images/02b906933.jpg,masks/02b906933.png,1
670dc6f72.jpg,train_images/670dc6f72.jpg,masks/670dc6f72.png,1
bcef3582e.jpg,train_images/bcef3582e.jpg,masks/bcef3582e.png,1
3b4c8b9a4.jpg,train_images/3b4c8b9a4.jpg,masks/3b4c8b9a4.png,1
1b4642fd5.jpg,train_images/1b4642fd5.jpg,masks/1b4642fd5.png,1
c55802a79.jpg,train_images/c55802a79.jpg,masks/c55802a79.png,1
34913b58d.jpg,train_images/34913b58d.jpg,masks/34913b58d.png,1
7c0745f39.jpg,train_images/7c0745f39.jpg,masks/7c0745f39.png,1
ae3ad362b.jpg,train_images/ae3ad362b.jpg,masks/ae3ad362b.png,1
ba1ce59a8.jpg,train_images/ba1ce59a8.jpg,masks/ba1ce59a8.png,1
5b0da4889.jpg,train_images/5b0da4889.jpg,masks/5b0da4889.png,1
67d475776.jpg,train_images/67d475776.jpg,masks/67d475776.png,1
e6feea803.jpg,train_images/e6feea803.jpg,masks/e6feea803.png,1
de049d393.jpg,train_images/de049d393.jpg,masks/de049d393.png,1
8d52d3c30.jpg,train_images/8d52d3c30.jpg,masks/8d52d3c30.png,1
068587112.jpg,train_images/068587112.jpg,masks/068587112.png,1
7998298c2.jpg,train_images/7998298c2.jpg,masks/7998298c2.png,1
865b35014.jpg,train_images/865b35014.jpg,masks/865b35014.png,1
27d95964a.jpg,train_images/27d95964a.jpg,masks/27d95964a.png,1
c63388081.jpg,train_images/c63388081.jpg,masks/c63388081.png,1
c14eabf41.jpg,train_images/c14eabf41.jpg,masks/c14eabf41.png,1
506826fc6.jpg,train_images/506826fc6.jpg,masks/506826fc6.png,1
8b495e389.jpg,train_images/8b495e389.jpg,masks/8b495e389.png,1
5c876d114.jpg,train_images/5c876d114.jpg,masks/5c876d114.png,1
198252b95.jpg,train_images/198252b95.jpg,masks/198252b95.png,1
718f6439c.jpg,train_images/718f6439c.jpg,masks/718f6439c.png,1
800b8c9d1.jpg,train_images/800b8c9d1.jpg,masks/800b8c9d1.png,1
53e812ced.jpg,train_images/53e812ced.jpg,masks/53e812ced.png,1
f5d8b0c31.jpg,train_images/f5d8b0c31.jpg,masks/f5d8b0c31.png,1
47b5ab1bd.jpg,train_images/47b5ab1bd.jpg,masks/47b5ab1bd.png,1
e8a40861a.jpg,train_images/e8a40861a.jpg,masks/e8a40861a.png,1
8648b2010.jpg,train_images/8648b2010.jpg,masks/8648b2010.png,1
3e1ed281b.jpg,train_images/3e1ed281b.jpg,masks/3e1ed281b.png,1
57cb45ba8.jpg,train_images/57cb45ba8.jpg,masks/57cb45ba8.png,1
fcb25f2ec.jpg,train_images/fcb25f2ec.jpg,masks/fcb25f2ec.png,1
bb371f33d.jpg,train_images/bb371f33d.jpg,masks/bb371f33d.png,1
e013286ef.jpg,train_images/e013286ef.jpg,masks/e013286ef.png,1
7378f1d94.jpg,train_images/7378f1d94.jpg,masks/7378f1d94.png,1
0712fbd90.jpg,train_images/0712fbd90.jpg,masks/0712fbd90.png,1
fdd363326.jpg,train_images/fdd363326.jpg,masks/fdd363326.png,1
d15823291.jpg,train_images/d15823291.jpg,masks/d15823291.png,1
a2889c2fa.jpg,train_images/a2889c2fa.jpg,masks/a2889c2fa.png,1
cadf3a94f.jpg,train_images/cadf3a94f.jpg,masks/cadf3a94f.png,1
7ac177df0.jpg,train_images/7ac177df0.jpg,masks/7ac177df0.png,1
db89feeba.jpg,train_images/db89feeba.jpg,masks/db89feeba.png,1
354760e3e.jpg,train_images/354760e3e.jpg,masks/354760e3e.png,1
f8507e526.jpg,train_images/f8507e526.jpg,masks/f8507e526.png,1
b2f297777.jpg,train_images/b2f297777.jpg,masks/b2f297777.png,1
80cb85650.jpg,train_images/80cb85650.jpg,masks/80cb85650.png,1
3e22efa89.jpg,train_images/3e22efa89.jpg,masks/3e22efa89.png,1
756e03bd3.jpg,train_images/756e03bd3.jpg,masks/756e03bd3.png,1
b3b742102.jpg,train_images/b3b742102.jpg,masks/b3b742102.png,1
f74f33985.jpg,train_images/f74f33985.jpg,masks/f74f33985.png,1
fdcaa4692.jpg,train_images/fdcaa4692.jpg,masks/fdcaa4692.png,1
db5dd1ed3.jpg,train_images/db5dd1ed3.jpg,masks/db5dd1ed3.png,1
ef60f8163.jpg,train_images/ef60f8163.jpg,masks/ef60f8163.png,1
8f0a7e8af.jpg,train_images/8f0a7e8af.jpg,masks/8f0a7e8af.png,1
cef371355.jpg,train_images/cef371355.jpg,masks/cef371355.png,1
ea28bb97c.jpg,train_images/ea28bb97c.jpg,masks/ea28bb97c.png,1
8611deb61.jpg,train_images/8611deb61.jpg,masks/8611deb61.png,1
041a93b6d.jpg,train_images/041a93b6d.jpg,masks/041a93b6d.png,1
25fc987a1.jpg,train_images/25fc987a1.jpg,masks/25fc987a1.png,1
aa2db8e29.jpg,train_images/aa2db8e29.jpg,masks/aa2db8e29.png,1
cf7dbc448.jpg,train_images/cf7dbc448.jpg,masks/cf7dbc448.png,1
36a3259fa.jpg,train_images/36a3259fa.jpg,masks/36a3259fa.png,1
508c739d1.jpg,train_images/508c739d1.jpg,masks/508c739d1.png,1
8ed3c433b.jpg,train_images/8ed3c433b.jpg,masks/8ed3c433b.png,1
a61ce7b8a.jpg,train_images/a61ce7b8a.jpg,masks/a61ce7b8a.png,1
4cccbe396.jpg,train_images/4cccbe396.jpg,masks/4cccbe396.png,1
c314f43f3.jpg,train_images/c314f43f3.jpg,masks/c314f43f3.png,1
8d5fd264c.jpg,train_images/8d5fd264c.jpg,masks/8d5fd264c.png,1
0518e79e9.jpg,train_images/0518e79e9.jpg,masks/0518e79e9.png,1
315405789.jpg,train_images/315405789.jpg,masks/315405789.png,1
a2cb5be8f.jpg,train_images/a2cb5be8f.jpg,masks/a2cb5be8f.png,1
be2216e98.jpg,train_images/be2216e98.jpg,masks/be2216e98.png,1
1387583da.jpg,train_images/1387583da.jpg,masks/1387583da.png,1
052cc2a0f.jpg,train_images/052cc2a0f.jpg,masks/052cc2a0f.png,1
5b077082b.jpg,train_images/5b077082b.jpg,masks/5b077082b.png,1
21bf9d854.jpg,train_images/21bf9d854.jpg,masks/21bf9d854.png,1
7af34faaf.jpg,train_images/7af34faaf.jpg,masks/7af34faaf.png,1
7f08f6d42.jpg,train_images/7f08f6d42.jpg,masks/7f08f6d42.png,1
bbb96273d.jpg,train_images/bbb96273d.jpg,masks/bbb96273d.png,1
d62e553a8.jpg,train_images/d62e553a8.jpg,masks/d62e553a8.png,1
0e0d5004d.jpg,train_images/0e0d5004d.jpg,masks/0e0d5004d.png,1
5f39f57ea.jpg,train_images/5f39f57ea.jpg,masks/5f39f57ea.png,1
26c156283.jpg,train_images/26c156283.jpg,masks/26c156283.png,1
f2ff5cfd7.jpg,train_images/f2ff5cfd7.jpg,masks/f2ff5cfd7.png,1
9c19a106d.jpg,train_images/9c19a106d.jpg,masks/9c19a106d.png,1
6023f98ef.jpg,train_images/6023f98ef.jpg,masks/6023f98ef.png,1
0a21ce787.jpg,train_images/0a21ce787.jpg,masks/0a21ce787.png,1
002af848d.jpg,train_images/002af848d.jpg,masks/002af848d.png,1
dff8ecef4.jpg,train_images/dff8ecef4.jpg,masks/dff8ecef4.png,1
fe2637bd9.jpg,train_images/fe2637bd9.jpg,masks/fe2637bd9.png,1
3de1a29d8.jpg,train_images/3de1a29d8.jpg,masks/3de1a29d8.png,1
ec3f302f2.jpg,train_images/ec3f302f2.jpg,masks/ec3f302f2.png,1
2b0055ed4.jpg,train_images/2b0055ed4.jpg,masks/2b0055ed4.png,1
693f88388.jpg,train_images/693f88388.jpg,masks/693f88388.png,1
fb3a54000.jpg,train_images/fb3a54000.jpg,masks/fb3a54000.png,1
0b77d4ddf.jpg,train_images/0b77d4ddf.jpg,masks/0b77d4ddf.png,1
dd74ce9d1.jpg,train_images/dd74ce9d1.jpg,masks/dd74ce9d1.png,1
e744a55c6.jpg,train_images/e744a55c6.jpg,masks/e744a55c6.png,1
f02c1a600.jpg,train_images/f02c1a600.jpg,masks/f02c1a600.png,1
97bbf0668.jpg,train_images/97bbf0668.jpg,masks/97bbf0668.png,1
748dffce7.jpg,train_images/748dffce7.jpg,masks/748dffce7.png,1
3ac0f7ad1.jpg,train_images/3ac0f7ad1.jpg,masks/3ac0f7ad1.png,1
85107deb3.jpg,train_images/85107deb3.jpg,masks/85107deb3.png,1
80db59ec2.jpg,train_images/80db59ec2.jpg,masks/80db59ec2.png,1
7e7647e70.jpg,train_images/7e7647e70.jpg,masks/7e7647e70.png,1
5bf4948c3.jpg,train_images/5bf4948c3.jpg,masks/5bf4948c3.png,1
3d25c4bad.jpg,train_images/3d25c4bad.jpg,masks/3d25c4bad.png,1
c0598f956.jpg,train_images/c0598f956.jpg,masks/c0598f956.png,1
57cc4e2d3.jpg,train_images/57cc4e2d3.jpg,masks/57cc4e2d3.png,1
b8a955c48.jpg,train_images/b8a955c48.jpg,masks/b8a955c48.png,1
a56df9123.jpg,train_images/a56df9123.jpg,masks/a56df9123.png,1
61a365822.jpg,train_images/61a365822.jpg,masks/61a365822.png,1
2992fff3f.jpg,train_images/2992fff3f.jpg,masks/2992fff3f.png,1
f910b7857.jpg,train_images/f910b7857.jpg,masks/f910b7857.png,1
61f93524d.jpg,train_images/61f93524d.jpg,masks/61f93524d.png,1
81847fd11.jpg,train_images/81847fd11.jpg,masks/81847fd11.png,1
6ac1c730f.jpg,train_images/6ac1c730f.jpg,masks/6ac1c730f.png,1
30171214c.jpg,train_images/30171214c.jpg,masks/30171214c.png,1
e941885fb.jpg,train_images/e941885fb.jpg,masks/e941885fb.png,1
2fa4df2ed.jpg,train_images/2fa4df2ed.jpg,masks/2fa4df2ed.png,1
23115ad3a.jpg,train_images/23115ad3a.jpg,masks/23115ad3a.png,1
a0709a1e6.jpg,train_images/a0709a1e6.jpg,masks/a0709a1e6.png,1
23783382d.jpg,train_images/23783382d.jpg,masks/23783382d.png,1
759075283.jpg,train_images/759075283.jpg,masks/759075283.png,1
d55dd8719.jpg,train_images/d55dd8719.jpg,masks/d55dd8719.png,1
838135ec4.jpg,train_images/838135ec4.jpg,masks/838135ec4.png,1
a78f72e04.jpg,train_images/a78f72e04.jpg,masks/a78f72e04.png,1
eb4c89edf.jpg,train_images/eb4c89edf.jpg,masks/eb4c89edf.png,1
aaf12ddee.jpg,train_images/aaf12ddee.jpg,masks/aaf12ddee.png,1
9d1e2defb.jpg,train_images/9d1e2defb.jpg,masks/9d1e2defb.png,1
c3429572b.jpg,train_images/c3429572b.jpg,masks/c3429572b.png,1
ec3fe85d6.jpg,train_images/ec3fe85d6.jpg,masks/ec3fe85d6.png,1
c232eea0c.jpg,train_images/c232eea0c.jpg,masks/c232eea0c.png,1
b933f4591.jpg,train_images/b933f4591.jpg,masks/b933f4591.png,1
c34f14586.jpg,train_images/c34f14586.jpg,masks/c34f14586.png,1
d04e02d1f.jpg,train_images/d04e02d1f.jpg,masks/d04e02d1f.png,1
b79a0d30f.jpg,train_images/b79a0d30f.jpg,masks/b79a0d30f.png,1
3124b1e5c.jpg,train_images/3124b1e5c.jpg,masks/3124b1e5c.png,1
579796d67.jpg,train_images/579796d67.jpg,masks/579796d67.png,1
696b8ab21.jpg,train_images/696b8ab21.jpg,masks/696b8ab21.png,1
44b8a9dec.jpg,train_images/44b8a9dec.jpg,masks/44b8a9dec.png,1
65f9c520b.jpg,train_images/65f9c520b.jpg,masks/65f9c520b.png,1
016af13d0.jpg,train_images/016af13d0.jpg,masks/016af13d0.png,1
58f11e1cb.jpg,train_images/58f11e1cb.jpg,masks/58f11e1cb.png,1
c2a409a0b.jpg,train_images/c2a409a0b.jpg,masks/c2a409a0b.png,1
3f2a7867c.jpg,train_images/3f2a7867c.jpg,masks/3f2a7867c.png,1
15e21dfad.jpg,train_images/15e21dfad.jpg,masks/15e21dfad.png,1
b378e4122.jpg,train_images/b378e4122.jpg,masks/b378e4122.png,1
7c9351453.jpg,train_images/7c9351453.jpg,masks/7c9351453.png,1
17d02873a.jpg,train_images/17d02873a.jpg,masks/17d02873a.png,1
6149dc4ee.jpg,train_images/6149dc4ee.jpg,masks/6149dc4ee.png,1
43c0e310c.jpg,train_images/43c0e310c.jpg,masks/43c0e310c.png,1
781542bfc.jpg,train_images/781542bfc.jpg,masks/781542bfc.png,1
daf2897e4.jpg,train_images/daf2897e4.jpg,masks/daf2897e4.png,1
2ef5b3de1.jpg,train_images/2ef5b3de1.jpg,masks/2ef5b3de1.png,1
f2ce832a0.jpg,train_images/f2ce832a0.jpg,masks/f2ce832a0.png,1
117ddaa9f.jpg,train_images/117ddaa9f.jpg,masks/117ddaa9f.png,1
69f4aebe6.jpg,train_images/69f4aebe6.jpg,masks/69f4aebe6.png,1
51498e7a6.jpg,train_images/51498e7a6.jpg,masks/51498e7a6.png,1
62a62b552.jpg,train_images/62a62b552.jpg,masks/62a62b552.png,1
b4124fe84.jpg,train_images/b4124fe84.jpg,masks/b4124fe84.png,1
443f8564b.jpg,train_images/443f8564b.jpg,masks/443f8564b.png,1
69365fabd.jpg,train_images/69365fabd.jpg,masks/69365fabd.png,1
0b76bcd3a.jpg,train_images/0b76bcd3a.jpg,masks/0b76bcd3a.png,1
54c3ce6f0.jpg,train_images/54c3ce6f0.jpg,masks/54c3ce6f0.png,1
a664d8138.jpg,train_images/a664d8138.jpg,masks/a664d8138.png,1
19656c148.jpg,train_images/19656c148.jpg,masks/19656c148.png,1
e3fe831b7.jpg,train_images/e3fe831b7.jpg,masks/e3fe831b7.png,1
9822aabfc.jpg,train_images/9822aabfc.jpg,masks/9822aabfc.png,1
80de9f3e1.jpg,train_images/80de9f3e1.jpg,masks/80de9f3e1.png,1
52122168a.jpg,train_images/52122168a.jpg,masks/52122168a.png,1
a3e2c4510.jpg,train_images/a3e2c4510.jpg,masks/a3e2c4510.png,1
1988d45c4.jpg,train_images/1988d45c4.jpg,masks/1988d45c4.png,1
8248c9b1d.jpg,train_images/8248c9b1d.jpg,masks/8248c9b1d.png,1
7ff9e795d.jpg,train_images/7ff9e795d.jpg,masks/7ff9e795d.png,1
16cf961d6.jpg,train_images/16cf961d6.jpg,masks/16cf961d6.png,1
d7b0f2130.jpg,train_images/d7b0f2130.jpg,masks/d7b0f2130.png,1
25337cb38.jpg,train_images/25337cb38.jpg,masks/25337cb38.png,1
6a64ceedf.jpg,train_images/6a64ceedf.jpg,masks/6a64ceedf.png,1
7168496a4.jpg,train_images/7168496a4.jpg,masks/7168496a4.png,1
8fddb859f.jpg,train_images/8fddb859f.jpg,masks/8fddb859f.png,1
d6d2ca6e1.jpg,train_images/d6d2ca6e1.jpg,masks/d6d2ca6e1.png,1
e7268620b.jpg,train_images/e7268620b.jpg,masks/e7268620b.png,1
6985a34e0.jpg,train_images/6985a34e0.jpg,masks/6985a34e0.png,1
504e47cce.jpg,train_images/504e47cce.jpg,masks/504e47cce.png,1
0ec130695.jpg,train_images/0ec130695.jpg,masks/0ec130695.png,1
6ad67f690.jpg,train_images/6ad67f690.jpg,masks/6ad67f690.png,1
d9acdf5cd.jpg,train_images/d9acdf5cd.jpg,masks/d9acdf5cd.png,1
e078bff60.jpg,train_images/e078bff60.jpg,masks/e078bff60.png,1
cb4d72e56.jpg,train_images/cb4d72e56.jpg,masks/cb4d72e56.png,1
0984c380f.jpg,train_images/0984c380f.jpg,masks/0984c380f.png,1
c746f473d.jpg,train_images/c746f473d.jpg,masks/c746f473d.png,1
8f64891a6.jpg,train_images/8f64891a6.jpg,masks/8f64891a6.png,1
b3f7ae992.jpg,train_images/b3f7ae992.jpg,masks/b3f7ae992.png,1
ad3630cdc.jpg,train_images/ad3630cdc.jpg,masks/ad3630cdc.png,1
1dac7069c.jpg,train_images/1dac7069c.jpg,masks/1dac7069c.png,1
aad347618.jpg,train_images/aad347618.jpg,masks/aad347618.png,1
689af3e16.jpg,train_images/689af3e16.jpg,masks/689af3e16.png,1
9f15729ba.jpg,train_images/9f15729ba.jpg,masks/9f15729ba.png,1
62bf70fee.jpg,train_images/62bf70fee.jpg,masks/62bf70fee.png,1
974b07e79.jpg,train_images/974b07e79.jpg,masks/974b07e79.png,1
2776642e1.jpg,train_images/2776642e1.jpg,masks/2776642e1.png,1
1ae581a9b.jpg,train_images/1ae581a9b.jpg,masks/1ae581a9b.png,1
1cb26b10a.jpg,train_images/1cb26b10a.jpg,masks/1cb26b10a.png,1
3c4cc1168.jpg,train_images/3c4cc1168.jpg,masks/3c4cc1168.png,1
d7e693160.jpg,train_images/d7e693160.jpg,masks/d7e693160.png,1
e29d6c141.jpg,train_images/e29d6c141.jpg,masks/e29d6c141.png,1
0888e6a84.jpg,train_images/0888e6a84.jpg,masks/0888e6a84.png,1
e52f2f2de.jpg,train_images/e52f2f2de.jpg,masks/e52f2f2de.png,1
bbcf45362.jpg,train_images/bbcf45362.jpg,masks/bbcf45362.png,1
446b75ffb.jpg,train_images/446b75ffb.jpg,masks/446b75ffb.png,1
56aaf82ea.jpg,train_images/56aaf82ea.jpg,masks/56aaf82ea.png,1
8f0dcad21.jpg,train_images/8f0dcad21.jpg,masks/8f0dcad21.png,1
961333d4e.jpg,train_images/961333d4e.jpg,masks/961333d4e.png,1
229500455.jpg,train_images/229500455.jpg,masks/229500455.png,1
4d35cc84e.jpg,train_images/4d35cc84e.jpg,masks/4d35cc84e.png,1
ed9f593a2.jpg,train_images/ed9f593a2.jpg,masks/ed9f593a2.png,1
d58b336d8.jpg,train_images/d58b336d8.jpg,masks/d58b336d8.png,1
8ebd4074a.jpg,train_images/8ebd4074a.jpg,masks/8ebd4074a.png,1
edfe6ee4c.jpg,train_images/edfe6ee4c.jpg,masks/edfe6ee4c.png,1
5b6f98ba8.jpg,train_images/5b6f98ba8.jpg,masks/5b6f98ba8.png,1
8c2be5c87.jpg,train_images/8c2be5c87.jpg,masks/8c2be5c87.png,1
b732ea1f3.jpg,train_images/b732ea1f3.jpg,masks/b732ea1f3.png,1
68cc04a14.jpg,train_images/68cc04a14.jpg,masks/68cc04a14.png,1
16371ae14.jpg,train_images/16371ae14.jpg,masks/16371ae14.png,1
9c9ea5f57.jpg,train_images/9c9ea5f57.jpg,masks/9c9ea5f57.png,1
5e29012ca.jpg,train_images/5e29012ca.jpg,masks/5e29012ca.png,1
177a33f57.jpg,train_images/177a33f57.jpg,masks/177a33f57.png,1
aa7a0bcf3.jpg,train_images/aa7a0bcf3.jpg,masks/aa7a0bcf3.png,1
4854add54.jpg,train_images/4854add54.jpg,masks/4854add54.png,1
24debd5d7.jpg,train_images/24debd5d7.jpg,masks/24debd5d7.png,1
bbde78fe1.jpg,train_images/bbde78fe1.jpg,masks/bbde78fe1.png,1
d6102d7d2.jpg,train_images/d6102d7d2.jpg,masks/d6102d7d2.png,1
29dc27ca2.jpg,train_images/29dc27ca2.jpg,masks/29dc27ca2.png,1
d03dd68d9.jpg,train_images/d03dd68d9.jpg,masks/d03dd68d9.png,1
c80be4ee4.jpg,train_images/c80be4ee4.jpg,masks/c80be4ee4.png,1
42935bb3a.jpg,train_images/42935bb3a.jpg,masks/42935bb3a.png,1
5574a47da.jpg,train_images/5574a47da.jpg,masks/5574a47da.png,1
8d36899b1.jpg,train_images/8d36899b1.jpg,masks/8d36899b1.png,1
cd7d5af6d.jpg,train_images/cd7d5af6d.jpg,masks/cd7d5af6d.png,1
d665abf9d.jpg,train_images/d665abf9d.jpg,masks/d665abf9d.png,1
b5cba8cac.jpg,train_images/b5cba8cac.jpg,masks/b5cba8cac.png,1
025dc8dc8.jpg,train_images/025dc8dc8.jpg,masks/025dc8dc8.png,1
eab6bfdea.jpg,train_images/eab6bfdea.jpg,masks/eab6bfdea.png,1
6c2bee41b.jpg,train_images/6c2bee41b.jpg,masks/6c2bee41b.png,1
43c1e8a0b.jpg,train_images/43c1e8a0b.jpg,masks/43c1e8a0b.png,1
896d1ac05.jpg,train_images/896d1ac05.jpg,masks/896d1ac05.png,1
a5c7ae660.jpg,train_images/a5c7ae660.jpg,masks/a5c7ae660.png,1
759b68ebd.jpg,train_images/759b68ebd.jpg,masks/759b68ebd.png,1
352c15e36.jpg,train_images/352c15e36.jpg,masks/352c15e36.png,1
d80d59653.jpg,train_images/d80d59653.jpg,masks/d80d59653.png,1
2ec116cea.jpg,train_images/2ec116cea.jpg,masks/2ec116cea.png,1
128b708e5.jpg,train_images/128b708e5.jpg,masks/128b708e5.png,1
41e79c2f4.jpg,train_images/41e79c2f4.jpg,masks/41e79c2f4.png,1
7b0a87344.jpg,train_images/7b0a87344.jpg,masks/7b0a87344.png,1
bf6be1910.jpg,train_images/bf6be1910.jpg,masks/bf6be1910.png,1
5b5543800.jpg,train_images/5b5543800.jpg,masks/5b5543800.png,1
4aa9afc78.jpg,train_images/4aa9afc78.jpg,masks/4aa9afc78.png,1
43dac5ad5.jpg,train_images/43dac5ad5.jpg,masks/43dac5ad5.png,1
0a9aaba9a.jpg,train_images/0a9aaba9a.jpg,masks/0a9aaba9a.png,1
905404a9e.jpg,train_images/905404a9e.jpg,masks/905404a9e.png,1
f254f1765.jpg,train_images/f254f1765.jpg,masks/f254f1765.png,1
fbdc2daae.jpg,train_images/fbdc2daae.jpg,masks/fbdc2daae.png,1
0405e7c54.jpg,train_images/0405e7c54.jpg,masks/0405e7c54.png,1
195c2e0d0.jpg,train_images/195c2e0d0.jpg,masks/195c2e0d0.png,1
64361cd8b.jpg,train_images/64361cd8b.jpg,masks/64361cd8b.png,1
06e6e7a8c.jpg,train_images/06e6e7a8c.jpg,masks/06e6e7a8c.png,1
a53891ed0.jpg,train_images/a53891ed0.jpg,masks/a53891ed0.png,1
377ff90ad.jpg,train_images/377ff90ad.jpg,masks/377ff90ad.png,1
de9737017.jpg,train_images/de9737017.jpg,masks/de9737017.png,1
0a4ad45a5.jpg,train_images/0a4ad45a5.jpg,masks/0a4ad45a5.png,1
6defb795f.jpg,train_images/6defb795f.jpg,masks/6defb795f.png,1
8e5a5ca0f.jpg,train_images/8e5a5ca0f.jpg,masks/8e5a5ca0f.png,1
ada3dacbe.jpg,train_images/ada3dacbe.jpg,masks/ada3dacbe.png,1
4345c2b85.jpg,train_images/4345c2b85.jpg,masks/4345c2b85.png,1
59f0c09bb.jpg,train_images/59f0c09bb.jpg,masks/59f0c09bb.png,1
5b13aedd6.jpg,train_images/5b13aedd6.jpg,masks/5b13aedd6.png,1
def010af5.jpg,train_images/def010af5.jpg,masks/def010af5.png,1
e30ea20d9.jpg,train_images/e30ea20d9.jpg,masks/e30ea20d9.png,1
d5e8af85b.jpg,train_images/d5e8af85b.jpg,masks/d5e8af85b.png,1
6da43d9fc.jpg,train_images/6da43d9fc.jpg,masks/6da43d9fc.png,1
6057916d4.jpg,train_images/6057916d4.jpg,masks/6057916d4.png,1
3979d10ac.jpg,train_images/3979d10ac.jpg,masks/3979d10ac.png,1
6a4efceac.jpg,train_images/6a4efceac.jpg,masks/6a4efceac.png,1
b9aa11e17.jpg,train_images/b9aa11e17.jpg,masks/b9aa11e17.png,1
2f81193e3.jpg,train_images/2f81193e3.jpg,masks/2f81193e3.png,1
d44663f51.jpg,train_images/d44663f51.jpg,masks/d44663f51.png,1
3325e2266.jpg,train_images/3325e2266.jpg,masks/3325e2266.png,1
49b83d8fa.jpg,train_images/49b83d8fa.jpg,masks/49b83d8fa.png,1
695a460be.jpg,train_images/695a460be.jpg,masks/695a460be.png,1
2770fe933.jpg,train_images/2770fe933.jpg,masks/2770fe933.png,1
74048991c.jpg,train_images/74048991c.jpg,masks/74048991c.png,1
56a9e36dd.jpg,train_images/56a9e36dd.jpg,masks/56a9e36dd.png,1
c987a8155.jpg,train_images/c987a8155.jpg,masks/c987a8155.png,1
f8af268c6.jpg,train_images/f8af268c6.jpg,masks/f8af268c6.png,1
653a31140.jpg,train_images/653a31140.jpg,masks/653a31140.png,1
0141c9bf3.jpg,train_images/0141c9bf3.jpg,masks/0141c9bf3.png,1
cd3b9899c.jpg,train_images/cd3b9899c.jpg,masks/cd3b9899c.png,1
b8a69919f.jpg,train_images/b8a69919f.jpg,masks/b8a69919f.png,1
801d299ac.jpg,train_images/801d299ac.jpg,masks/801d299ac.png,1
ce4d5f713.jpg,train_images/ce4d5f713.jpg,masks/ce4d5f713.png,1
87c733c21.jpg,train_images/87c733c21.jpg,masks/87c733c21.png,1
7b5037360.jpg,train_images/7b5037360.jpg,masks/7b5037360.png,1
bd1d00d38.jpg,train_images/bd1d00d38.jpg,masks/bd1d00d38.png,1
7bf93c787.jpg,train_images/7bf93c787.jpg,masks/7bf93c787.png,1
714256911.jpg,train_images/714256911.jpg,masks/714256911.png,1
e2c4275d6.jpg,train_images/e2c4275d6.jpg,masks/e2c4275d6.png,1
9899c9114.jpg,train_images/9899c9114.jpg,masks/9899c9114.png,1
0498abd18.jpg,train_images/0498abd18.jpg,masks/0498abd18.png,1
f01e4eec6.jpg,train_images/f01e4eec6.jpg,masks/f01e4eec6.png,1
08d5bd03d.jpg,train_images/08d5bd03d.jpg,masks/08d5bd03d.png,1
acbe1e2c1.jpg,train_images/acbe1e2c1.jpg,masks/acbe1e2c1.png,1
242894fc4.jpg,train_images/242894fc4.jpg,masks/242894fc4.png,1
d9a63b372.jpg,train_images/d9a63b372.jpg,masks/d9a63b372.png,1
9406cb49a.jpg,train_images/9406cb49a.jpg,masks/9406cb49a.png,1
6da4236e0.jpg,train_images/6da4236e0.jpg,masks/6da4236e0.png,1
b8f1c53e2.jpg,train_images/b8f1c53e2.jpg,masks/b8f1c53e2.png,1
dcfd9b8c4.jpg,train_images/dcfd9b8c4.jpg,masks/dcfd9b8c4.png,1
7a961ae18.jpg,train_images/7a961ae18.jpg,masks/7a961ae18.png,1
333832839.jpg,train_images/333832839.jpg,masks/333832839.png,1
413bf04b0.jpg,train_images/413bf04b0.jpg,masks/413bf04b0.png,1
a33d86440.jpg,train_images/a33d86440.jpg,masks/a33d86440.png,1
98f108423.jpg,train_images/98f108423.jpg,masks/98f108423.png,1
94947e1f9.jpg,train_images/94947e1f9.jpg,masks/94947e1f9.png,1
07c8c77a3.jpg,train_images/07c8c77a3.jpg,masks/07c8c77a3.png,1
9db392648.jpg,train_images/9db392648.jpg,masks/9db392648.png,1
24c9c291d.jpg,train_images/24c9c291d.jpg,masks/24c9c291d.png,1
3a9bcbdbf.jpg,train_images/3a9bcbdbf.jpg,masks/3a9bcbdbf.png,1
690afc09e.jpg,train_images/690afc09e.jpg,masks/690afc09e.png,1
0ecf31314.jpg,train_images/0ecf31314.jpg,masks/0ecf31314.png,1
f1e00a7fb.jpg,train_images/f1e00a7fb.jpg,masks/f1e00a7fb.png,1
33754aa9b.jpg,train_images/33754aa9b.jpg,masks/33754aa9b.png,1
27b1670da.jpg,train_images/27b1670da.jpg,masks/27b1670da.png,1
2d37a1ebe.jpg,train_images/2d37a1ebe.jpg,masks/2d37a1ebe.png,1
7c77632e8.jpg,train_images/7c77632e8.jpg,masks/7c77632e8.png,1
5aa1c319d.jpg,train_images/5aa1c319d.jpg,masks/5aa1c319d.png,1
f1699acad.jpg,train_images/f1699acad.jpg,masks/f1699acad.png,1
fb6666769.jpg,train_images/fb6666769.jpg,masks/fb6666769.png,1
21ea71d4a.jpg,train_images/21ea71d4a.jpg,masks/21ea71d4a.png,1
8ebc9cadc.jpg,train_images/8ebc9cadc.jpg,masks/8ebc9cadc.png,1
4014d6f31.jpg,train_images/4014d6f31.jpg,masks/4014d6f31.png,1
aac764a88.jpg,train_images/aac764a88.jpg,masks/aac764a88.png,1
09552b326.jpg,train_images/09552b326.jpg,masks/09552b326.png,1
5dd5484fc.jpg,train_images/5dd5484fc.jpg,masks/5dd5484fc.png,1
2c18ac76d.jpg,train_images/2c18ac76d.jpg,masks/2c18ac76d.png,1
86f4141ce.jpg,train_images/86f4141ce.jpg,masks/86f4141ce.png,1
dc499be11.jpg,train_images/dc499be11.jpg,masks/dc499be11.png,1
cd0c2417f.jpg,train_images/cd0c2417f.jpg,masks/cd0c2417f.png,1
d11130898.jpg,train_images/d11130898.jpg,masks/d11130898.png,1
3158e73b2.jpg,train_images/3158e73b2.jpg,masks/3158e73b2.png,1
195a41c2d.jpg,train_images/195a41c2d.jpg,masks/195a41c2d.png,1
cb094c2cb.jpg,train_images/cb094c2cb.jpg,masks/cb094c2cb.png,1
73a4c6d1f.jpg,train_images/73a4c6d1f.jpg,masks/73a4c6d1f.png,1
d048a5a71.jpg,train_images/d048a5a71.jpg,masks/d048a5a71.png,1
79679dd6a.jpg,train_images/79679dd6a.jpg,masks/79679dd6a.png,1
1513b40a0.jpg,train_images/1513b40a0.jpg,masks/1513b40a0.png,1
e1bc34727.jpg,train_images/e1bc34727.jpg,masks/e1bc34727.png,1
2e8733afa.jpg,train_images/2e8733afa.jpg,masks/2e8733afa.png,1
6ed5cee50.jpg,train_images/6ed5cee50.jpg,masks/6ed5cee50.png,1
9eeadb0f5.jpg,train_images/9eeadb0f5.jpg,masks/9eeadb0f5.png,1
bea834c94.jpg,train_images/bea834c94.jpg,masks/bea834c94.png,1
a65d823b7.jpg,train_images/a65d823b7.jpg,masks/a65d823b7.png,1
519e11f0b.jpg,train_images/519e11f0b.jpg,masks/519e11f0b.png,1
1f7b64701.jpg,train_images/1f7b64701.jpg,masks/1f7b64701.png,1
24528b550.jpg,train_images/24528b550.jpg,masks/24528b550.png,1
b0bd510db.jpg,train_images/b0bd510db.jpg,masks/b0bd510db.png,1
e03dd6e96.jpg,train_images/e03dd6e96.jpg,masks/e03dd6e96.png,1
83476e834.jpg,train_images/83476e834.jpg,masks/83476e834.png,1
523fee62c.jpg,train_images/523fee62c.jpg,masks/523fee62c.png,1
ee1450e82.jpg,train_images/ee1450e82.jpg,masks/ee1450e82.png,1
ee65fc6d8.jpg,train_images/ee65fc6d8.jpg,masks/ee65fc6d8.png,1
ab3fed191.jpg,train_images/ab3fed191.jpg,masks/ab3fed191.png,1
d7a966551.jpg,train_images/d7a966551.jpg,masks/d7a966551.png,1
9b40d78e0.jpg,train_images/9b40d78e0.jpg,masks/9b40d78e0.png,1
39b2dbb9b.jpg,train_images/39b2dbb9b.jpg,masks/39b2dbb9b.png,1
8417eb22d.jpg,train_images/8417eb22d.jpg,masks/8417eb22d.png,1
d6dab923a.jpg,train_images/d6dab923a.jpg,masks/d6dab923a.png,1
71c2116d8.jpg,train_images/71c2116d8.jpg,masks/71c2116d8.png,1
cfedba84c.jpg,train_images/cfedba84c.jpg,masks/cfedba84c.png,1
b9dbbf8ac.jpg,train_images/b9dbbf8ac.jpg,masks/b9dbbf8ac.png,1
ace8c1151.jpg,train_images/ace8c1151.jpg,masks/ace8c1151.png,1
123b0882e.jpg,train_images/123b0882e.jpg,masks/123b0882e.png,1
7ba0bbe30.jpg,train_images/7ba0bbe30.jpg,masks/7ba0bbe30.png,1
031f334ec.jpg,train_images/031f334ec.jpg,masks/031f334ec.png,1
8872fe6db.jpg,train_images/8872fe6db.jpg,masks/8872fe6db.png,1
4499aaa80.jpg,train_images/4499aaa80.jpg,masks/4499aaa80.png,1
8aaf235ef.jpg,train_images/8aaf235ef.jpg,masks/8aaf235ef.png,1
522d34082.jpg,train_images/522d34082.jpg,masks/522d34082.png,1
39b8cb37a.jpg,train_images/39b8cb37a.jpg,masks/39b8cb37a.png,1
7e6015fc5.jpg,train_images/7e6015fc5.jpg,masks/7e6015fc5.png,1
5810e2d40.jpg,train_images/5810e2d40.jpg,masks/5810e2d40.png,1
2e4fefc28.jpg,train_images/2e4fefc28.jpg,masks/2e4fefc28.png,1
3b4c484d0.jpg,train_images/3b4c484d0.jpg,masks/3b4c484d0.png,1
eeffa4c49.jpg,train_images/eeffa4c49.jpg,masks/eeffa4c49.png,1
1c97d1861.jpg,train_images/1c97d1861.jpg,masks/1c97d1861.png,1
e7d7c87e2.jpg,train_images/e7d7c87e2.jpg,masks/e7d7c87e2.png,1
f14cec989.jpg,train_images/f14cec989.jpg,masks/f14cec989.png,1
044700866.jpg,train_images/044700866.jpg,masks/044700866.png,1
7d0ee3cd7.jpg,train_images/7d0ee3cd7.jpg,masks/7d0ee3cd7.png,1
eb2008abd.jpg,train_images/eb2008abd.jpg,masks/eb2008abd.png,1
484439824.jpg,train_images/484439824.jpg,masks/484439824.png,1
20e93e1cb.jpg,train_images/20e93e1cb.jpg,masks/20e93e1cb.png,1
62a9535b1.jpg,train_images/62a9535b1.jpg,masks/62a9535b1.png,1
8f31ce4d8.jpg,train_images/8f31ce4d8.jpg,masks/8f31ce4d8.png,1
650ae9b05.jpg,train_images/650ae9b05.jpg,masks/650ae9b05.png,1
fcce5b9cc.jpg,train_images/fcce5b9cc.jpg,masks/fcce5b9cc.png,1
9170e3614.jpg,train_images/9170e3614.jpg,masks/9170e3614.png,1
d57873aaa.jpg,train_images/d57873aaa.jpg,masks/d57873aaa.png,1
b3a8bd174.jpg,train_images/b3a8bd174.jpg,masks/b3a8bd174.png,1
bd70c4b99.jpg,train_images/bd70c4b99.jpg,masks/bd70c4b99.png,1
8c2a5c8f7.jpg,train_images/8c2a5c8f7.jpg,masks/8c2a5c8f7.png,1
4803fc0ae.jpg,train_images/4803fc0ae.jpg,masks/4803fc0ae.png,1
6cf26b38c.jpg,train_images/6cf26b38c.jpg,masks/6cf26b38c.png,1
19ab4c335.jpg,train_images/19ab4c335.jpg,masks/19ab4c335.png,1
6afbf77ec.jpg,train_images/6afbf77ec.jpg,masks/6afbf77ec.png,1
bdee0e677.jpg,train_images/bdee0e677.jpg,masks/bdee0e677.png,1
45b946123.jpg,train_images/45b946123.jpg,masks/45b946123.png,1
8e53eee1d.jpg,train_images/8e53eee1d.jpg,masks/8e53eee1d.png,1
9ff2aa5c5.jpg,train_images/9ff2aa5c5.jpg,masks/9ff2aa5c5.png,1
e22b027ee.jpg,train_images/e22b027ee.jpg,masks/e22b027ee.png,1
4422bc417.jpg,train_images/4422bc417.jpg,masks/4422bc417.png,1
2749c24a9.jpg,train_images/2749c24a9.jpg,masks/2749c24a9.png,1
ff300484e.jpg,train_images/ff300484e.jpg,masks/ff300484e.png,1
0ce18d9e2.jpg,train_images/0ce18d9e2.jpg,masks/0ce18d9e2.png,1
addd390e9.jpg,train_images/addd390e9.jpg,masks/addd390e9.png,1
a4d9a97f6.jpg,train_images/a4d9a97f6.jpg,masks/a4d9a97f6.png,1
ea9f9985a.jpg,train_images/ea9f9985a.jpg,masks/ea9f9985a.png,1
58ee62fd7.jpg,train_images/58ee62fd7.jpg,masks/58ee62fd7.png,1
b001f0e9b.jpg,train_images/b001f0e9b.jpg,masks/b001f0e9b.png,1
4c8759dd0.jpg,train_images/4c8759dd0.jpg,masks/4c8759dd0.png,1
1f06bd0a5.jpg,train_images/1f06bd0a5.jpg,masks/1f06bd0a5.png,1
ae41ecb3f.jpg,train_images/ae41ecb3f.jpg,masks/ae41ecb3f.png,1
8d5f90317.jpg,train_images/8d5f90317.jpg,masks/8d5f90317.png,1
a434d334f.jpg,train_images/a434d334f.jpg,masks/a434d334f.png,1
19c3a9c48.jpg,train_images/19c3a9c48.jpg,masks/19c3a9c48.png,1
6753759e0.jpg,train_images/6753759e0.jpg,masks/6753759e0.png,1
6fdf2d1be.jpg,train_images/6fdf2d1be.jpg,masks/6fdf2d1be.png,1
b78629be2.jpg,train_images/b78629be2.jpg,masks/b78629be2.png,1
a0d19387f.jpg,train_images/a0d19387f.jpg,masks/a0d19387f.png,1
046282f58.jpg,train_images/046282f58.jpg,masks/046282f58.png,1
2c7e26f0d.jpg,train_images/2c7e26f0d.jpg,masks/2c7e26f0d.png,1
42353cc21.jpg,train_images/42353cc21.jpg,masks/42353cc21.png,1
8f38c1314.jpg,train_images/8f38c1314.jpg,masks/8f38c1314.png,1
d25a11fdd.jpg,train_images/d25a11fdd.jpg,masks/d25a11fdd.png,1
e8fefd824.jpg,train_images/e8fefd824.jpg,masks/e8fefd824.png,1
a81499b19.jpg,train_images/a81499b19.jpg,masks/a81499b19.png,1
49e3afca8.jpg,train_images/49e3afca8.jpg,masks/49e3afca8.png,1
0bee4edeb.jpg,train_images/0bee4edeb.jpg,masks/0bee4edeb.png,1
56de9f0d1.jpg,train_images/56de9f0d1.jpg,masks/56de9f0d1.png,1
e40e068f3.jpg,train_images/e40e068f3.jpg,masks/e40e068f3.png,1
33f34b728.jpg,train_images/33f34b728.jpg,masks/33f34b728.png,1
9d64b3372.jpg,train_images/9d64b3372.jpg,masks/9d64b3372.png,1
537e66c26.jpg,train_images/537e66c26.jpg,masks/537e66c26.png,1
1c6625114.jpg,train_images/1c6625114.jpg,masks/1c6625114.png,1
8dce4f71f.jpg,train_images/8dce4f71f.jpg,masks/8dce4f71f.png,1
6812ce51c.jpg,train_images/6812ce51c.jpg,masks/6812ce51c.png,1
a753532d6.jpg,train_images/a753532d6.jpg,masks/a753532d6.png,1
9958480e2.jpg,train_images/9958480e2.jpg,masks/9958480e2.png,1
a13437817.jpg,train_images/a13437817.jpg,masks/a13437817.png,1
74abdf1ef.jpg,train_images/74abdf1ef.jpg,masks/74abdf1ef.png,1
eb1195bcc.jpg,train_images/eb1195bcc.jpg,masks/eb1195bcc.png,1
3684a95a8.jpg,train_images/3684a95a8.jpg,masks/3684a95a8.png,1
cbb659739.jpg,train_images/cbb659739.jpg,masks/cbb659739.png,1
74443f387.jpg,train_images/74443f387.jpg,masks/74443f387.png,1
27b7ce725.jpg,train_images/27b7ce725.jpg,masks/27b7ce725.png,1
b023d90ff.jpg,train_images/b023d90ff.jpg,masks/b023d90ff.png,1
1ec98acac.jpg,train_images/1ec98acac.jpg,masks/1ec98acac.png,1
b38f593fd.jpg,train_images/b38f593fd.jpg,masks/b38f593fd.png,1
a5f996baa.jpg,train_images/a5f996baa.jpg,masks/a5f996baa.png,1
74bb2c5ff.jpg,train_images/74bb2c5ff.jpg,masks/74bb2c5ff.png,1
73d381ad2.jpg,train_images/73d381ad2.jpg,masks/73d381ad2.png,1
534dacff6.jpg,train_images/534dacff6.jpg,masks/534dacff6.png,1
a9945ecd5.jpg,train_images/a9945ecd5.jpg,masks/a9945ecd5.png,1
0294f23c0.jpg,train_images/0294f23c0.jpg,masks/0294f23c0.png,1
07ba16aba.jpg,train_images/07ba16aba.jpg,masks/07ba16aba.png,1
57314986d.jpg,train_images/57314986d.jpg,masks/57314986d.png,1
3a4edbde9.jpg,train_images/3a4edbde9.jpg,masks/3a4edbde9.png,1
6218cd94a.jpg,train_images/6218cd94a.jpg,masks/6218cd94a.png,1
adbe07a60.jpg,train_images/adbe07a60.jpg,masks/adbe07a60.png,1
5b175c18c.jpg,train_images/5b175c18c.jpg,masks/5b175c18c.png,1
7a2908c51.jpg,train_images/7a2908c51.jpg,masks/7a2908c51.png,1
5ba43097d.jpg,train_images/5ba43097d.jpg,masks/5ba43097d.png,1
d1cd969d5.jpg,train_images/d1cd969d5.jpg,masks/d1cd969d5.png,1
a75ec2a42.jpg,train_images/a75ec2a42.jpg,masks/a75ec2a42.png,1
682271cbc.jpg,train_images/682271cbc.jpg,masks/682271cbc.png,1
74ae351dd.jpg,train_images/74ae351dd.jpg,masks/74ae351dd.png,1
200992bc9.jpg,train_images/200992bc9.jpg,masks/200992bc9.png,1
575e5be94.jpg,train_images/575e5be94.jpg,masks/575e5be94.png,1
8e8404fe0.jpg,train_images/8e8404fe0.jpg,masks/8e8404fe0.png,1
313c72ff8.jpg,train_images/313c72ff8.jpg,masks/313c72ff8.png,1
8c85e9faa.jpg,train_images/8c85e9faa.jpg,masks/8c85e9faa.png,1
286d2eb1c.jpg,train_images/286d2eb1c.jpg,masks/286d2eb1c.png,1
ead253ed7.jpg,train_images/ead253ed7.jpg,masks/ead253ed7.png,1
29936b461.jpg,train_images/29936b461.jpg,masks/29936b461.png,1
848a1b795.jpg,train_images/848a1b795.jpg,masks/848a1b795.png,1
a3c3733cd.jpg,train_images/a3c3733cd.jpg,masks/a3c3733cd.png,1
e66eb3d68.jpg,train_images/e66eb3d68.jpg,masks/e66eb3d68.png,1
a7e675896.jpg,train_images/a7e675896.jpg,masks/a7e675896.png,1
586b86560.jpg,train_images/586b86560.jpg,masks/586b86560.png,1
0988e13e7.jpg,train_images/0988e13e7.jpg,masks/0988e13e7.png,1
aeb94b95f.jpg,train_images/aeb94b95f.jpg,masks/aeb94b95f.png,1
9307b3de8.jpg,train_images/9307b3de8.jpg,masks/9307b3de8.png,1
9589d49ee.jpg,train_images/9589d49ee.jpg,masks/9589d49ee.png,1
594d97d26.jpg,train_images/594d97d26.jpg,masks/594d97d26.png,1
9ba68fdaa.jpg,train_images/9ba68fdaa.jpg,masks/9ba68fdaa.png,1
e0ad8fed3.jpg,train_images/e0ad8fed3.jpg,masks/e0ad8fed3.png,1
2a74520ed.jpg,train_images/2a74520ed.jpg,masks/2a74520ed.png,1
d6505b987.jpg,train_images/d6505b987.jpg,masks/d6505b987.png,1
4f9b3eee7.jpg,train_images/4f9b3eee7.jpg,masks/4f9b3eee7.png,1
0adc17f1d.jpg,train_images/0adc17f1d.jpg,masks/0adc17f1d.png,1
af4d2ee24.jpg,train_images/af4d2ee24.jpg,masks/af4d2ee24.png,1
b8b03dcfe.jpg,train_images/b8b03dcfe.jpg,masks/b8b03dcfe.png,1
bb765d50c.jpg,train_images/bb765d50c.jpg,masks/bb765d50c.png,1
4784189ec.jpg,train_images/4784189ec.jpg,masks/4784189ec.png,1
ceab96202.jpg,train_images/ceab96202.jpg,masks/ceab96202.png,1
e36a70d40.jpg,train_images/e36a70d40.jpg,masks/e36a70d40.png,1
d762461d5.jpg,train_images/d762461d5.jpg,masks/d762461d5.png,1
8ac4ba80d.jpg,train_images/8ac4ba80d.jpg,masks/8ac4ba80d.png,1
aa61a5c9f.jpg,train_images/aa61a5c9f.jpg,masks/aa61a5c9f.png,1
2e8f2ddb8.jpg,train_images/2e8f2ddb8.jpg,masks/2e8f2ddb8.png,1
ac39eca81.jpg,train_images/ac39eca81.jpg,masks/ac39eca81.png,1
403a0cb2e.jpg,train_images/403a0cb2e.jpg,masks/403a0cb2e.png,1
b1623b91f.jpg,train_images/b1623b91f.jpg,masks/b1623b91f.png,1
72bd7d348.jpg,train_images/72bd7d348.jpg,masks/72bd7d348.png,1
86ded721f.jpg,train_images/86ded721f.jpg,masks/86ded721f.png,1
6f74d9e70.jpg,train_images/6f74d9e70.jpg,masks/6f74d9e70.png,1
b29f4c4ed.jpg,train_images/b29f4c4ed.jpg,masks/b29f4c4ed.png,1
8d4e680c6.jpg,train_images/8d4e680c6.jpg,masks/8d4e680c6.png,1
ea8e93bb5.jpg,train_images/ea8e93bb5.jpg,masks/ea8e93bb5.png,1
ac15719f1.jpg,train_images/ac15719f1.jpg,masks/ac15719f1.png,1
11b37e4d7.jpg,train_images/11b37e4d7.jpg,masks/11b37e4d7.png,1
9ca4a3d92.jpg,train_images/9ca4a3d92.jpg,masks/9ca4a3d92.png,1
eed32de1b.jpg,train_images/eed32de1b.jpg,masks/eed32de1b.png,1
c539c7336.jpg,train_images/c539c7336.jpg,masks/c539c7336.png,1
936e1759a.jpg,train_images/936e1759a.jpg,masks/936e1759a.png,1
06b384e78.jpg,train_images/06b384e78.jpg,masks/06b384e78.png,1
c4aeca424.jpg,train_images/c4aeca424.jpg,masks/c4aeca424.png,1
4f89dd316.jpg,train_images/4f89dd316.jpg,masks/4f89dd316.png,1
01df77e59.jpg,train_images/01df77e59.jpg,masks/01df77e59.png,1
1561eb657.jpg,train_images/1561eb657.jpg,masks/1561eb657.png,1
47d3379c1.jpg,train_images/47d3379c1.jpg,masks/47d3379c1.png,1
59849c3de.jpg,train_images/59849c3de.jpg,masks/59849c3de.png,1
2694c98fb.jpg,train_images/2694c98fb.jpg,masks/2694c98fb.png,1
e808d020e.jpg,train_images/e808d020e.jpg,masks/e808d020e.png,1
e8aacce9c.jpg,train_images/e8aacce9c.jpg,masks/e8aacce9c.png,1
79c106c42.jpg,train_images/79c106c42.jpg,masks/79c106c42.png,1
b5352d213.jpg,train_images/b5352d213.jpg,masks/b5352d213.png,1
684c99351.jpg,train_images/684c99351.jpg,masks/684c99351.png,1
61b4b7771.jpg,train_images/61b4b7771.jpg,masks/61b4b7771.png,1
3f36e2d85.jpg,train_images/3f36e2d85.jpg,masks/3f36e2d85.png,1
b23512d3b.jpg,train_images/b23512d3b.jpg,masks/b23512d3b.png,1
6791c36e9.jpg,train_images/6791c36e9.jpg,masks/6791c36e9.png,1
75361926d.jpg,train_images/75361926d.jpg,masks/75361926d.png,1
f6565a40a.jpg,train_images/f6565a40a.jpg,masks/f6565a40a.png,1
d9a5c3aae.jpg,train_images/d9a5c3aae.jpg,masks/d9a5c3aae.png,1
2283f2183.jpg,train_images/2283f2183.jpg,masks/2283f2183.png,1
2e8489244.jpg,train_images/2e8489244.jpg,masks/2e8489244.png,1
5613bb745.jpg,train_images/5613bb745.jpg,masks/5613bb745.png,1
32dca5f32.jpg,train_images/32dca5f32.jpg,masks/32dca5f32.png,1
6d9559d13.jpg,train_images/6d9559d13.jpg,masks/6d9559d13.png,1
786980ab9.jpg,train_images/786980ab9.jpg,masks/786980ab9.png,1
e7c915edc.jpg,train_images/e7c915edc.jpg,masks/e7c915edc.png,1
1fe327594.jpg,train_images/1fe327594.jpg,masks/1fe327594.png,1
07ac7620c.jpg,train_images/07ac7620c.jpg,masks/07ac7620c.png,1
b9fc6b359.jpg,train_images/b9fc6b359.jpg,masks/b9fc6b359.png,1
1bed9264f.jpg,train_images/1bed9264f.jpg,masks/1bed9264f.png,1
bde2a33eb.jpg,train_images/bde2a33eb.jpg,masks/bde2a33eb.png,1
93851869f.jpg,train_images/93851869f.jpg,masks/93851869f.png,1
910ad3edf.jpg,train_images/910ad3edf.jpg,masks/910ad3edf.png,1
cd6365314.jpg,train_images/cd6365314.jpg,masks/cd6365314.png,1
ddf1692c2.jpg,train_images/ddf1692c2.jpg,masks/ddf1692c2.png,1
61a0d669a.jpg,train_images/61a0d669a.jpg,masks/61a0d669a.png,1
9eb76f829.jpg,train_images/9eb76f829.jpg,masks/9eb76f829.png,1
4b09a3911.jpg,train_images/4b09a3911.jpg,masks/4b09a3911.png,1
ae9976755.jpg,train_images/ae9976755.jpg,masks/ae9976755.png,1
f8c41046b.jpg,train_images/f8c41046b.jpg,masks/f8c41046b.png,1
76ff61cb4.jpg,train_images/76ff61cb4.jpg,masks/76ff61cb4.png,1
0b1235e38.jpg,train_images/0b1235e38.jpg,masks/0b1235e38.png,1
de1983d54.jpg,train_images/de1983d54.jpg,masks/de1983d54.png,1
91222b4c9.jpg,train_images/91222b4c9.jpg,masks/91222b4c9.png,1
9270f72ac.jpg,train_images/9270f72ac.jpg,masks/9270f72ac.png,1
9f43931af.jpg,train_images/9f43931af.jpg,masks/9f43931af.png,1
1efff24a0.jpg,train_images/1efff24a0.jpg,masks/1efff24a0.png,1
8cb91efdd.jpg,train_images/8cb91efdd.jpg,masks/8cb91efdd.png,1
e9a938877.jpg,train_images/e9a938877.jpg,masks/e9a938877.png,1
47cee01b1.jpg,train_images/47cee01b1.jpg,masks/47cee01b1.png,1
9804396ef.jpg,train_images/9804396ef.jpg,masks/9804396ef.png,1
2999deba3.jpg,train_images/2999deba3.jpg,masks/2999deba3.png,1
6bdf447c5.jpg,train_images/6bdf447c5.jpg,masks/6bdf447c5.png,1
57f9b3eae.jpg,train_images/57f9b3eae.jpg,masks/57f9b3eae.png,1
f94569eb5.jpg,train_images/f94569eb5.jpg,masks/f94569eb5.png,1
f63e8c97f.jpg,train_images/f63e8c97f.jpg,masks/f63e8c97f.png,1
adc257b59.jpg,train_images/adc257b59.jpg,masks/adc257b59.png,1
6b3cdd9d1.jpg,train_images/6b3cdd9d1.jpg,masks/6b3cdd9d1.png,1
5727d7f96.jpg,train_images/5727d7f96.jpg,masks/5727d7f96.png,1
6430ea237.jpg,train_images/6430ea237.jpg,masks/6430ea237.png,1
744c6de01.jpg,train_images/744c6de01.jpg,masks/744c6de01.png,1
638b05d55.jpg,train_images/638b05d55.jpg,masks/638b05d55.png,1
f5dbf6137.jpg,train_images/f5dbf6137.jpg,masks/f5dbf6137.png,1
c7423a8c8.jpg,train_images/c7423a8c8.jpg,masks/c7423a8c8.png,1
ae9c7966a.jpg,train_images/ae9c7966a.jpg,masks/ae9c7966a.png,1
740dac02b.jpg,train_images/740dac02b.jpg,masks/740dac02b.png,1
72bebf035.jpg,train_images/72bebf035.jpg,masks/72bebf035.png,1
0841074c1.jpg,train_images/0841074c1.jpg,masks/0841074c1.png,1
f444c57a7.jpg,train_images/f444c57a7.jpg,masks/f444c57a7.png,1
fc4f997c5.jpg,train_images/fc4f997c5.jpg,masks/fc4f997c5.png,1
ae35b6067.jpg,train_images/ae35b6067.jpg,masks/ae35b6067.png,1
c5b08d4e3.jpg,train_images/c5b08d4e3.jpg,masks/c5b08d4e3.png,1
1a4039711.jpg,train_images/1a4039711.jpg,masks/1a4039711.png,1
8beef62a7.jpg,train_images/8beef62a7.jpg,masks/8beef62a7.png,1
31716f6ae.jpg,train_images/31716f6ae.jpg,masks/31716f6ae.png,1
012f26693.jpg,train_images/012f26693.jpg,masks/012f26693.png,1
9612cf3ee.jpg,train_images/9612cf3ee.jpg,masks/9612cf3ee.png,1
74aedfa3c.jpg,train_images/74aedfa3c.jpg,masks/74aedfa3c.png,1
a8de477f0.jpg,train_images/a8de477f0.jpg,masks/a8de477f0.png,1
42527400c.jpg,train_images/42527400c.jpg,masks/42527400c.png,1
a689f4047.jpg,train_images/a689f4047.jpg,masks/a689f4047.png,1
1086196e1.jpg,train_images/1086196e1.jpg,masks/1086196e1.png,1
a9e1fc1bc.jpg,train_images/a9e1fc1bc.jpg,masks/a9e1fc1bc.png,1
6b7e04658.jpg,train_images/6b7e04658.jpg,masks/6b7e04658.png,1
498b9c526.jpg,train_images/498b9c526.jpg,masks/498b9c526.png,1
f0437a9c3.jpg,train_images/f0437a9c3.jpg,masks/f0437a9c3.png,1
785c2aeb5.jpg,train_images/785c2aeb5.jpg,masks/785c2aeb5.png,1
a35e7e370.jpg,train_images/a35e7e370.jpg,masks/a35e7e370.png,1
9426ce32a.jpg,train_images/9426ce32a.jpg,masks/9426ce32a.png,1
460e2213c.jpg,train_images/460e2213c.jpg,masks/460e2213c.png,1
488c35cf9.jpg,train_images/488c35cf9.jpg,masks/488c35cf9.png,1
69071acbc.jpg,train_images/69071acbc.jpg,masks/69071acbc.png,1
14fb9778c.jpg,train_images/14fb9778c.jpg,masks/14fb9778c.png,1
2232e0c11.jpg,train_images/2232e0c11.jpg,masks/2232e0c11.png,1
f508bc529.jpg,train_images/f508bc529.jpg,masks/f508bc529.png,1
87a5ac2f8.jpg,train_images/87a5ac2f8.jpg,masks/87a5ac2f8.png,1
8364a4654.jpg,train_images/8364a4654.jpg,masks/8364a4654.png,1
3974a2a75.jpg,train_images/3974a2a75.jpg,masks/3974a2a75.png,1
9531c4b99.jpg,train_images/9531c4b99.jpg,masks/9531c4b99.png,1
d7221e8ce.jpg,train_images/d7221e8ce.jpg,masks/d7221e8ce.png,1
db7670e3e.jpg,train_images/db7670e3e.jpg,masks/db7670e3e.png,1
f0a08a10c.jpg,train_images/f0a08a10c.jpg,masks/f0a08a10c.png,1
49cf406c7.jpg,train_images/49cf406c7.jpg,masks/49cf406c7.png,1
f7cdbc185.jpg,train_images/f7cdbc185.jpg,masks/f7cdbc185.png,1
c5fa2923b.jpg,train_images/c5fa2923b.jpg,masks/c5fa2923b.png,1
2bdb48c91.jpg,train_images/2bdb48c91.jpg,masks/2bdb48c91.png,1
34d5479f3.jpg,train_images/34d5479f3.jpg,masks/34d5479f3.png,1
d81f90b35.jpg,train_images/d81f90b35.jpg,masks/d81f90b35.png,1
80e2353c4.jpg,train_images/80e2353c4.jpg,masks/80e2353c4.png,1
2f2053eff.jpg,train_images/2f2053eff.jpg,masks/2f2053eff.png,1
aa029b4a0.jpg,train_images/aa029b4a0.jpg,masks/aa029b4a0.png,1
0b5051d9f.jpg,train_images/0b5051d9f.jpg,masks/0b5051d9f.png,1
02bf279c9.jpg,train_images/02bf279c9.jpg,masks/02bf279c9.png,1
a5a0e4b19.jpg,train_images/a5a0e4b19.jpg,masks/a5a0e4b19.png,1
d0a4de7c8.jpg,train_images/d0a4de7c8.jpg,masks/d0a4de7c8.png,1
ea168de6c.jpg,train_images/ea168de6c.jpg,masks/ea168de6c.png,1
43a450e62.jpg,train_images/43a450e62.jpg,masks/43a450e62.png,1
5f121bfff.jpg,train_images/5f121bfff.jpg,masks/5f121bfff.png,1
ed69c5fcf.jpg,train_images/ed69c5fcf.jpg,masks/ed69c5fcf.png,1
174af9fd6.jpg,train_images/174af9fd6.jpg,masks/174af9fd6.png,1
9be9c98eb.jpg,train_images/9be9c98eb.jpg,masks/9be9c98eb.png,1
c23ef14ee.jpg,train_images/c23ef14ee.jpg,masks/c23ef14ee.png,1
130e11be6.jpg,train_images/130e11be6.jpg,masks/130e11be6.png,1
fb9558035.jpg,train_images/fb9558035.jpg,masks/fb9558035.png,1
2b0d476d6.jpg,train_images/2b0d476d6.jpg,masks/2b0d476d6.png,1
f2a7da76d.jpg,train_images/f2a7da76d.jpg,masks/f2a7da76d.png,1
b641f8ae5.jpg,train_images/b641f8ae5.jpg,masks/b641f8ae5.png,1
b37a57736.jpg,train_images/b37a57736.jpg,masks/b37a57736.png,1
98d2c50b7.jpg,train_images/98d2c50b7.jpg,masks/98d2c50b7.png,1
b0a1cec01.jpg,train_images/b0a1cec01.jpg,masks/b0a1cec01.png,1
ef5c1b08e.jpg,train_images/ef5c1b08e.jpg,masks/ef5c1b08e.png,1
cb93f342e.jpg,train_images/cb93f342e.jpg,masks/cb93f342e.png,1
6c8b1519e.jpg,train_images/6c8b1519e.jpg,masks/6c8b1519e.png,1
21ef20784.jpg,train_images/21ef20784.jpg,masks/21ef20784.png,1
556e12633.jpg,train_images/556e12633.jpg,masks/556e12633.png,1
e3988634c.jpg,train_images/e3988634c.jpg,masks/e3988634c.png,1
86b7dbfe8.jpg,train_images/86b7dbfe8.jpg,masks/86b7dbfe8.png,1
08f0b26ac.jpg,train_images/08f0b26ac.jpg,masks/08f0b26ac.png,1
73d4dae19.jpg,train_images/73d4dae19.jpg,masks/73d4dae19.png,1
63d8f0be1.jpg,train_images/63d8f0be1.jpg,masks/63d8f0be1.png,1
ecb3a4be6.jpg,train_images/ecb3a4be6.jpg,masks/ecb3a4be6.png,1
a09a889b2.jpg,train_images/a09a889b2.jpg,masks/a09a889b2.png,1
b95e49245.jpg,train_images/b95e49245.jpg,masks/b95e49245.png,1
aefa93267.jpg,train_images/aefa93267.jpg,masks/aefa93267.png,1
63adb88f1.jpg,train_images/63adb88f1.jpg,masks/63adb88f1.png,1
008621629.jpg,train_images/008621629.jpg,masks/008621629.png,1
25f9a8622.jpg,train_images/25f9a8622.jpg,masks/25f9a8622.png,1
30e863a30.jpg,train_images/30e863a30.jpg,masks/30e863a30.png,1
2a95756e7.jpg,train_images/2a95756e7.jpg,masks/2a95756e7.png,1
b2854eaff.jpg,train_images/b2854eaff.jpg,masks/b2854eaff.png,1
4edff9648.jpg,train_images/4edff9648.jpg,masks/4edff9648.png,1
fc2d2d29e.jpg,train_images/fc2d2d29e.jpg,masks/fc2d2d29e.png,1
ab0010546.jpg,train_images/ab0010546.jpg,masks/ab0010546.png,1
bd77f2c37.jpg,train_images/bd77f2c37.jpg,masks/bd77f2c37.png,1
76532309b.jpg,train_images/76532309b.jpg,masks/76532309b.png,1
e2c203a0f.jpg,train_images/e2c203a0f.jpg,masks/e2c203a0f.png,1
69231176e.jpg,train_images/69231176e.jpg,masks/69231176e.png,1
946227d6c.jpg,train_images/946227d6c.jpg,masks/946227d6c.png,1
df4d01acb.jpg,train_images/df4d01acb.jpg,masks/df4d01acb.png,1
bbf8b7ad8.jpg,train_images/bbf8b7ad8.jpg,masks/bbf8b7ad8.png,1
13ab7b13e.jpg,train_images/13ab7b13e.jpg,masks/13ab7b13e.png,1
a0906d0b3.jpg,train_images/a0906d0b3.jpg,masks/a0906d0b3.png,1
12ca2b04b.jpg,train_images/12ca2b04b.jpg,masks/12ca2b04b.png,1
f66364942.jpg,train_images/f66364942.jpg,masks/f66364942.png,1
476efaa3d.jpg,train_images/476efaa3d.jpg,masks/476efaa3d.png,1
282cd397d.jpg,train_images/282cd397d.jpg,masks/282cd397d.png,1
d178f1c42.jpg,train_images/d178f1c42.jpg,masks/d178f1c42.png,1
eb8aa849b.jpg,train_images/eb8aa849b.jpg,masks/eb8aa849b.png,1
dd7fcaf4e.jpg,train_images/dd7fcaf4e.jpg,masks/dd7fcaf4e.png,1
e475fb44e.jpg,train_images/e475fb44e.jpg,masks/e475fb44e.png,1
1524a6e4f.jpg,train_images/1524a6e4f.jpg,masks/1524a6e4f.png,1
4e7f0e825.jpg,train_images/4e7f0e825.jpg,masks/4e7f0e825.png,1
2d8e8e789.jpg,train_images/2d8e8e789.jpg,masks/2d8e8e789.png,1
486b452b6.jpg,train_images/486b452b6.jpg,masks/486b452b6.png,1
140e59cff.jpg,train_images/140e59cff.jpg,masks/140e59cff.png,1
d78e97810.jpg,train_images/d78e97810.jpg,masks/d78e97810.png,1
4c8168fcb.jpg,train_images/4c8168fcb.jpg,masks/4c8168fcb.png,1
a8ba23b0a.jpg,train_images/a8ba23b0a.jpg,masks/a8ba23b0a.png,1
1d34ad26c.jpg,train_images/1d34ad26c.jpg,masks/1d34ad26c.png,1
19e918673.jpg,train_images/19e918673.jpg,masks/19e918673.png,1
a2e328f50.jpg,train_images/a2e328f50.jpg,masks/a2e328f50.png,1
7a5fae002.jpg,train_images/7a5fae002.jpg,masks/7a5fae002.png,1
49d1ff5e2.jpg,train_images/49d1ff5e2.jpg,masks/49d1ff5e2.png,1
cbd4afcc0.jpg,train_images/cbd4afcc0.jpg,masks/cbd4afcc0.png,1
34f8faf6d.jpg,train_images/34f8faf6d.jpg,masks/34f8faf6d.png,1
db5241f19.jpg,train_images/db5241f19.jpg,masks/db5241f19.png,1
c992477d4.jpg,train_images/c992477d4.jpg,masks/c992477d4.png,1
cd23d4841.jpg,train_images/cd23d4841.jpg,masks/cd23d4841.png,1
ea4f8eb1d.jpg,train_images/ea4f8eb1d.jpg,masks/ea4f8eb1d.png,1
4e46ce4ca.jpg,train_images/4e46ce4ca.jpg,masks/4e46ce4ca.png,1
add5c87e5.jpg,train_images/add5c87e5.jpg,masks/add5c87e5.png,1
4e438c98c.jpg,train_images/4e438c98c.jpg,masks/4e438c98c.png,1
0d2a4e766.jpg,train_images/0d2a4e766.jpg,masks/0d2a4e766.png,1
c8ed5e8ab.jpg,train_images/c8ed5e8ab.jpg,masks/c8ed5e8ab.png,1
e5f1d5a38.jpg,train_images/e5f1d5a38.jpg,masks/e5f1d5a38.png,1
999497bb8.jpg,train_images/999497bb8.jpg,masks/999497bb8.png,1
8ee659e65.jpg,train_images/8ee659e65.jpg,masks/8ee659e65.png,1
3bd0fd84d.jpg,train_images/3bd0fd84d.jpg,masks/3bd0fd84d.png,1
af1debfe3.jpg,train_images/af1debfe3.jpg,masks/af1debfe3.png,1
64c57880e.jpg,train_images/64c57880e.jpg,masks/64c57880e.png,1
33226811d.jpg,train_images/33226811d.jpg,masks/33226811d.png,1
0e232ce72.jpg,train_images/0e232ce72.jpg,masks/0e232ce72.png,1
99dcc6d72.jpg,train_images/99dcc6d72.jpg,masks/99dcc6d72.png,1
299d06031.jpg,train_images/299d06031.jpg,masks/299d06031.png,1
614a8349b.jpg,train_images/614a8349b.jpg,masks/614a8349b.png,1
ad8744ba7.jpg,train_images/ad8744ba7.jpg,masks/ad8744ba7.png,1
ee0ad947e.jpg,train_images/ee0ad947e.jpg,masks/ee0ad947e.png,1
0d661ca68.jpg,train_images/0d661ca68.jpg,masks/0d661ca68.png,1
7db22f39a.jpg,train_images/7db22f39a.jpg,masks/7db22f39a.png,1
b7dab02ec.jpg,train_images/b7dab02ec.jpg,masks/b7dab02ec.png,1
c4c5b8e2a.jpg,train_images/c4c5b8e2a.jpg,masks/c4c5b8e2a.png,1
4b762b230.jpg,train_images/4b762b230.jpg,masks/4b762b230.png,1
0534f1b45.jpg,train_images/0534f1b45.jpg,masks/0534f1b45.png,1
391b766d3.jpg,train_images/391b766d3.jpg,masks/391b766d3.png,1
0f9a12222.jpg,train_images/0f9a12222.jpg,masks/0f9a12222.png,1
34a5114d6.jpg,train_images/34a5114d6.jpg,masks/34a5114d6.png,1
0b4a68676.jpg,train_images/0b4a68676.jpg,masks/0b4a68676.png,1
79bac6aca.jpg,train_images/79bac6aca.jpg,masks/79bac6aca.png,1
68a931b71.jpg,train_images/68a931b71.jpg,masks/68a931b71.png,1
c0d04c74f.jpg,train_images/c0d04c74f.jpg,masks/c0d04c74f.png,1
d422920e3.jpg,train_images/d422920e3.jpg,masks/d422920e3.png,1
683ad3cc1.jpg,train_images/683ad3cc1.jpg,masks/683ad3cc1.png,1
ce32285f5.jpg,train_images/ce32285f5.jpg,masks/ce32285f5.png,1
a997f247d.jpg,train_images/a997f247d.jpg,masks/a997f247d.png,1
50ac97479.jpg,train_images/50ac97479.jpg,masks/50ac97479.png,1
e1560e1d0.jpg,train_images/e1560e1d0.jpg,masks/e1560e1d0.png,1
1b053c667.jpg,train_images/1b053c667.jpg,masks/1b053c667.png,1
25c8f7153.jpg,train_images/25c8f7153.jpg,masks/25c8f7153.png,1
f64bb97a6.jpg,train_images/f64bb97a6.jpg,masks/f64bb97a6.png,1
0d3d0dbf2.jpg,train_images/0d3d0dbf2.jpg,masks/0d3d0dbf2.png,1
c878411d7.jpg,train_images/c878411d7.jpg,masks/c878411d7.png,1
910540b7d.jpg,train_images/910540b7d.jpg,masks/910540b7d.png,1
8c1fe4329.jpg,train_images/8c1fe4329.jpg,masks/8c1fe4329.png,1
db4867ee8.jpg,train_images/db4867ee8.jpg,masks/db4867ee8.png,1
300c525ff.jpg,train_images/300c525ff.jpg,masks/300c525ff.png,1
a5b7b7fcc.jpg,train_images/a5b7b7fcc.jpg,masks/a5b7b7fcc.png,1
aeda5b216.jpg,train_images/aeda5b216.jpg,masks/aeda5b216.png,1
1473a83e2.jpg,train_images/1473a83e2.jpg,masks/1473a83e2.png,1
97e10407d.jpg,train_images/97e10407d.jpg,masks/97e10407d.png,1
599251689.jpg,train_images/599251689.jpg,masks/599251689.png,1
a1f41023e.jpg,train_images/a1f41023e.jpg,masks/a1f41023e.png,1
e7c69aea5.jpg,train_images/e7c69aea5.jpg,masks/e7c69aea5.png,1
d5bdfa378.jpg,train_images/d5bdfa378.jpg,masks/d5bdfa378.png,1
4d4cb6e78.jpg,train_images/4d4cb6e78.jpg,masks/4d4cb6e78.png,1
70ce9b55b.jpg,train_images/70ce9b55b.jpg,masks/70ce9b55b.png,1
460b13d7e.jpg,train_images/460b13d7e.jpg,masks/460b13d7e.png,1
c94bd179c.jpg,train_images/c94bd179c.jpg,masks/c94bd179c.png,1
474c5f34e.jpg,train_images/474c5f34e.jpg,masks/474c5f34e.png,1
a70b5d0c5.jpg,train_images/a70b5d0c5.jpg,masks/a70b5d0c5.png,1
c63e60886.jpg,train_images/c63e60886.jpg,masks/c63e60886.png,1
bb5d32d98.jpg,train_images/bb5d32d98.jpg,masks/bb5d32d98.png,1
3159ee27a.jpg,train_images/3159ee27a.jpg,masks/3159ee27a.png,1
9bba9fd75.jpg,train_images/9bba9fd75.jpg,masks/9bba9fd75.png,1
9d2a467b0.jpg,train_images/9d2a467b0.jpg,masks/9d2a467b0.png,1
981f9c663.jpg,train_images/981f9c663.jpg,masks/981f9c663.png,1
cdd3113af.jpg,train_images/cdd3113af.jpg,masks/cdd3113af.png,1
e0f80254f.jpg,train_images/e0f80254f.jpg,masks/e0f80254f.png,1
0f7b0f4ab.jpg,train_images/0f7b0f4ab.jpg,masks/0f7b0f4ab.png,1
3ecf33095.jpg,train_images/3ecf33095.jpg,masks/3ecf33095.png,1
e29f1a47a.jpg,train_images/e29f1a47a.jpg,masks/e29f1a47a.png,1
69e2943d2.jpg,train_images/69e2943d2.jpg,masks/69e2943d2.png,1
ee20efe66.jpg,train_images/ee20efe66.jpg,masks/ee20efe66.png,1
801887861.jpg,train_images/801887861.jpg,masks/801887861.png,1
00af2671f.jpg,train_images/00af2671f.jpg,masks/00af2671f.png,1
69a9effa0.jpg,train_images/69a9effa0.jpg,masks/69a9effa0.png,1
be13b4853.jpg,train_images/be13b4853.jpg,masks/be13b4853.png,1
36a804181.jpg,train_images/36a804181.jpg,masks/36a804181.png,1
69a826bd5.jpg,train_images/69a826bd5.jpg,masks/69a826bd5.png,1
33acf300d.jpg,train_images/33acf300d.jpg,masks/33acf300d.png,1
af67d55bd.jpg,train_images/af67d55bd.jpg,masks/af67d55bd.png,1
d60ae28dc.jpg,train_images/d60ae28dc.jpg,masks/d60ae28dc.png,1
f72bc3a1a.jpg,train_images/f72bc3a1a.jpg,masks/f72bc3a1a.png,1
d5f4e7481.jpg,train_images/d5f4e7481.jpg,masks/d5f4e7481.png,1
8847458a0.jpg,train_images/8847458a0.jpg,masks/8847458a0.png,1
ef3894ac2.jpg,train_images/ef3894ac2.jpg,masks/ef3894ac2.png,1
3f272083c.jpg,train_images/3f272083c.jpg,masks/3f272083c.png,1
764275950.jpg,train_images/764275950.jpg,masks/764275950.png,1
166818755.jpg,train_images/166818755.jpg,masks/166818755.png,1
543d1e1ea.jpg,train_images/543d1e1ea.jpg,masks/543d1e1ea.png,1
daacde94c.jpg,train_images/daacde94c.jpg,masks/daacde94c.png,1
4fb88c3a4.jpg,train_images/4fb88c3a4.jpg,masks/4fb88c3a4.png,1
1483bc52d.jpg,train_images/1483bc52d.jpg,masks/1483bc52d.png,1
028ed7768.jpg,train_images/028ed7768.jpg,masks/028ed7768.png,1
62849bbef.jpg,train_images/62849bbef.jpg,masks/62849bbef.png,1
bd6298d4f.jpg,train_images/bd6298d4f.jpg,masks/bd6298d4f.png,1
9cee4ab2e.jpg,train_images/9cee4ab2e.jpg,masks/9cee4ab2e.png,1
5c8104408.jpg,train_images/5c8104408.jpg,masks/5c8104408.png,1
2ea4ad171.jpg,train_images/2ea4ad171.jpg,masks/2ea4ad171.png,1
fda720bac.jpg,train_images/fda720bac.jpg,masks/fda720bac.png,1
36e512a45.jpg,train_images/36e512a45.jpg,masks/36e512a45.png,1
84ba31d0a.jpg,train_images/84ba31d0a.jpg,masks/84ba31d0a.png,1
19955420c.jpg,train_images/19955420c.jpg,masks/19955420c.png,1
49d28224c.jpg,train_images/49d28224c.jpg,masks/49d28224c.png,1
fb6a70917.jpg,train_images/fb6a70917.jpg,masks/fb6a70917.png,1
0af6b34a8.jpg,train_images/0af6b34a8.jpg,masks/0af6b34a8.png,1
1ea40df0e.jpg,train_images/1ea40df0e.jpg,masks/1ea40df0e.png,1
ad6506c7b.jpg,train_images/ad6506c7b.jpg,masks/ad6506c7b.png,1
f8a3b9065.jpg,train_images/f8a3b9065.jpg,masks/f8a3b9065.png,1
ca492d6f1.jpg,train_images/ca492d6f1.jpg,masks/ca492d6f1.png,1
4c6a55f89.jpg,train_images/4c6a55f89.jpg,masks/4c6a55f89.png,1
5ba141d56.jpg,train_images/5ba141d56.jpg,masks/5ba141d56.png,1
a29c6239f.jpg,train_images/a29c6239f.jpg,masks/a29c6239f.png,1
3b1479719.jpg,train_images/3b1479719.jpg,masks/3b1479719.png,1
86ffabc49.jpg,train_images/86ffabc49.jpg,masks/86ffabc49.png,1
25737d300.jpg,train_images/25737d300.jpg,masks/25737d300.png,1
aa1645714.jpg,train_images/aa1645714.jpg,masks/aa1645714.png,1
dd97d4b45.jpg,train_images/dd97d4b45.jpg,masks/dd97d4b45.png,1
27f44281b.jpg,train_images/27f44281b.jpg,masks/27f44281b.png,1
650fa0a7a.jpg,train_images/650fa0a7a.jpg,masks/650fa0a7a.png,1
2994546cf.jpg,train_images/2994546cf.jpg,masks/2994546cf.png,1
629277c2f.jpg,train_images/629277c2f.jpg,masks/629277c2f.png,1
d129fe51e.jpg,train_images/d129fe51e.jpg,masks/d129fe51e.png,1
8baffdc70.jpg,train_images/8baffdc70.jpg,masks/8baffdc70.png,1
29c39b183.jpg,train_images/29c39b183.jpg,masks/29c39b183.png,1
90b5b429a.jpg,train_images/90b5b429a.jpg,masks/90b5b429a.png,1
7c1bcd3f1.jpg,train_images/7c1bcd3f1.jpg,masks/7c1bcd3f1.png,1
f7fc733a7.jpg,train_images/f7fc733a7.jpg,masks/f7fc733a7.png,1
bdbf5535f.jpg,train_images/bdbf5535f.jpg,masks/bdbf5535f.png,1
c184f9f35.jpg,train_images/c184f9f35.jpg,masks/c184f9f35.png,1
8aaebf6ec.jpg,train_images/8aaebf6ec.jpg,masks/8aaebf6ec.png,1
86aae8998.jpg,train_images/86aae8998.jpg,masks/86aae8998.png,1
8b6c404ac.jpg,train_images/8b6c404ac.jpg,masks/8b6c404ac.png,1
a1d5d669f.jpg,train_images/a1d5d669f.jpg,masks/a1d5d669f.png,1
1396b6e88.jpg,train_images/1396b6e88.jpg,masks/1396b6e88.png,1
017c828a1.jpg,train_images/017c828a1.jpg,masks/017c828a1.png,1
6ca387398.jpg,train_images/6ca387398.jpg,masks/6ca387398.png,1
9737361a7.jpg,train_images/9737361a7.jpg,masks/9737361a7.png,1
8e9103c91.jpg,train_images/8e9103c91.jpg,masks/8e9103c91.png,1
2e69715ac.jpg,train_images/2e69715ac.jpg,masks/2e69715ac.png,1
43746d404.jpg,train_images/43746d404.jpg,masks/43746d404.png,1
7e57b31f7.jpg,train_images/7e57b31f7.jpg,masks/7e57b31f7.png,1
88df5f0d8.jpg,train_images/88df5f0d8.jpg,masks/88df5f0d8.png,1
201f7cd69.jpg,train_images/201f7cd69.jpg,masks/201f7cd69.png,1
cbc2f9676.jpg,train_images/cbc2f9676.jpg,masks/cbc2f9676.png,1
7b3666172.jpg,train_images/7b3666172.jpg,masks/7b3666172.png,1
e04f5c163.jpg,train_images/e04f5c163.jpg,masks/e04f5c163.png,1
db37f7aee.jpg,train_images/db37f7aee.jpg,masks/db37f7aee.png,1
11f34f40d.jpg,train_images/11f34f40d.jpg,masks/11f34f40d.png,1
7a92f8486.jpg,train_images/7a92f8486.jpg,masks/7a92f8486.png,1
e89d1f0d8.jpg,train_images/e89d1f0d8.jpg,masks/e89d1f0d8.png,1
579a51c1b.jpg,train_images/579a51c1b.jpg,masks/579a51c1b.png,1
207e88d4a.jpg,train_images/207e88d4a.jpg,masks/207e88d4a.png,1
11f788ecf.jpg,train_images/11f788ecf.jpg,masks/11f788ecf.png,1
2a07798b5.jpg,train_images/2a07798b5.jpg,masks/2a07798b5.png,1
1fcecb643.jpg,train_images/1fcecb643.jpg,masks/1fcecb643.png,1
f210c637e.jpg,train_images/f210c637e.jpg,masks/f210c637e.png,1
0cefc1f4f.jpg,train_images/0cefc1f4f.jpg,masks/0cefc1f4f.png,1
c3ff6937c.jpg,train_images/c3ff6937c.jpg,masks/c3ff6937c.png,1
e4911993d.jpg,train_images/e4911993d.jpg,masks/e4911993d.png,1
c579d8413.jpg,train_images/c579d8413.jpg,masks/c579d8413.png,1
17eeca349.jpg,train_images/17eeca349.jpg,masks/17eeca349.png,1
e57efd4b4.jpg,train_images/e57efd4b4.jpg,masks/e57efd4b4.png,1
b35ab5606.jpg,train_images/b35ab5606.jpg,masks/b35ab5606.png,1
fac9c2cb8.jpg,train_images/fac9c2cb8.jpg,masks/fac9c2cb8.png,1
6eb8690cd.jpg,train_images/6eb8690cd.jpg,masks/6eb8690cd.png,1
9d77811eb.jpg,train_images/9d77811eb.jpg,masks/9d77811eb.png,1
10378f8ea.jpg,train_images/10378f8ea.jpg,masks/10378f8ea.png,1
f5c8f7766.jpg,train_images/f5c8f7766.jpg,masks/f5c8f7766.png,1
54738099a.jpg,train_images/54738099a.jpg,masks/54738099a.png,1
06d0fbb0c.jpg,train_images/06d0fbb0c.jpg,masks/06d0fbb0c.png,1
342a65f7b.jpg,train_images/342a65f7b.jpg,masks/342a65f7b.png,1
218bbc6fe.jpg,train_images/218bbc6fe.jpg,masks/218bbc6fe.png,1
9150a0950.jpg,train_images/9150a0950.jpg,masks/9150a0950.png,1
2744b6b26.jpg,train_images/2744b6b26.jpg,masks/2744b6b26.png,1
e15a18c3e.jpg,train_images/e15a18c3e.jpg,masks/e15a18c3e.png,1
7420f27c9.jpg,train_images/7420f27c9.jpg,masks/7420f27c9.png,1
351569b6a.jpg,train_images/351569b6a.jpg,masks/351569b6a.png,1
df0168063.jpg,train_images/df0168063.jpg,masks/df0168063.png,1
620100d93.jpg,train_images/620100d93.jpg,masks/620100d93.png,1
e7758b305.jpg,train_images/e7758b305.jpg,masks/e7758b305.png,1
5d044bd2c.jpg,train_images/5d044bd2c.jpg,masks/5d044bd2c.png,1
d1a618e4f.jpg,train_images/d1a618e4f.jpg,masks/d1a618e4f.png,1
20964a4f0.jpg,train_images/20964a4f0.jpg,masks/20964a4f0.png,1
01afbfa7a.jpg,train_images/01afbfa7a.jpg,masks/01afbfa7a.png,1
af4cdefaa.jpg,train_images/af4cdefaa.jpg,masks/af4cdefaa.png,1
37e7f9554.jpg,train_images/37e7f9554.jpg,masks/37e7f9554.png,1
4598f8be0.jpg,train_images/4598f8be0.jpg,masks/4598f8be0.png,1
7e49d3022.jpg,train_images/7e49d3022.jpg,masks/7e49d3022.png,1
4157934a2.jpg,train_images/4157934a2.jpg,masks/4157934a2.png,1
054190eb2.jpg,train_images/054190eb2.jpg,masks/054190eb2.png,1
62c1c5dcb.jpg,train_images/62c1c5dcb.jpg,masks/62c1c5dcb.png,1
65d3d7a0c.jpg,train_images/65d3d7a0c.jpg,masks/65d3d7a0c.png,1
91fc61e33.jpg,train_images/91fc61e33.jpg,masks/91fc61e33.png,1
b6f5f2414.jpg,train_images/b6f5f2414.jpg,masks/b6f5f2414.png,1
8e431ebe0.jpg,train_images/8e431ebe0.jpg,masks/8e431ebe0.png,1
562055ee9.jpg,train_images/562055ee9.jpg,masks/562055ee9.png,1
b4cc6a4ed.jpg,train_images/b4cc6a4ed.jpg,masks/b4cc6a4ed.png,1
faea44200.jpg,train_images/faea44200.jpg,masks/faea44200.png,1
b0271d280.jpg,train_images/b0271d280.jpg,masks/b0271d280.png,1
0b1e5a7a5.jpg,train_images/0b1e5a7a5.jpg,masks/0b1e5a7a5.png,1
39c094b3d.jpg,train_images/39c094b3d.jpg,masks/39c094b3d.png,1
d7a43c6f6.jpg,train_images/d7a43c6f6.jpg,masks/d7a43c6f6.png,1
1dc68a7a7.jpg,train_images/1dc68a7a7.jpg,masks/1dc68a7a7.png,1
b7fd1f63b.jpg,train_images/b7fd1f63b.jpg,masks/b7fd1f63b.png,1
04ae7853c.jpg,train_images/04ae7853c.jpg,masks/04ae7853c.png,1
f62546cde.jpg,train_images/f62546cde.jpg,masks/f62546cde.png,1
c04b0d160.jpg,train_images/c04b0d160.jpg,masks/c04b0d160.png,1
09d84ff22.jpg,train_images/09d84ff22.jpg,masks/09d84ff22.png,1
d846db3b6.jpg,train_images/d846db3b6.jpg,masks/d846db3b6.png,1
005d86c25.jpg,train_images/005d86c25.jpg,masks/005d86c25.png,1
53a21bba1.jpg,train_images/53a21bba1.jpg,masks/53a21bba1.png,1
88646d398.jpg,train_images/88646d398.jpg,masks/88646d398.png,1
427085ef4.jpg,train_images/427085ef4.jpg,masks/427085ef4.png,1
20edbd1a8.jpg,train_images/20edbd1a8.jpg,masks/20edbd1a8.png,1
b68b3a262.jpg,train_images/b68b3a262.jpg,masks/b68b3a262.png,1
c646462b5.jpg,train_images/c646462b5.jpg,masks/c646462b5.png,1
a541e2eb6.jpg,train_images/a541e2eb6.jpg,masks/a541e2eb6.png,1
a9f605949.jpg,train_images/a9f605949.jpg,masks/a9f605949.png,1
40bd1a5f1.jpg,train_images/40bd1a5f1.jpg,masks/40bd1a5f1.png,1
0eb09950a.jpg,train_images/0eb09950a.jpg,masks/0eb09950a.png,1
527b50f74.jpg,train_images/527b50f74.jpg,masks/527b50f74.png,1
07cb6d544.jpg,train_images/07cb6d544.jpg,masks/07cb6d544.png,1
cacd251d2.jpg,train_images/cacd251d2.jpg,masks/cacd251d2.png,1
94bf15000.jpg,train_images/94bf15000.jpg,masks/94bf15000.png,1
1d99e94a9.jpg,train_images/1d99e94a9.jpg,masks/1d99e94a9.png,1
1b12de419.jpg,train_images/1b12de419.jpg,masks/1b12de419.png,1
97ca3e697.jpg,train_images/97ca3e697.jpg,masks/97ca3e697.png,1
4b5490a9f.jpg,train_images/4b5490a9f.jpg,masks/4b5490a9f.png,1
e806a6fd3.jpg,train_images/e806a6fd3.jpg,masks/e806a6fd3.png,1
bb01e08e4.jpg,train_images/bb01e08e4.jpg,masks/bb01e08e4.png,1
4befc8dcf.jpg,train_images/4befc8dcf.jpg,masks/4befc8dcf.png,1
a6b56df05.jpg,train_images/a6b56df05.jpg,masks/a6b56df05.png,1
4cbb91ed2.jpg,train_images/4cbb91ed2.jpg,masks/4cbb91ed2.png,1
00bc01bfe.jpg,train_images/00bc01bfe.jpg,masks/00bc01bfe.png,1
1c8802c08.jpg,train_images/1c8802c08.jpg,masks/1c8802c08.png,1
68511f15f.jpg,train_images/68511f15f.jpg,masks/68511f15f.png,1
415252307.jpg,train_images/415252307.jpg,masks/415252307.png,1
459617182.jpg,train_images/459617182.jpg,masks/459617182.png,1
ea8acd661.jpg,train_images/ea8acd661.jpg,masks/ea8acd661.png,1
d4c0b4c3b.jpg,train_images/d4c0b4c3b.jpg,masks/d4c0b4c3b.png,1
93775b19c.jpg,train_images/93775b19c.jpg,masks/93775b19c.png,1
b34e9a47e.jpg,train_images/b34e9a47e.jpg,masks/b34e9a47e.png,1
fa3a68a38.jpg,train_images/fa3a68a38.jpg,masks/fa3a68a38.png,1
8ec0d428d.jpg,train_images/8ec0d428d.jpg,masks/8ec0d428d.png,1
8d23e30d7.jpg,train_images/8d23e30d7.jpg,masks/8d23e30d7.png,1
1d00226a0.jpg,train_images/1d00226a0.jpg,masks/1d00226a0.png,1
f80b4e4e4.jpg,train_images/f80b4e4e4.jpg,masks/f80b4e4e4.png,1
776ed4605.jpg,train_images/776ed4605.jpg,masks/776ed4605.png,1
7773445b7.jpg,train_images/7773445b7.jpg,masks/7773445b7.png,1
038f14456.jpg,train_images/038f14456.jpg,masks/038f14456.png,1
c057d7bc1.jpg,train_images/c057d7bc1.jpg,masks/c057d7bc1.png,1
7f3204217.jpg,train_images/7f3204217.jpg,masks/7f3204217.png,1
77e1644b2.jpg,train_images/77e1644b2.jpg,masks/77e1644b2.png,1
a4334d7da.jpg,train_images/a4334d7da.jpg,masks/a4334d7da.png,1
6caa89d4e.jpg,train_images/6caa89d4e.jpg,masks/6caa89d4e.png,1
7b80d479b.jpg,train_images/7b80d479b.jpg,masks/7b80d479b.png,1
c1c3651cc.jpg,train_images/c1c3651cc.jpg,masks/c1c3651cc.png,1
31eda6a87.jpg,train_images/31eda6a87.jpg,masks/31eda6a87.png,1
c097a0af1.jpg,train_images/c097a0af1.jpg,masks/c097a0af1.png,1
ff6e35e0a.jpg,train_images/ff6e35e0a.jpg,masks/ff6e35e0a.png,1
c25e12747.jpg,train_images/c25e12747.jpg,masks/c25e12747.png,1
15f14781f.jpg,train_images/15f14781f.jpg,masks/15f14781f.png,1
f4296a45d.jpg,train_images/f4296a45d.jpg,masks/f4296a45d.png,1
f482c3553.jpg,train_images/f482c3553.jpg,masks/f482c3553.png,1
a0ce98154.jpg,train_images/a0ce98154.jpg,masks/a0ce98154.png,1
2dd290c91.jpg,train_images/2dd290c91.jpg,masks/2dd290c91.png,1
ccd0ad960.jpg,train_images/ccd0ad960.jpg,masks/ccd0ad960.png,1
9438d5eef.jpg,train_images/9438d5eef.jpg,masks/9438d5eef.png,1
276111a31.jpg,train_images/276111a31.jpg,masks/276111a31.png,1
5d3cbe1fe.jpg,train_images/5d3cbe1fe.jpg,masks/5d3cbe1fe.png,1
9c7a6cf21.jpg,train_images/9c7a6cf21.jpg,masks/9c7a6cf21.png,1
225ef7f0d.jpg,train_images/225ef7f0d.jpg,masks/225ef7f0d.png,1
30e2ae8a6.jpg,train_images/30e2ae8a6.jpg,masks/30e2ae8a6.png,1
29ae2bdc9.jpg,train_images/29ae2bdc9.jpg,masks/29ae2bdc9.png,1
7a14789e6.jpg,train_images/7a14789e6.jpg,masks/7a14789e6.png,1
3e59e0f17.jpg,train_images/3e59e0f17.jpg,masks/3e59e0f17.png,1
6c0ae9d2d.jpg,train_images/6c0ae9d2d.jpg,masks/6c0ae9d2d.png,1
06e55cb16.jpg,train_images/06e55cb16.jpg,masks/06e55cb16.png,1
7329b8668.jpg,train_images/7329b8668.jpg,masks/7329b8668.png,1
6e4a1d647.jpg,train_images/6e4a1d647.jpg,masks/6e4a1d647.png,1
ecd7ecf7e.jpg,train_images/ecd7ecf7e.jpg,masks/ecd7ecf7e.png,1
08b539d11.jpg,train_images/08b539d11.jpg,masks/08b539d11.png,1
caf49d870.jpg,train_images/caf49d870.jpg,masks/caf49d870.png,1
fac91988f.jpg,train_images/fac91988f.jpg,masks/fac91988f.png,1
2ccef61c3.jpg,train_images/2ccef61c3.jpg,masks/2ccef61c3.png,1
fb36b84e7.jpg,train_images/fb36b84e7.jpg,masks/fb36b84e7.png,1
948f9558f.jpg,train_images/948f9558f.jpg,masks/948f9558f.png,1
8a90952b4.jpg,train_images/8a90952b4.jpg,masks/8a90952b4.png,1
c683195bf.jpg,train_images/c683195bf.jpg,masks/c683195bf.png,1
5c7a09dc0.jpg,train_images/5c7a09dc0.jpg,masks/5c7a09dc0.png,1
23d77b3df.jpg,train_images/23d77b3df.jpg,masks/23d77b3df.png,1
7e0a4584c.jpg,train_images/7e0a4584c.jpg,masks/7e0a4584c.png,1
b3bbd7121.jpg,train_images/b3bbd7121.jpg,masks/b3bbd7121.png,1
679af1ef8.jpg,train_images/679af1ef8.jpg,masks/679af1ef8.png,1
11192bc94.jpg,train_images/11192bc94.jpg,masks/11192bc94.png,1
1dd8107e9.jpg,train_images/1dd8107e9.jpg,masks/1dd8107e9.png,1
fc5e5979c.jpg,train_images/fc5e5979c.jpg,masks/fc5e5979c.png,1
06eb2151d.jpg,train_images/06eb2151d.jpg,masks/06eb2151d.png,1
0e62d06d5.jpg,train_images/0e62d06d5.jpg,masks/0e62d06d5.png,1
b9888ed87.jpg,train_images/b9888ed87.jpg,masks/b9888ed87.png,1
4c2bd254d.jpg,train_images/4c2bd254d.jpg,masks/4c2bd254d.png,1
bfb064127.jpg,train_images/bfb064127.jpg,masks/bfb064127.png,1
eaf7443a7.jpg,train_images/eaf7443a7.jpg,masks/eaf7443a7.png,1
3b936b2b9.jpg,train_images/3b936b2b9.jpg,masks/3b936b2b9.png,1
a2444ac38.jpg,train_images/a2444ac38.jpg,masks/a2444ac38.png,1
8b9c035ec.jpg,train_images/8b9c035ec.jpg,masks/8b9c035ec.png,1
631c2334a.jpg,train_images/631c2334a.jpg,masks/631c2334a.png,1
8cc1c837b.jpg,train_images/8cc1c837b.jpg,masks/8cc1c837b.png,1
feb2cfa94.jpg,train_images/feb2cfa94.jpg,masks/feb2cfa94.png,1
f183f0192.jpg,train_images/f183f0192.jpg,masks/f183f0192.png,1
01a1027ce.jpg,train_images/01a1027ce.jpg,masks/01a1027ce.png,1
c3bffce10.jpg,train_images/c3bffce10.jpg,masks/c3bffce10.png,1
def2e3f57.jpg,train_images/def2e3f57.jpg,masks/def2e3f57.png,1
e131b10b3.jpg,train_images/e131b10b3.jpg,masks/e131b10b3.png,1
bb4e89121.jpg,train_images/bb4e89121.jpg,masks/bb4e89121.png,1
fa80cdac8.jpg,train_images/fa80cdac8.jpg,masks/fa80cdac8.png,1
86654180d.jpg,train_images/86654180d.jpg,masks/86654180d.png,1
5227eaed2.jpg,train_images/5227eaed2.jpg,masks/5227eaed2.png,1
4dc8b9c03.jpg,train_images/4dc8b9c03.jpg,masks/4dc8b9c03.png,1
1ee38e570.jpg,train_images/1ee38e570.jpg,masks/1ee38e570.png,1
4bc13de99.jpg,train_images/4bc13de99.jpg,masks/4bc13de99.png,1
9087518f1.jpg,train_images/9087518f1.jpg,masks/9087518f1.png,1
faab4b759.jpg,train_images/faab4b759.jpg,masks/faab4b759.png,1
933533867.jpg,train_images/933533867.jpg,masks/933533867.png,1
27faa1de7.jpg,train_images/27faa1de7.jpg,masks/27faa1de7.png,1
5c0f7c72d.jpg,train_images/5c0f7c72d.jpg,masks/5c0f7c72d.png,1
489bc785a.jpg,train_images/489bc785a.jpg,masks/489bc785a.png,1
8b6cfcf35.jpg,train_images/8b6cfcf35.jpg,masks/8b6cfcf35.png,1
aca765aec.jpg,train_images/aca765aec.jpg,masks/aca765aec.png,1
6e18bef6b.jpg,train_images/6e18bef6b.jpg,masks/6e18bef6b.png,1
aad06b99e.jpg,train_images/aad06b99e.jpg,masks/aad06b99e.png,1
0bfce2f41.jpg,train_images/0bfce2f41.jpg,masks/0bfce2f41.png,1
9f179959b.jpg,train_images/9f179959b.jpg,masks/9f179959b.png,1
39b6f2376.jpg,train_images/39b6f2376.jpg,masks/39b6f2376.png,1
8eb427a2d.jpg,train_images/8eb427a2d.jpg,masks/8eb427a2d.png,1
3377332c0.jpg,train_images/3377332c0.jpg,masks/3377332c0.png,1
f7f2e339e.jpg,train_images/f7f2e339e.jpg,masks/f7f2e339e.png,1
092f8d365.jpg,train_images/092f8d365.jpg,masks/092f8d365.png,1
8b4657500.jpg,train_images/8b4657500.jpg,masks/8b4657500.png,1
4243c7476.jpg,train_images/4243c7476.jpg,masks/4243c7476.png,1
1b6aefdb7.jpg,train_images/1b6aefdb7.jpg,masks/1b6aefdb7.png,1
f514de546.jpg,train_images/f514de546.jpg,masks/f514de546.png,1
32fa68bed.jpg,train_images/32fa68bed.jpg,masks/32fa68bed.png,1
6181b0a92.jpg,train_images/6181b0a92.jpg,masks/6181b0a92.png,1
dccd32def.jpg,train_images/dccd32def.jpg,masks/dccd32def.png,1
38760254d.jpg,train_images/38760254d.jpg,masks/38760254d.png,1
45a59cfec.jpg,train_images/45a59cfec.jpg,masks/45a59cfec.png,1
f298b80d1.jpg,train_images/f298b80d1.jpg,masks/f298b80d1.png,1
0db7ec4f0.jpg,train_images/0db7ec4f0.jpg,masks/0db7ec4f0.png,1
d20bb7f7b.jpg,train_images/d20bb7f7b.jpg,masks/d20bb7f7b.png,1
c2b446019.jpg,train_images/c2b446019.jpg,masks/c2b446019.png,1
9e1f9aaaf.jpg,train_images/9e1f9aaaf.jpg,masks/9e1f9aaaf.png,1
1fd098a38.jpg,train_images/1fd098a38.jpg,masks/1fd098a38.png,1
632133372.jpg,train_images/632133372.jpg,masks/632133372.png,1
06f52f4dd.jpg,train_images/06f52f4dd.jpg,masks/06f52f4dd.png,1
7c90f66d5.jpg,train_images/7c90f66d5.jpg,masks/7c90f66d5.png,1
20bb27a04.jpg,train_images/20bb27a04.jpg,masks/20bb27a04.png,1
86eddd938.jpg,train_images/86eddd938.jpg,masks/86eddd938.png,1
182bce847.jpg,train_images/182bce847.jpg,masks/182bce847.png,1
955feead2.jpg,train_images/955feead2.jpg,masks/955feead2.png,1
faa80e2e8.jpg,train_images/faa80e2e8.jpg,masks/faa80e2e8.png,1
28661fd17.jpg,train_images/28661fd17.jpg,masks/28661fd17.png,1
414f0f6f9.jpg,train_images/414f0f6f9.jpg,masks/414f0f6f9.png,1
4a39fd531.jpg,train_images/4a39fd531.jpg,masks/4a39fd531.png,1
1379aba8d.jpg,train_images/1379aba8d.jpg,masks/1379aba8d.png,1
9253b216e.jpg,train_images/9253b216e.jpg,masks/9253b216e.png,1
f10f625fd.jpg,train_images/f10f625fd.jpg,masks/f10f625fd.png,1
5b9b3c297.jpg,train_images/5b9b3c297.jpg,masks/5b9b3c297.png,1
373c6898f.jpg,train_images/373c6898f.jpg,masks/373c6898f.png,1
0a405b396.jpg,train_images/0a405b396.jpg,masks/0a405b396.png,1
c0eb3a086.jpg,train_images/c0eb3a086.jpg,masks/c0eb3a086.png,1
394edb848.jpg,train_images/394edb848.jpg,masks/394edb848.png,1
622808ac3.jpg,train_images/622808ac3.jpg,masks/622808ac3.png,1
bf83e7037.jpg,train_images/bf83e7037.jpg,masks/bf83e7037.png,1
75fe9024a.jpg,train_images/75fe9024a.jpg,masks/75fe9024a.png,1
a4a648cf6.jpg,train_images/a4a648cf6.jpg,masks/a4a648cf6.png,1
fd6208bbc.jpg,train_images/fd6208bbc.jpg,masks/fd6208bbc.png,1
5adb00ee3.jpg,train_images/5adb00ee3.jpg,masks/5adb00ee3.png,1
00bf8497a.jpg,train_images/00bf8497a.jpg,masks/00bf8497a.png,1
f965e553b.jpg,train_images/f965e553b.jpg,masks/f965e553b.png,1
9cd1d622e.jpg,train_images/9cd1d622e.jpg,masks/9cd1d622e.png,1
6b634bbe9.jpg,train_images/6b634bbe9.jpg,masks/6b634bbe9.png,1
4e5aabaae.jpg,train_images/4e5aabaae.jpg,masks/4e5aabaae.png,1
167ae556b.jpg,train_images/167ae556b.jpg,masks/167ae556b.png,1
6588cf973.jpg,train_images/6588cf973.jpg,masks/6588cf973.png,1
369ac4b0a.jpg,train_images/369ac4b0a.jpg,masks/369ac4b0a.png,1
17b384c3e.jpg,train_images/17b384c3e.jpg,masks/17b384c3e.png,1
d96428a9e.jpg,train_images/d96428a9e.jpg,masks/d96428a9e.png,1
8f5e37d0a.jpg,train_images/8f5e37d0a.jpg,masks/8f5e37d0a.png,1
8d25eb2c7.jpg,train_images/8d25eb2c7.jpg,masks/8d25eb2c7.png,1
badc94207.jpg,train_images/badc94207.jpg,masks/badc94207.png,1
ef24da2ba.jpg,train_images/ef24da2ba.jpg,masks/ef24da2ba.png,1
5e2aaff78.jpg,train_images/5e2aaff78.jpg,masks/5e2aaff78.png,1
a71e53574.jpg,train_images/a71e53574.jpg,masks/a71e53574.png,1
56918910e.jpg,train_images/56918910e.jpg,masks/56918910e.png,1
afc4ca4f0.jpg,train_images/afc4ca4f0.jpg,masks/afc4ca4f0.png,1
a33b2c662.jpg,train_images/a33b2c662.jpg,masks/a33b2c662.png,1
66ac60af4.jpg,train_images/66ac60af4.jpg,masks/66ac60af4.png,1
bf24a03ac.jpg,train_images/bf24a03ac.jpg,masks/bf24a03ac.png,1
ab70f8ba6.jpg,train_images/ab70f8ba6.jpg,masks/ab70f8ba6.png,1
d3993f134.jpg,train_images/d3993f134.jpg,masks/d3993f134.png,1
2491d607d.jpg,train_images/2491d607d.jpg,masks/2491d607d.png,1
9f6016bcc.jpg,train_images/9f6016bcc.jpg,masks/9f6016bcc.png,1
a9c5e9f1e.jpg,train_images/a9c5e9f1e.jpg,masks/a9c5e9f1e.png,1
e0490b7cf.jpg,train_images/e0490b7cf.jpg,masks/e0490b7cf.png,1
101bc8aa5.jpg,train_images/101bc8aa5.jpg,masks/101bc8aa5.png,1
de15e1a31.jpg,train_images/de15e1a31.jpg,masks/de15e1a31.png,1
2e84c0c34.jpg,train_images/2e84c0c34.jpg,masks/2e84c0c34.png,1
72cbdf3c1.jpg,train_images/72cbdf3c1.jpg,masks/72cbdf3c1.png,1
d652c9109.jpg,train_images/d652c9109.jpg,masks/d652c9109.png,1
18ba753ff.jpg,train_images/18ba753ff.jpg,masks/18ba753ff.png,1
a7942bafe.jpg,train_images/a7942bafe.jpg,masks/a7942bafe.png,1
89087f994.jpg,train_images/89087f994.jpg,masks/89087f994.png,1
2c24736d5.jpg,train_images/2c24736d5.jpg,masks/2c24736d5.png,1
cc9e159dd.jpg,train_images/cc9e159dd.jpg,masks/cc9e159dd.png,1
db064ce4a.jpg,train_images/db064ce4a.jpg,masks/db064ce4a.png,1
559bcc411.jpg,train_images/559bcc411.jpg,masks/559bcc411.png,1
8f7426e6d.jpg,train_images/8f7426e6d.jpg,masks/8f7426e6d.png,1
33368929c.jpg,train_images/33368929c.jpg,masks/33368929c.png,1
48f69ea12.jpg,train_images/48f69ea12.jpg,masks/48f69ea12.png,1
18ace9a9a.jpg,train_images/18ace9a9a.jpg,masks/18ace9a9a.png,1
75ab0593e.jpg,train_images/75ab0593e.jpg,masks/75ab0593e.png,1
b8be43898.jpg,train_images/b8be43898.jpg,masks/b8be43898.png,1
c6cb040ad.jpg,train_images/c6cb040ad.jpg,masks/c6cb040ad.png,1
a1bede9b1.jpg,train_images/a1bede9b1.jpg,masks/a1bede9b1.png,1
da0262fcf.jpg,train_images/da0262fcf.jpg,masks/da0262fcf.png,1
3d559892c.jpg,train_images/3d559892c.jpg,masks/3d559892c.png,1
2eff528e8.jpg,train_images/2eff528e8.jpg,masks/2eff528e8.png,1
cb2dee2dd.jpg,train_images/cb2dee2dd.jpg,masks/cb2dee2dd.png,1
d490180a3.jpg,train_images/d490180a3.jpg,masks/d490180a3.png,1
81ff630e3.jpg,train_images/81ff630e3.jpg,masks/81ff630e3.png,1
56b9e54ed.jpg,train_images/56b9e54ed.jpg,masks/56b9e54ed.png,1
685593407.jpg,train_images/685593407.jpg,masks/685593407.png,1
f17e982f9.jpg,train_images/f17e982f9.jpg,masks/f17e982f9.png,1
905964016.jpg,train_images/905964016.jpg,masks/905964016.png,1
0858830b6.jpg,train_images/0858830b6.jpg,masks/0858830b6.png,1
74cd21b41.jpg,train_images/74cd21b41.jpg,masks/74cd21b41.png,1
6bf2151b8.jpg,train_images/6bf2151b8.jpg,masks/6bf2151b8.png,1
77343ffda.jpg,train_images/77343ffda.jpg,masks/77343ffda.png,1
edbd80289.jpg,train_images/edbd80289.jpg,masks/edbd80289.png,1
c7fb9db8c.jpg,train_images/c7fb9db8c.jpg,masks/c7fb9db8c.png,1
14cc1c6b0.jpg,train_images/14cc1c6b0.jpg,masks/14cc1c6b0.png,1
d50164a40.jpg,train_images/d50164a40.jpg,masks/d50164a40.png,1
0b1993a49.jpg,train_images/0b1993a49.jpg,masks/0b1993a49.png,1
c5b9dccf7.jpg,train_images/c5b9dccf7.jpg,masks/c5b9dccf7.png,1
b568146ec.jpg,train_images/b568146ec.jpg,masks/b568146ec.png,1
ebce68542.jpg,train_images/ebce68542.jpg,masks/ebce68542.png,1
7202e52d8.jpg,train_images/7202e52d8.jpg,masks/7202e52d8.png,1
47f5c8e07.jpg,train_images/47f5c8e07.jpg,masks/47f5c8e07.png,1
c60f92f8b.jpg,train_images/c60f92f8b.jpg,masks/c60f92f8b.png,1
60f9f7ff2.jpg,train_images/60f9f7ff2.jpg,masks/60f9f7ff2.png,1
f1bf46783.jpg,train_images/f1bf46783.jpg,masks/f1bf46783.png,1
22a825813.jpg,train_images/22a825813.jpg,masks/22a825813.png,1
50de95d7f.jpg,train_images/50de95d7f.jpg,masks/50de95d7f.png,1
a01c8ce20.jpg,train_images/a01c8ce20.jpg,masks/a01c8ce20.png,1
2ec9eddd4.jpg,train_images/2ec9eddd4.jpg,masks/2ec9eddd4.png,1
e16b7d494.jpg,train_images/e16b7d494.jpg,masks/e16b7d494.png,1
9296c86e5.jpg,train_images/9296c86e5.jpg,masks/9296c86e5.png,1
c6f7fe1d2.jpg,train_images/c6f7fe1d2.jpg,masks/c6f7fe1d2.png,1
139b7e692.jpg,train_images/139b7e692.jpg,masks/139b7e692.png,1
aeadf8fde.jpg,train_images/aeadf8fde.jpg,masks/aeadf8fde.png,1
66c7d94b2.jpg,train_images/66c7d94b2.jpg,masks/66c7d94b2.png,1
f645abdf0.jpg,train_images/f645abdf0.jpg,masks/f645abdf0.png,1
6f2357894.jpg,train_images/6f2357894.jpg,masks/6f2357894.png,1
37009c774.jpg,train_images/37009c774.jpg,masks/37009c774.png,1
80d241bc5.jpg,train_images/80d241bc5.jpg,masks/80d241bc5.png,1
8d9b43515.jpg,train_images/8d9b43515.jpg,masks/8d9b43515.png,1
8f85d6fd4.jpg,train_images/8f85d6fd4.jpg,masks/8f85d6fd4.png,1
fc0541a53.jpg,train_images/fc0541a53.jpg,masks/fc0541a53.png,1
ddce2a301.jpg,train_images/ddce2a301.jpg,masks/ddce2a301.png,1
ec58aa10d.jpg,train_images/ec58aa10d.jpg,masks/ec58aa10d.png,1
cf5e8eb2c.jpg,train_images/cf5e8eb2c.jpg,masks/cf5e8eb2c.png,1
38c61fdee.jpg,train_images/38c61fdee.jpg,masks/38c61fdee.png,1
5787b6262.jpg,train_images/5787b6262.jpg,masks/5787b6262.png,1
472407235.jpg,train_images/472407235.jpg,masks/472407235.png,1
9dbb7b85c.jpg,train_images/9dbb7b85c.jpg,masks/9dbb7b85c.png,1
94625a99c.jpg,train_images/94625a99c.jpg,masks/94625a99c.png,1
620568126.jpg,train_images/620568126.jpg,masks/620568126.png,1
0aa4399a4.jpg,train_images/0aa4399a4.jpg,masks/0aa4399a4.png,1
3888ec2cd.jpg,train_images/3888ec2cd.jpg,masks/3888ec2cd.png,1
c131d5030.jpg,train_images/c131d5030.jpg,masks/c131d5030.png,1
d41b69a83.jpg,train_images/d41b69a83.jpg,masks/d41b69a83.png,1
37782387c.jpg,train_images/37782387c.jpg,masks/37782387c.png,1
7e9778a9f.jpg,train_images/7e9778a9f.jpg,masks/7e9778a9f.png,1
a21bfa25a.jpg,train_images/a21bfa25a.jpg,masks/a21bfa25a.png,1
b93f5fdc0.jpg,train_images/b93f5fdc0.jpg,masks/b93f5fdc0.png,1
73122f910.jpg,train_images/73122f910.jpg,masks/73122f910.png,1
67e2d14a6.jpg,train_images/67e2d14a6.jpg,masks/67e2d14a6.png,1
1795867f2.jpg,train_images/1795867f2.jpg,masks/1795867f2.png,1
ad2e93a85.jpg,train_images/ad2e93a85.jpg,masks/ad2e93a85.png,1
114e89e60.jpg,train_images/114e89e60.jpg,masks/114e89e60.png,1
a9a045b71.jpg,train_images/a9a045b71.jpg,masks/a9a045b71.png,1
397221566.jpg,train_images/397221566.jpg,masks/397221566.png,1
429782c75.jpg,train_images/429782c75.jpg,masks/429782c75.png,1
e6f8789d6.jpg,train_images/e6f8789d6.jpg,masks/e6f8789d6.png,1
6b9bed01e.jpg,train_images/6b9bed01e.jpg,masks/6b9bed01e.png,1
d07afd5bf.jpg,train_images/d07afd5bf.jpg,masks/d07afd5bf.png,1
29a023a11.jpg,train_images/29a023a11.jpg,masks/29a023a11.png,1
5eb928f43.jpg,train_images/5eb928f43.jpg,masks/5eb928f43.png,1
0bc3f8ce8.jpg,train_images/0bc3f8ce8.jpg,masks/0bc3f8ce8.png,1
2e734ff06.jpg,train_images/2e734ff06.jpg,masks/2e734ff06.png,1
8b4e90080.jpg,train_images/8b4e90080.jpg,masks/8b4e90080.png,1
933a9dc8b.jpg,train_images/933a9dc8b.jpg,masks/933a9dc8b.png,1
603bb9003.jpg,train_images/603bb9003.jpg,masks/603bb9003.png,1
d2a854e69.jpg,train_images/d2a854e69.jpg,masks/d2a854e69.png,1
6e71531ae.jpg,train_images/6e71531ae.jpg,masks/6e71531ae.png,1
5a188bcf6.jpg,train_images/5a188bcf6.jpg,masks/5a188bcf6.png,1
9eaaf83d7.jpg,train_images/9eaaf83d7.jpg,masks/9eaaf83d7.png,1
7150719e7.jpg,train_images/7150719e7.jpg,masks/7150719e7.png,1
c3a2f51d0.jpg,train_images/c3a2f51d0.jpg,masks/c3a2f51d0.png,1
3ce4ece71.jpg,train_images/3ce4ece71.jpg,masks/3ce4ece71.png,1
3bde297da.jpg,train_images/3bde297da.jpg,masks/3bde297da.png,1
3385f9e14.jpg,train_images/3385f9e14.jpg,masks/3385f9e14.png,1
208825e67.jpg,train_images/208825e67.jpg,masks/208825e67.png,1
d48178eaa.jpg,train_images/d48178eaa.jpg,masks/d48178eaa.png,1
6b4d25284.jpg,train_images/6b4d25284.jpg,masks/6b4d25284.png,1
171c64a72.jpg,train_images/171c64a72.jpg,masks/171c64a72.png,1
8aaf23412.jpg,train_images/8aaf23412.jpg,masks/8aaf23412.png,1
4cf3b3988.jpg,train_images/4cf3b3988.jpg,masks/4cf3b3988.png,1
67741aee6.jpg,train_images/67741aee6.jpg,masks/67741aee6.png,1
1e979fb66.jpg,train_images/1e979fb66.jpg,masks/1e979fb66.png,1
1c1ca0221.jpg,train_images/1c1ca0221.jpg,masks/1c1ca0221.png,1
891837278.jpg,train_images/891837278.jpg,masks/891837278.png,1
dd175c50c.jpg,train_images/dd175c50c.jpg,masks/dd175c50c.png,1
401de199f.jpg,train_images/401de199f.jpg,masks/401de199f.png,1
a6a6f59c7.jpg,train_images/a6a6f59c7.jpg,masks/a6a6f59c7.png,1
5bdf24fa3.jpg,train_images/5bdf24fa3.jpg,masks/5bdf24fa3.png,1
00d639396.jpg,train_images/00d639396.jpg,masks/00d639396.png,1
3a66177ea.jpg,train_images/3a66177ea.jpg,masks/3a66177ea.png,1
e628d230c.jpg,train_images/e628d230c.jpg,masks/e628d230c.png,1
23e5dd080.jpg,train_images/23e5dd080.jpg,masks/23e5dd080.png,1
c811d489f.jpg,train_images/c811d489f.jpg,masks/c811d489f.png,1
3ade75b6e.jpg,train_images/3ade75b6e.jpg,masks/3ade75b6e.png,1
6666f7f16.jpg,train_images/6666f7f16.jpg,masks/6666f7f16.png,1
e97006670.jpg,train_images/e97006670.jpg,masks/e97006670.png,1
f67e682da.jpg,train_images/f67e682da.jpg,masks/f67e682da.png,1
441866b3d.jpg,train_images/441866b3d.jpg,masks/441866b3d.png,1
7a8fcc7df.jpg,train_images/7a8fcc7df.jpg,masks/7a8fcc7df.png,1
bc136ed5c.jpg,train_images/bc136ed5c.jpg,masks/bc136ed5c.png,1
d7608fbdb.jpg,train_images/d7608fbdb.jpg,masks/d7608fbdb.png,1
bc23335bc.jpg,train_images/bc23335bc.jpg,masks/bc23335bc.png,1
7b4bcde18.jpg,train_images/7b4bcde18.jpg,masks/7b4bcde18.png,1
4bf953606.jpg,train_images/4bf953606.jpg,masks/4bf953606.png,1
21af0ec58.jpg,train_images/21af0ec58.jpg,masks/21af0ec58.png,1
4353697d9.jpg,train_images/4353697d9.jpg,masks/4353697d9.png,1
efdad5db3.jpg,train_images/efdad5db3.jpg,masks/efdad5db3.png,1
a6195e2d6.jpg,train_images/a6195e2d6.jpg,masks/a6195e2d6.png,1
a750dc23a.jpg,train_images/a750dc23a.jpg,masks/a750dc23a.png,1
b941eeaa7.jpg,train_images/b941eeaa7.jpg,masks/b941eeaa7.png,1
cf06584db.jpg,train_images/cf06584db.jpg,masks/cf06584db.png,1
45d294946.jpg,train_images/45d294946.jpg,masks/45d294946.png,1
1ffe887dd.jpg,train_images/1ffe887dd.jpg,masks/1ffe887dd.png,1
d169e1b81.jpg,train_images/d169e1b81.jpg,masks/d169e1b81.png,1
b87571cc4.jpg,train_images/b87571cc4.jpg,masks/b87571cc4.png,1
bea606041.jpg,train_images/bea606041.jpg,masks/bea606041.png,1
0603c2340.jpg,train_images/0603c2340.jpg,masks/0603c2340.png,1
93f27e439.jpg,train_images/93f27e439.jpg,masks/93f27e439.png,1
e385380e1.jpg,train_images/e385380e1.jpg,masks/e385380e1.png,1
1e0980950.jpg,train_images/1e0980950.jpg,masks/1e0980950.png,1
65841b207.jpg,train_images/65841b207.jpg,masks/65841b207.png,1
62e356985.jpg,train_images/62e356985.jpg,masks/62e356985.png,1
bfc738650.jpg,train_images/bfc738650.jpg,masks/bfc738650.png,1
cf48232c6.jpg,train_images/cf48232c6.jpg,masks/cf48232c6.png,1
5d853e095.jpg,train_images/5d853e095.jpg,masks/5d853e095.png,1
d160b5de3.jpg,train_images/d160b5de3.jpg,masks/d160b5de3.png,1
429951ca7.jpg,train_images/429951ca7.jpg,masks/429951ca7.png,1
6f490117c.jpg,train_images/6f490117c.jpg,masks/6f490117c.png,1
400144782.jpg,train_images/400144782.jpg,masks/400144782.png,1
380e3ba93.jpg,train_images/380e3ba93.jpg,masks/380e3ba93.png,1
87754d760.jpg,train_images/87754d760.jpg,masks/87754d760.png,1
982193e49.jpg,train_images/982193e49.jpg,masks/982193e49.png,1
78be7465f.jpg,train_images/78be7465f.jpg,masks/78be7465f.png,1
d26ead1d8.jpg,train_images/d26ead1d8.jpg,masks/d26ead1d8.png,1
a2337ccb3.jpg,train_images/a2337ccb3.jpg,masks/a2337ccb3.png,1
3088a6a0d.jpg,train_images/3088a6a0d.jpg,masks/3088a6a0d.png,1
91649dea7.jpg,train_images/91649dea7.jpg,masks/91649dea7.png,1
45c983e84.jpg,train_images/45c983e84.jpg,masks/45c983e84.png,1
6fb878fef.jpg,train_images/6fb878fef.jpg,masks/6fb878fef.png,1
24ae96cd5.jpg,train_images/24ae96cd5.jpg,masks/24ae96cd5.png,1
a4cef60d1.jpg,train_images/a4cef60d1.jpg,masks/a4cef60d1.png,1
c9ae4cb29.jpg,train_images/c9ae4cb29.jpg,masks/c9ae4cb29.png,1
8600decb6.jpg,train_images/8600decb6.jpg,masks/8600decb6.png,1
0f010cc60.jpg,train_images/0f010cc60.jpg,masks/0f010cc60.png,1
cd475d2a3.jpg,train_images/cd475d2a3.jpg,masks/cd475d2a3.png,1
9b62dc81c.jpg,train_images/9b62dc81c.jpg,masks/9b62dc81c.png,1
d6ff87222.jpg,train_images/d6ff87222.jpg,masks/d6ff87222.png,1
6233c9643.jpg,train_images/6233c9643.jpg,masks/6233c9643.png,1
dcebef38e.jpg,train_images/dcebef38e.jpg,masks/dcebef38e.png,1
0ff538004.jpg,train_images/0ff538004.jpg,masks/0ff538004.png,1
749407e33.jpg,train_images/749407e33.jpg,masks/749407e33.png,1
9f7063103.jpg,train_images/9f7063103.jpg,masks/9f7063103.png,1
7a7282702.jpg,train_images/7a7282702.jpg,masks/7a7282702.png,1
a0c650375.jpg,train_images/a0c650375.jpg,masks/a0c650375.png,1
a1c385029.jpg,train_images/a1c385029.jpg,masks/a1c385029.png,1
73d8f9fa7.jpg,train_images/73d8f9fa7.jpg,masks/73d8f9fa7.png,1
5256faa06.jpg,train_images/5256faa06.jpg,masks/5256faa06.png,1
3c4d16b17.jpg,train_images/3c4d16b17.jpg,masks/3c4d16b17.png,1
fa3828a07.jpg,train_images/fa3828a07.jpg,masks/fa3828a07.png,1
21a5d2ddb.jpg,train_images/21a5d2ddb.jpg,masks/21a5d2ddb.png,1
b57d15322.jpg,train_images/b57d15322.jpg,masks/b57d15322.png,1
1a9c38991.jpg,train_images/1a9c38991.jpg,masks/1a9c38991.png,1
869055892.jpg,train_images/869055892.jpg,masks/869055892.png,1
bd4957b80.jpg,train_images/bd4957b80.jpg,masks/bd4957b80.png,1
401614c72.jpg,train_images/401614c72.jpg,masks/401614c72.png,1
8677c19e6.jpg,train_images/8677c19e6.jpg,masks/8677c19e6.png,1
40b90abe8.jpg,train_images/40b90abe8.jpg,masks/40b90abe8.png,1
1ea25d4fa.jpg,train_images/1ea25d4fa.jpg,masks/1ea25d4fa.png,1
915b0078c.jpg,train_images/915b0078c.jpg,masks/915b0078c.png,1
df0430717.jpg,train_images/df0430717.jpg,masks/df0430717.png,1
83e63937d.jpg,train_images/83e63937d.jpg,masks/83e63937d.png,1
990d967ad.jpg,train_images/990d967ad.jpg,masks/990d967ad.png,1
99743b154.jpg,train_images/99743b154.jpg,masks/99743b154.png,1
e5e0fe470.jpg,train_images/e5e0fe470.jpg,masks/e5e0fe470.png,1
d283f3744.jpg,train_images/d283f3744.jpg,masks/d283f3744.png,1
88365b4b0.jpg,train_images/88365b4b0.jpg,masks/88365b4b0.png,1
0bda9a0eb.jpg,train_images/0bda9a0eb.jpg,masks/0bda9a0eb.png,1
24e21e85a.jpg,train_images/24e21e85a.jpg,masks/24e21e85a.png,1
300a00766.jpg,train_images/300a00766.jpg,masks/300a00766.png,1
4613d520c.jpg,train_images/4613d520c.jpg,masks/4613d520c.png,1
fb23968c0.jpg,train_images/fb23968c0.jpg,masks/fb23968c0.png,1
a9b327adb.jpg,train_images/a9b327adb.jpg,masks/a9b327adb.png,1
44bdd7c49.jpg,train_images/44bdd7c49.jpg,masks/44bdd7c49.png,1
4ee570810.jpg,train_images/4ee570810.jpg,masks/4ee570810.png,1
ab13f368e.jpg,train_images/ab13f368e.jpg,masks/ab13f368e.png,1
eea014d25.jpg,train_images/eea014d25.jpg,masks/eea014d25.png,1
eef6ec80a.jpg,train_images/eef6ec80a.jpg,masks/eef6ec80a.png,1
e5d954e34.jpg,train_images/e5d954e34.jpg,masks/e5d954e34.png,1
163473240.jpg,train_images/163473240.jpg,masks/163473240.png,1
21ab6a3b2.jpg,train_images/21ab6a3b2.jpg,masks/21ab6a3b2.png,1
5e1f34810.jpg,train_images/5e1f34810.jpg,masks/5e1f34810.png,1
b1bbea81b.jpg,train_images/b1bbea81b.jpg,masks/b1bbea81b.png,1
cdef07364.jpg,train_images/cdef07364.jpg,masks/cdef07364.png,1
bcc4f678a.jpg,train_images/bcc4f678a.jpg,masks/bcc4f678a.png,1
b6fdc1d5e.jpg,train_images/b6fdc1d5e.jpg,masks/b6fdc1d5e.png,1
a15500c55.jpg,train_images/a15500c55.jpg,masks/a15500c55.png,1
fa08fa8c5.jpg,train_images/fa08fa8c5.jpg,masks/fa08fa8c5.png,1
8e7477968.jpg,train_images/8e7477968.jpg,masks/8e7477968.png,1
73cdb1d89.jpg,train_images/73cdb1d89.jpg,masks/73cdb1d89.png,1
75ea4c672.jpg,train_images/75ea4c672.jpg,masks/75ea4c672.png,1
f33469843.jpg,train_images/f33469843.jpg,masks/f33469843.png,1
d201f7d4b.jpg,train_images/d201f7d4b.jpg,masks/d201f7d4b.png,1
ad6fb4fab.jpg,train_images/ad6fb4fab.jpg,masks/ad6fb4fab.png,1
fea4c4feb.jpg,train_images/fea4c4feb.jpg,masks/fea4c4feb.png,1
410194f0a.jpg,train_images/410194f0a.jpg,masks/410194f0a.png,1
8c3539cdd.jpg,train_images/8c3539cdd.jpg,masks/8c3539cdd.png,1
8c732ade1.jpg,train_images/8c732ade1.jpg,masks/8c732ade1.png,1
74d1cd5e3.jpg,train_images/74d1cd5e3.jpg,masks/74d1cd5e3.png,1
a44dd8116.jpg,train_images/a44dd8116.jpg,masks/a44dd8116.png,1
56da18173.jpg,train_images/56da18173.jpg,masks/56da18173.png,1
a49edb718.jpg,train_images/a49edb718.jpg,masks/a49edb718.png,1
260ee2f59.jpg,train_images/260ee2f59.jpg,masks/260ee2f59.png,1
227d0512b.jpg,train_images/227d0512b.jpg,masks/227d0512b.png,1
3463eedaf.jpg,train_images/3463eedaf.jpg,masks/3463eedaf.png,1
9772f9a2c.jpg,train_images/9772f9a2c.jpg,masks/9772f9a2c.png,1
fd3afa979.jpg,train_images/fd3afa979.jpg,masks/fd3afa979.png,1
0e86dea5b.jpg,train_images/0e86dea5b.jpg,masks/0e86dea5b.png,1
9eace863c.jpg,train_images/9eace863c.jpg,masks/9eace863c.png,1
e4da37c1e.jpg,train_images/e4da37c1e.jpg,masks/e4da37c1e.png,1
b3b1e1046.jpg,train_images/b3b1e1046.jpg,masks/b3b1e1046.png,1
50742b144.jpg,train_images/50742b144.jpg,masks/50742b144.png,1
73e1969d4.jpg,train_images/73e1969d4.jpg,masks/73e1969d4.png,1
24066d57e.jpg,train_images/24066d57e.jpg,masks/24066d57e.png,1
795907727.jpg,train_images/795907727.jpg,masks/795907727.png,1
c4f5ebbb2.jpg,train_images/c4f5ebbb2.jpg,masks/c4f5ebbb2.png,1
ea30f095d.jpg,train_images/ea30f095d.jpg,masks/ea30f095d.png,1
eb5d79866.jpg,train_images/eb5d79866.jpg,masks/eb5d79866.png,1
6603e9f89.jpg,train_images/6603e9f89.jpg,masks/6603e9f89.png,1
78832879c.jpg,train_images/78832879c.jpg,masks/78832879c.png,1
b34091037.jpg,train_images/b34091037.jpg,masks/b34091037.png,1
bbd1b8f11.jpg,train_images/bbd1b8f11.jpg,masks/bbd1b8f11.png,1
90fbefd8c.jpg,train_images/90fbefd8c.jpg,masks/90fbefd8c.png,1
64dc9ef9a.jpg,train_images/64dc9ef9a.jpg,masks/64dc9ef9a.png,1
8399a4300.jpg,train_images/8399a4300.jpg,masks/8399a4300.png,1
6915f678b.jpg,train_images/6915f678b.jpg,masks/6915f678b.png,1
e2ad8a12a.jpg,train_images/e2ad8a12a.jpg,masks/e2ad8a12a.png,1
5ff6ee14c.jpg,train_images/5ff6ee14c.jpg,masks/5ff6ee14c.png,1
76096b17b.jpg,train_images/76096b17b.jpg,masks/76096b17b.png,1
144fdd925.jpg,train_images/144fdd925.jpg,masks/144fdd925.png,1
33a479d47.jpg,train_images/33a479d47.jpg,masks/33a479d47.png,1
42d2a363d.jpg,train_images/42d2a363d.jpg,masks/42d2a363d.png,1
b0038b54c.jpg,train_images/b0038b54c.jpg,masks/b0038b54c.png,1
0e5981679.jpg,train_images/0e5981679.jpg,masks/0e5981679.png,1
692c14cc2.jpg,train_images/692c14cc2.jpg,masks/692c14cc2.png,1
097e28492.jpg,train_images/097e28492.jpg,masks/097e28492.png,1
2b1d39d53.jpg,train_images/2b1d39d53.jpg,masks/2b1d39d53.png,1
6b7b04599.jpg,train_images/6b7b04599.jpg,masks/6b7b04599.png,1
aa88568ad.jpg,train_images/aa88568ad.jpg,masks/aa88568ad.png,1
82cf55ab9.jpg,train_images/82cf55ab9.jpg,masks/82cf55ab9.png,1
3b42727ff.jpg,train_images/3b42727ff.jpg,masks/3b42727ff.png,1
72a7ff0db.jpg,train_images/72a7ff0db.jpg,masks/72a7ff0db.png,1
1be84c6a7.jpg,train_images/1be84c6a7.jpg,masks/1be84c6a7.png,1
8f0795458.jpg,train_images/8f0795458.jpg,masks/8f0795458.png,1
446c4efb5.jpg,train_images/446c4efb5.jpg,masks/446c4efb5.png,1
d12cfc50a.jpg,train_images/d12cfc50a.jpg,masks/d12cfc50a.png,1
e9d0de676.jpg,train_images/e9d0de676.jpg,masks/e9d0de676.png,1
14e90eb54.jpg,train_images/14e90eb54.jpg,masks/14e90eb54.png,1
6081f6677.jpg,train_images/6081f6677.jpg,masks/6081f6677.png,1
9ad36a571.jpg,train_images/9ad36a571.jpg,masks/9ad36a571.png,1
d4935dbfe.jpg,train_images/d4935dbfe.jpg,masks/d4935dbfe.png,1
b091930af.jpg,train_images/b091930af.jpg,masks/b091930af.png,1
356e7a71a.jpg,train_images/356e7a71a.jpg,masks/356e7a71a.png,1
e5acd8af8.jpg,train_images/e5acd8af8.jpg,masks/e5acd8af8.png,1
e473f2647.jpg,train_images/e473f2647.jpg,masks/e473f2647.png,1
282425786.jpg,train_images/282425786.jpg,masks/282425786.png,1
8df12e874.jpg,train_images/8df12e874.jpg,masks/8df12e874.png,1
de144dd49.jpg,train_images/de144dd49.jpg,masks/de144dd49.png,1
1e954c608.jpg,train_images/1e954c608.jpg,masks/1e954c608.png,1
09323504a.jpg,train_images/09323504a.jpg,masks/09323504a.png,1
5bcc61d96.jpg,train_images/5bcc61d96.jpg,masks/5bcc61d96.png,1
180bb19f9.jpg,train_images/180bb19f9.jpg,masks/180bb19f9.png,1
677ec10b9.jpg,train_images/677ec10b9.jpg,masks/677ec10b9.png,1
cdb3a875b.jpg,train_images/cdb3a875b.jpg,masks/cdb3a875b.png,1
f297f6838.jpg,train_images/f297f6838.jpg,masks/f297f6838.png,1
c0ceecd96.jpg,train_images/c0ceecd96.jpg,masks/c0ceecd96.png,1
97892278c.jpg,train_images/97892278c.jpg,masks/97892278c.png,1
565cfa48c.jpg,train_images/565cfa48c.jpg,masks/565cfa48c.png,1
eef087050.jpg,train_images/eef087050.jpg,masks/eef087050.png,1
3a153274d.jpg,train_images/3a153274d.jpg,masks/3a153274d.png,1
1f4161475.jpg,train_images/1f4161475.jpg,masks/1f4161475.png,1
51d092947.jpg,train_images/51d092947.jpg,masks/51d092947.png,1
fb2d75aea.jpg,train_images/fb2d75aea.jpg,masks/fb2d75aea.png,1
f7916450e.jpg,train_images/f7916450e.jpg,masks/f7916450e.png,1
ab1293c8f.jpg,train_images/ab1293c8f.jpg,masks/ab1293c8f.png,1
722df0394.jpg,train_images/722df0394.jpg,masks/722df0394.png,1
f99b7c8aa.jpg,train_images/f99b7c8aa.jpg,masks/f99b7c8aa.png,1
c1f0252de.jpg,train_images/c1f0252de.jpg,masks/c1f0252de.png,1
dcf0a3a06.jpg,train_images/dcf0a3a06.jpg,masks/dcf0a3a06.png,1
c2d0a2e19.jpg,train_images/c2d0a2e19.jpg,masks/c2d0a2e19.png,1
2dc31340a.jpg,train_images/2dc31340a.jpg,masks/2dc31340a.png,1
eb18f69ed.jpg,train_images/eb18f69ed.jpg,masks/eb18f69ed.png,1
627b98bc7.jpg,train_images/627b98bc7.jpg,masks/627b98bc7.png,1
8e340f137.jpg,train_images/8e340f137.jpg,masks/8e340f137.png,1
047fa15d0.jpg,train_images/047fa15d0.jpg,masks/047fa15d0.png,1
708756850.jpg,train_images/708756850.jpg,masks/708756850.png,1
7cf7e0fa6.jpg,train_images/7cf7e0fa6.jpg,masks/7cf7e0fa6.png,1
d812de018.jpg,train_images/d812de018.jpg,masks/d812de018.png,1
57c594518.jpg,train_images/57c594518.jpg,masks/57c594518.png,1
677be2fe2.jpg,train_images/677be2fe2.jpg,masks/677be2fe2.png,1
fb357de4d.jpg,train_images/fb357de4d.jpg,masks/fb357de4d.png,1
c85251430.jpg,train_images/c85251430.jpg,masks/c85251430.png,1
8ce8ed455.jpg,train_images/8ce8ed455.jpg,masks/8ce8ed455.png,1
40b724998.jpg,train_images/40b724998.jpg,masks/40b724998.png,1
51d7bdfc2.jpg,train_images/51d7bdfc2.jpg,masks/51d7bdfc2.png,1
b6d6d52ac.jpg,train_images/b6d6d52ac.jpg,masks/b6d6d52ac.png,1
8b31c67c8.jpg,train_images/8b31c67c8.jpg,masks/8b31c67c8.png,1
a4f349030.jpg,train_images/a4f349030.jpg,masks/a4f349030.png,1
175c0ee12.jpg,train_images/175c0ee12.jpg,masks/175c0ee12.png,1
e493a8167.jpg,train_images/e493a8167.jpg,masks/e493a8167.png,1
7b545550c.jpg,train_images/7b545550c.jpg,masks/7b545550c.png,1
248585a26.jpg,train_images/248585a26.jpg,masks/248585a26.png,1
732bd67ee.jpg,train_images/732bd67ee.jpg,masks/732bd67ee.png,1
434d03372.jpg,train_images/434d03372.jpg,masks/434d03372.png,1
8898932bd.jpg,train_images/8898932bd.jpg,masks/8898932bd.png,1
5c6cba0d4.jpg,train_images/5c6cba0d4.jpg,masks/5c6cba0d4.png,1
294c646fd.jpg,train_images/294c646fd.jpg,masks/294c646fd.png,1
6dfd81e89.jpg,train_images/6dfd81e89.jpg,masks/6dfd81e89.png,1
a62465bd7.jpg,train_images/a62465bd7.jpg,masks/a62465bd7.png,1
868759698.jpg,train_images/868759698.jpg,masks/868759698.png,1
e481c68fd.jpg,train_images/e481c68fd.jpg,masks/e481c68fd.png,1
c4373a6ad.jpg,train_images/c4373a6ad.jpg,masks/c4373a6ad.png,1
0d78ac743.jpg,train_images/0d78ac743.jpg,masks/0d78ac743.png,1
0d17b6b4f.jpg,train_images/0d17b6b4f.jpg,masks/0d17b6b4f.png,1
29ff8d6f4.jpg,train_images/29ff8d6f4.jpg,masks/29ff8d6f4.png,1
0167a740e.jpg,train_images/0167a740e.jpg,masks/0167a740e.png,1
e3143c8d2.jpg,train_images/e3143c8d2.jpg,masks/e3143c8d2.png,1
cfe40128c.jpg,train_images/cfe40128c.jpg,masks/cfe40128c.png,1
711e49f96.jpg,train_images/711e49f96.jpg,masks/711e49f96.png,1
9883f9819.jpg,train_images/9883f9819.jpg,masks/9883f9819.png,1
1e7c529a2.jpg,train_images/1e7c529a2.jpg,masks/1e7c529a2.png,1
3c7e032fc.jpg,train_images/3c7e032fc.jpg,masks/3c7e032fc.png,1
23db57033.jpg,train_images/23db57033.jpg,masks/23db57033.png,1
68ebc581e.jpg,train_images/68ebc581e.jpg,masks/68ebc581e.png,1
ee4c5ab7f.jpg,train_images/ee4c5ab7f.jpg,masks/ee4c5ab7f.png,1
041187764.jpg,train_images/041187764.jpg,masks/041187764.png,1
6e994b366.jpg,train_images/6e994b366.jpg,masks/6e994b366.png,1
25ba4dfae.jpg,train_images/25ba4dfae.jpg,masks/25ba4dfae.png,1
474104794.jpg,train_images/474104794.jpg,masks/474104794.png,1
3711ecc93.jpg,train_images/3711ecc93.jpg,masks/3711ecc93.png,1
c6faa8c55.jpg,train_images/c6faa8c55.jpg,masks/c6faa8c55.png,1
64fdc1a7a.jpg,train_images/64fdc1a7a.jpg,masks/64fdc1a7a.png,1
f5fcc4750.jpg,train_images/f5fcc4750.jpg,masks/f5fcc4750.png,1
674be7ddd.jpg,train_images/674be7ddd.jpg,masks/674be7ddd.png,1
0606395c5.jpg,train_images/0606395c5.jpg,masks/0606395c5.png,1
c873d7724.jpg,train_images/c873d7724.jpg,masks/c873d7724.png,1
56abc5057.jpg,train_images/56abc5057.jpg,masks/56abc5057.png,1
f917bca00.jpg,train_images/f917bca00.jpg,masks/f917bca00.png,1
e036add44.jpg,train_images/e036add44.jpg,masks/e036add44.png,1
cbdb0828d.jpg,train_images/cbdb0828d.jpg,masks/cbdb0828d.png,1
0b475b419.jpg,train_images/0b475b419.jpg,masks/0b475b419.png,1
75f92b24f.jpg,train_images/75f92b24f.jpg,masks/75f92b24f.png,1
2fbdc1244.jpg,train_images/2fbdc1244.jpg,masks/2fbdc1244.png,1
15ab03ce5.jpg,train_images/15ab03ce5.jpg,masks/15ab03ce5.png,1
08a1a079b.jpg,train_images/08a1a079b.jpg,masks/08a1a079b.png,1
5bec4663f.jpg,train_images/5bec4663f.jpg,masks/5bec4663f.png,1
c248ca201.jpg,train_images/c248ca201.jpg,masks/c248ca201.png,1
5a0b3a924.jpg,train_images/5a0b3a924.jpg,masks/5a0b3a924.png,1
e74cf51d9.jpg,train_images/e74cf51d9.jpg,masks/e74cf51d9.png,1
4e9055d9e.jpg,train_images/4e9055d9e.jpg,masks/4e9055d9e.png,1
99d359803.jpg,train_images/99d359803.jpg,masks/99d359803.png,1
5432ff65a.jpg,train_images/5432ff65a.jpg,masks/5432ff65a.png,1
81ab8f502.jpg,train_images/81ab8f502.jpg,masks/81ab8f502.png,1
f40be459c.jpg,train_images/f40be459c.jpg,masks/f40be459c.png,1
a9840c747.jpg,train_images/a9840c747.jpg,masks/a9840c747.png,1
3a5246d98.jpg,train_images/3a5246d98.jpg,masks/3a5246d98.png,1
d6d71b8ec.jpg,train_images/d6d71b8ec.jpg,masks/d6d71b8ec.png,1
0340e13c4.jpg,train_images/0340e13c4.jpg,masks/0340e13c4.png,1
e07f3eb4b.jpg,train_images/e07f3eb4b.jpg,masks/e07f3eb4b.png,1
4cb7e5302.jpg,train_images/4cb7e5302.jpg,masks/4cb7e5302.png,1
554710095.jpg,train_images/554710095.jpg,masks/554710095.png,1
4dcb6f67a.jpg,train_images/4dcb6f67a.jpg,masks/4dcb6f67a.png,1
3740a6dd1.jpg,train_images/3740a6dd1.jpg,masks/3740a6dd1.png,1
71f687e7d.jpg,train_images/71f687e7d.jpg,masks/71f687e7d.png,1
96c8dd5a2.jpg,train_images/96c8dd5a2.jpg,masks/96c8dd5a2.png,1
01b492dd6.jpg,train_images/01b492dd6.jpg,masks/01b492dd6.png,1
b21f4da7f.jpg,train_images/b21f4da7f.jpg,masks/b21f4da7f.png,1
3ba5b066f.jpg,train_images/3ba5b066f.jpg,masks/3ba5b066f.png,1
df8e56f94.jpg,train_images/df8e56f94.jpg,masks/df8e56f94.png,1
7fc8b1ce5.jpg,train_images/7fc8b1ce5.jpg,masks/7fc8b1ce5.png,1
bb65f4269.jpg,train_images/bb65f4269.jpg,masks/bb65f4269.png,1
f3e1e7c47.jpg,train_images/f3e1e7c47.jpg,masks/f3e1e7c47.png,1
fde8d37fc.jpg,train_images/fde8d37fc.jpg,masks/fde8d37fc.png,1
49b34e921.jpg,train_images/49b34e921.jpg,masks/49b34e921.png,1
e1b18d841.jpg,train_images/e1b18d841.jpg,masks/e1b18d841.png,1
c9a42a79e.jpg,train_images/c9a42a79e.jpg,masks/c9a42a79e.png,1
b44cfa5ba.jpg,train_images/b44cfa5ba.jpg,masks/b44cfa5ba.png,1
6c9d6cc47.jpg,train_images/6c9d6cc47.jpg,masks/6c9d6cc47.png,1
9bf97c980.jpg,train_images/9bf97c980.jpg,masks/9bf97c980.png,1
48626da29.jpg,train_images/48626da29.jpg,masks/48626da29.png,1
dcd1ff127.jpg,train_images/dcd1ff127.jpg,masks/dcd1ff127.png,1
280dbbace.jpg,train_images/280dbbace.jpg,masks/280dbbace.png,1
bfe1815d5.jpg,train_images/bfe1815d5.jpg,masks/bfe1815d5.png,1
bfcffb683.jpg,train_images/bfcffb683.jpg,masks/bfcffb683.png,1
bfa249587.jpg,train_images/bfa249587.jpg,masks/bfa249587.png,1
713f8ef91.jpg,train_images/713f8ef91.jpg,masks/713f8ef91.png,1
7b547b234.jpg,train_images/7b547b234.jpg,masks/7b547b234.png,1
0fb30b22c.jpg,train_images/0fb30b22c.jpg,masks/0fb30b22c.png,1
ded3e76e3.jpg,train_images/ded3e76e3.jpg,masks/ded3e76e3.png,1
03461f8e0.jpg,train_images/03461f8e0.jpg,masks/03461f8e0.png,1
d43c06a93.jpg,train_images/d43c06a93.jpg,masks/d43c06a93.png,1
89b4f62f1.jpg,train_images/89b4f62f1.jpg,masks/89b4f62f1.png,1
09ee01161.jpg,train_images/09ee01161.jpg,masks/09ee01161.png,1
3eae81bc8.jpg,train_images/3eae81bc8.jpg,masks/3eae81bc8.png,1
1d5f3ecb8.jpg,train_images/1d5f3ecb8.jpg,masks/1d5f3ecb8.png,1
2fcfb108a.jpg,train_images/2fcfb108a.jpg,masks/2fcfb108a.png,1
5ec5dd646.jpg,train_images/5ec5dd646.jpg,masks/5ec5dd646.png,1
2d8146e53.jpg,train_images/2d8146e53.jpg,masks/2d8146e53.png,1
4c36590af.jpg,train_images/4c36590af.jpg,masks/4c36590af.png,1
f36bc094e.jpg,train_images/f36bc094e.jpg,masks/f36bc094e.png,1
7dc8d94dc.jpg,train_images/7dc8d94dc.jpg,masks/7dc8d94dc.png,1
e869118bb.jpg,train_images/e869118bb.jpg,masks/e869118bb.png,1
495d5828b.jpg,train_images/495d5828b.jpg,masks/495d5828b.png,1
1d7f05244.jpg,train_images/1d7f05244.jpg,masks/1d7f05244.png,1
01fd320c9.jpg,train_images/01fd320c9.jpg,masks/01fd320c9.png,1
06ad83bac.jpg,train_images/06ad83bac.jpg,masks/06ad83bac.png,1
373daa632.jpg,train_images/373daa632.jpg,masks/373daa632.png,1
c80f387aa.jpg,train_images/c80f387aa.jpg,masks/c80f387aa.png,1
2bed8342d.jpg,train_images/2bed8342d.jpg,masks/2bed8342d.png,1
9ae440fd0.jpg,train_images/9ae440fd0.jpg,masks/9ae440fd0.png,1
f20023b87.jpg,train_images/f20023b87.jpg,masks/f20023b87.png,1
fb565bc91.jpg,train_images/fb565bc91.jpg,masks/fb565bc91.png,1
9db7cdc58.jpg,train_images/9db7cdc58.jpg,masks/9db7cdc58.png,1
30d00096d.jpg,train_images/30d00096d.jpg,masks/30d00096d.png,1
9fea4f2ab.jpg,train_images/9fea4f2ab.jpg,masks/9fea4f2ab.png,1
ad6aed3f4.jpg,train_images/ad6aed3f4.jpg,masks/ad6aed3f4.png,1
2e97e0251.jpg,train_images/2e97e0251.jpg,masks/2e97e0251.png,1
69e618f88.jpg,train_images/69e618f88.jpg,masks/69e618f88.png,1
65eed1612.jpg,train_images/65eed1612.jpg,masks/65eed1612.png,1
3ace682cf.jpg,train_images/3ace682cf.jpg,masks/3ace682cf.png,1
2b8756d1b.jpg,train_images/2b8756d1b.jpg,masks/2b8756d1b.png,1
e3b9a7b07.jpg,train_images/e3b9a7b07.jpg,masks/e3b9a7b07.png,1
a0a58dd59.jpg,train_images/a0a58dd59.jpg,masks/a0a58dd59.png,1
8344ef24d.jpg,train_images/8344ef24d.jpg,masks/8344ef24d.png,1
d61dca6c7.jpg,train_images/d61dca6c7.jpg,masks/d61dca6c7.png,1
bb2975da4.jpg,train_images/bb2975da4.jpg,masks/bb2975da4.png,1
3abc94d79.jpg,train_images/3abc94d79.jpg,masks/3abc94d79.png,1
46582cff8.jpg,train_images/46582cff8.jpg,masks/46582cff8.png,1
2b53843e0.jpg,train_images/2b53843e0.jpg,masks/2b53843e0.png,1
09d87038e.jpg,train_images/09d87038e.jpg,masks/09d87038e.png,1
4c3afd528.jpg,train_images/4c3afd528.jpg,masks/4c3afd528.png,1
ce13a3739.jpg,train_images/ce13a3739.jpg,masks/ce13a3739.png,1
65f40b75f.jpg,train_images/65f40b75f.jpg,masks/65f40b75f.png,1
636852a01.jpg,train_images/636852a01.jpg,masks/636852a01.png,1
359442214.jpg,train_images/359442214.jpg,masks/359442214.png,1
3a53d95f3.jpg,train_images/3a53d95f3.jpg,masks/3a53d95f3.png,1
bdd1c7fa8.jpg,train_images/bdd1c7fa8.jpg,masks/bdd1c7fa8.png,1
3da8dae0b.jpg,train_images/3da8dae0b.jpg,masks/3da8dae0b.png,1
9c41af5a0.jpg,train_images/9c41af5a0.jpg,masks/9c41af5a0.png,1
9202ebeb6.jpg,train_images/9202ebeb6.jpg,masks/9202ebeb6.png,1
4e39d8c5c.jpg,train_images/4e39d8c5c.jpg,masks/4e39d8c5c.png,1
e59a4b5cb.jpg,train_images/e59a4b5cb.jpg,masks/e59a4b5cb.png,1
f6e2cc602.jpg,train_images/f6e2cc602.jpg,masks/f6e2cc602.png,1
238d6df92.jpg,train_images/238d6df92.jpg,masks/238d6df92.png,1
ac03345dc.jpg,train_images/ac03345dc.jpg,masks/ac03345dc.png,1
9bfcca020.jpg,train_images/9bfcca020.jpg,masks/9bfcca020.png,1
9347e65bb.jpg,train_images/9347e65bb.jpg,masks/9347e65bb.png,1
00e0398ad.jpg,train_images/00e0398ad.jpg,masks/00e0398ad.png,1
0e1925eb6.jpg,train_images/0e1925eb6.jpg,masks/0e1925eb6.png,1
010db68d1.jpg,train_images/010db68d1.jpg,masks/010db68d1.png,1
bdb31300b.jpg,train_images/bdb31300b.jpg,masks/bdb31300b.png,1
163ff3547.jpg,train_images/163ff3547.jpg,masks/163ff3547.png,1
052838084.jpg,train_images/052838084.jpg,masks/052838084.png,1
d238605c1.jpg,train_images/d238605c1.jpg,masks/d238605c1.png,1
cf4008024.jpg,train_images/cf4008024.jpg,masks/cf4008024.png,1
763871334.jpg,train_images/763871334.jpg,masks/763871334.png,1
d0ba35b7f.jpg,train_images/d0ba35b7f.jpg,masks/d0ba35b7f.png,1
3adb7c36d.jpg,train_images/3adb7c36d.jpg,masks/3adb7c36d.png,1
db1c5b4f7.jpg,train_images/db1c5b4f7.jpg,masks/db1c5b4f7.png,1
4b9eb5d64.jpg,train_images/4b9eb5d64.jpg,masks/4b9eb5d64.png,1
a909833f5.jpg,train_images/a909833f5.jpg,masks/a909833f5.png,1
822ccb565.jpg,train_images/822ccb565.jpg,masks/822ccb565.png,1
8f9b92f31.jpg,train_images/8f9b92f31.jpg,masks/8f9b92f31.png,1
644f9c71d.jpg,train_images/644f9c71d.jpg,masks/644f9c71d.png,1
0b56da4ff.jpg,train_images/0b56da4ff.jpg,masks/0b56da4ff.png,1
d3ef4bac1.jpg,train_images/d3ef4bac1.jpg,masks/d3ef4bac1.png,1
bfc82bcbd.jpg,train_images/bfc82bcbd.jpg,masks/bfc82bcbd.png,1
e51c76beb.jpg,train_images/e51c76beb.jpg,masks/e51c76beb.png,1
1d83b44be.jpg,train_images/1d83b44be.jpg,masks/1d83b44be.png,1
c18e129a3.jpg,train_images/c18e129a3.jpg,masks/c18e129a3.png,1
ed861754e.jpg,train_images/ed861754e.jpg,masks/ed861754e.png,1
9f054c54f.jpg,train_images/9f054c54f.jpg,masks/9f054c54f.png,1
a77b147af.jpg,train_images/a77b147af.jpg,masks/a77b147af.png,1
29f50b1fd.jpg,train_images/29f50b1fd.jpg,masks/29f50b1fd.png,1
195e36565.jpg,train_images/195e36565.jpg,masks/195e36565.png,1
6b9b11301.jpg,train_images/6b9b11301.jpg,masks/6b9b11301.png,1
b3d4c7809.jpg,train_images/b3d4c7809.jpg,masks/b3d4c7809.png,1
e104181f2.jpg,train_images/e104181f2.jpg,masks/e104181f2.png,1
dc636ab48.jpg,train_images/dc636ab48.jpg,masks/dc636ab48.png,1
81fa665da.jpg,train_images/81fa665da.jpg,masks/81fa665da.png,1
a8b77ce4d.jpg,train_images/a8b77ce4d.jpg,masks/a8b77ce4d.png,1
53994e13b.jpg,train_images/53994e13b.jpg,masks/53994e13b.png,1
3fea4633e.jpg,train_images/3fea4633e.jpg,masks/3fea4633e.png,1
52cf9caf9.jpg,train_images/52cf9caf9.jpg,masks/52cf9caf9.png,1
c9f73af1b.jpg,train_images/c9f73af1b.jpg,masks/c9f73af1b.png,1
82f4c0b69.jpg,train_images/82f4c0b69.jpg,masks/82f4c0b69.png,1
1ebd7aba5.jpg,train_images/1ebd7aba5.jpg,masks/1ebd7aba5.png,1
262db4b7e.jpg,train_images/262db4b7e.jpg,masks/262db4b7e.png,1
5462fa711.jpg,train_images/5462fa711.jpg,masks/5462fa711.png,1
b3d4ba1e2.jpg,train_images/b3d4ba1e2.jpg,masks/b3d4ba1e2.png,1
d7ae2c9be.jpg,train_images/d7ae2c9be.jpg,masks/d7ae2c9be.png,1
5952d06e5.jpg,train_images/5952d06e5.jpg,masks/5952d06e5.png,1
0c6720401.jpg,train_images/0c6720401.jpg,masks/0c6720401.png,1
459840244.jpg,train_images/459840244.jpg,masks/459840244.png,1
adf68e54a.jpg,train_images/adf68e54a.jpg,masks/adf68e54a.png,1
2c061aed6.jpg,train_images/2c061aed6.jpg,masks/2c061aed6.png,1
09e75817a.jpg,train_images/09e75817a.jpg,masks/09e75817a.png,1
0970201e2.jpg,train_images/0970201e2.jpg,masks/0970201e2.png,1
b04b907b2.jpg,train_images/b04b907b2.jpg,masks/b04b907b2.png,1
8d26ca58c.jpg,train_images/8d26ca58c.jpg,masks/8d26ca58c.png,1
f95d6f436.jpg,train_images/f95d6f436.jpg,masks/f95d6f436.png,1
e2abceace.jpg,train_images/e2abceace.jpg,masks/e2abceace.png,1
8e08d9cd6.jpg,train_images/8e08d9cd6.jpg,masks/8e08d9cd6.png,1
a5b53e614.jpg,train_images/a5b53e614.jpg,masks/a5b53e614.png,1
7e9c7f52d.jpg,train_images/7e9c7f52d.jpg,masks/7e9c7f52d.png,1
1ab07605b.jpg,train_images/1ab07605b.jpg,masks/1ab07605b.png,1
a05708135.jpg,train_images/a05708135.jpg,masks/a05708135.png,1
61bc906d9.jpg,train_images/61bc906d9.jpg,masks/61bc906d9.png,1
2e55a1149.jpg,train_images/2e55a1149.jpg,masks/2e55a1149.png,1
36a689ebf.jpg,train_images/36a689ebf.jpg,masks/36a689ebf.png,1
df5c68422.jpg,train_images/df5c68422.jpg,masks/df5c68422.png,1
a97d3a84e.jpg,train_images/a97d3a84e.jpg,masks/a97d3a84e.png,1
ec0c4dd47.jpg,train_images/ec0c4dd47.jpg,masks/ec0c4dd47.png,1
aefd662e5.jpg,train_images/aefd662e5.jpg,masks/aefd662e5.png,1
92ca72504.jpg,train_images/92ca72504.jpg,masks/92ca72504.png,1
d4af6d206.jpg,train_images/d4af6d206.jpg,masks/d4af6d206.png,1
4abec5e22.jpg,train_images/4abec5e22.jpg,masks/4abec5e22.png,1
018ccdfed.jpg,train_images/018ccdfed.jpg,masks/018ccdfed.png,1
0bd6da716.jpg,train_images/0bd6da716.jpg,masks/0bd6da716.png,1
1b9fb7411.jpg,train_images/1b9fb7411.jpg,masks/1b9fb7411.png,1
104e612c2.jpg,train_images/104e612c2.jpg,masks/104e612c2.png,1
23c3474fb.jpg,train_images/23c3474fb.jpg,masks/23c3474fb.png,1
de85a0a75.jpg,train_images/de85a0a75.jpg,masks/de85a0a75.png,1
b57c00a3f.jpg,train_images/b57c00a3f.jpg,masks/b57c00a3f.png,1
5ed08442d.jpg,train_images/5ed08442d.jpg,masks/5ed08442d.png,1
7a7aea2c1.jpg,train_images/7a7aea2c1.jpg,masks/7a7aea2c1.png,1
f5d3a64cd.jpg,train_images/f5d3a64cd.jpg,masks/f5d3a64cd.png,1
c7755caf9.jpg,train_images/c7755caf9.jpg,masks/c7755caf9.png,1
a88757126.jpg,train_images/a88757126.jpg,masks/a88757126.png,1
e0cf5558b.jpg,train_images/e0cf5558b.jpg,masks/e0cf5558b.png,1
4b4bbf418.jpg,train_images/4b4bbf418.jpg,masks/4b4bbf418.png,1
98bb73faf.jpg,train_images/98bb73faf.jpg,masks/98bb73faf.png,1
e4b3b7491.jpg,train_images/e4b3b7491.jpg,masks/e4b3b7491.png,1
4af9e9b53.jpg,train_images/4af9e9b53.jpg,masks/4af9e9b53.png,1
961c828de.jpg,train_images/961c828de.jpg,masks/961c828de.png,1
115c02850.jpg,train_images/115c02850.jpg,masks/115c02850.png,1
a763e8b83.jpg,train_images/a763e8b83.jpg,masks/a763e8b83.png,1
a52f36666.jpg,train_images/a52f36666.jpg,masks/a52f36666.png,1
63972a7c5.jpg,train_images/63972a7c5.jpg,masks/63972a7c5.png,1
284639f13.jpg,train_images/284639f13.jpg,masks/284639f13.png,1
79c456a92.jpg,train_images/79c456a92.jpg,masks/79c456a92.png,1
c038c0588.jpg,train_images/c038c0588.jpg,masks/c038c0588.png,1
c6a29f8f0.jpg,train_images/c6a29f8f0.jpg,masks/c6a29f8f0.png,1
5afa3d1e3.jpg,train_images/5afa3d1e3.jpg,masks/5afa3d1e3.png,1
56cc8fb98.jpg,train_images/56cc8fb98.jpg,masks/56cc8fb98.png,1
f6c5aad59.jpg,train_images/f6c5aad59.jpg,masks/f6c5aad59.png,1
383d5f225.jpg,train_images/383d5f225.jpg,masks/383d5f225.png,1
8ad6069fe.jpg,train_images/8ad6069fe.jpg,masks/8ad6069fe.png,1
eaa65effb.jpg,train_images/eaa65effb.jpg,masks/eaa65effb.png,1
8f76dd4ec.jpg,train_images/8f76dd4ec.jpg,masks/8f76dd4ec.png,1
251ed373d.jpg,train_images/251ed373d.jpg,masks/251ed373d.png,1
769fe56c3.jpg,train_images/769fe56c3.jpg,masks/769fe56c3.png,1
4d6da5e7d.jpg,train_images/4d6da5e7d.jpg,masks/4d6da5e7d.png,1
398ea43ed.jpg,train_images/398ea43ed.jpg,masks/398ea43ed.png,1
62b81735c.jpg,train_images/62b81735c.jpg,masks/62b81735c.png,1
3860f3d39.jpg,train_images/3860f3d39.jpg,masks/3860f3d39.png,1
1ea493a4f.jpg,train_images/1ea493a4f.jpg,masks/1ea493a4f.png,1
c34bf9bec.jpg,train_images/c34bf9bec.jpg,masks/c34bf9bec.png,1
fa130006f.jpg,train_images/fa130006f.jpg,masks/fa130006f.png,1
ec52fac2d.jpg,train_images/ec52fac2d.jpg,masks/ec52fac2d.png,1
cd23a468a.jpg,train_images/cd23a468a.jpg,masks/cd23a468a.png,1
e055afd50.jpg,train_images/e055afd50.jpg,masks/e055afd50.png,1
bfaa6cae6.jpg,train_images/bfaa6cae6.jpg,masks/bfaa6cae6.png,1
178490b45.jpg,train_images/178490b45.jpg,masks/178490b45.png,1
cee6f5bec.jpg,train_images/cee6f5bec.jpg,masks/cee6f5bec.png,1
9b09b2a38.jpg,train_images/9b09b2a38.jpg,masks/9b09b2a38.png,1
d614b65db.jpg,train_images/d614b65db.jpg,masks/d614b65db.png,1
c3ff1a7cd.jpg,train_images/c3ff1a7cd.jpg,masks/c3ff1a7cd.png,1
0a26aceb2.jpg,train_images/0a26aceb2.jpg,masks/0a26aceb2.png,1
c6d3371a8.jpg,train_images/c6d3371a8.jpg,masks/c6d3371a8.png,1
de001c4e1.jpg,train_images/de001c4e1.jpg,masks/de001c4e1.png,1
832c4b74c.jpg,train_images/832c4b74c.jpg,masks/832c4b74c.png,1
66e43edf6.jpg,train_images/66e43edf6.jpg,masks/66e43edf6.png,1
fab50d91a.jpg,train_images/fab50d91a.jpg,masks/fab50d91a.png,1
a30fe9da2.jpg,train_images/a30fe9da2.jpg,masks/a30fe9da2.png,1
528112571.jpg,train_images/528112571.jpg,masks/528112571.png,1
54de37d5e.jpg,train_images/54de37d5e.jpg,masks/54de37d5e.png,1
2ae658a56.jpg,train_images/2ae658a56.jpg,masks/2ae658a56.png,1
5de4f67ec.jpg,train_images/5de4f67ec.jpg,masks/5de4f67ec.png,1
d1aaada08.jpg,train_images/d1aaada08.jpg,masks/d1aaada08.png,1
a5c3d1132.jpg,train_images/a5c3d1132.jpg,masks/a5c3d1132.png,1
cb7c34c05.jpg,train_images/cb7c34c05.jpg,masks/cb7c34c05.png,1
7149874c8.jpg,train_images/7149874c8.jpg,masks/7149874c8.png,1
ea6227174.jpg,train_images/ea6227174.jpg,masks/ea6227174.png,1
70279ce5b.jpg,train_images/70279ce5b.jpg,masks/70279ce5b.png,1
0d617d477.jpg,train_images/0d617d477.jpg,masks/0d617d477.png,1
a239718e1.jpg,train_images/a239718e1.jpg,masks/a239718e1.png,1
80d60d687.jpg,train_images/80d60d687.jpg,masks/80d60d687.png,1
232a62357.jpg,train_images/232a62357.jpg,masks/232a62357.png,1
4ec0d49df.jpg,train_images/4ec0d49df.jpg,masks/4ec0d49df.png,1
a9d3b0f3e.jpg,train_images/a9d3b0f3e.jpg,masks/a9d3b0f3e.png,1
e4a7202d9.jpg,train_images/e4a7202d9.jpg,masks/e4a7202d9.png,1
c3c091454.jpg,train_images/c3c091454.jpg,masks/c3c091454.png,1
6d266664c.jpg,train_images/6d266664c.jpg,masks/6d266664c.png,1
01661826d.jpg,train_images/01661826d.jpg,masks/01661826d.png,1
71efb042b.jpg,train_images/71efb042b.jpg,masks/71efb042b.png,1
cb9e7a337.jpg,train_images/cb9e7a337.jpg,masks/cb9e7a337.png,1
d94082fe6.jpg,train_images/d94082fe6.jpg,masks/d94082fe6.png,1
ef3c774d4.jpg,train_images/ef3c774d4.jpg,masks/ef3c774d4.png,1
d0a0b9951.jpg,train_images/d0a0b9951.jpg,masks/d0a0b9951.png,1
b24d691a6.jpg,train_images/b24d691a6.jpg,masks/b24d691a6.png,1
cac001c04.jpg,train_images/cac001c04.jpg,masks/cac001c04.png,1
07a5651ce.jpg,train_images/07a5651ce.jpg,masks/07a5651ce.png,1
61cbb3c15.jpg,train_images/61cbb3c15.jpg,masks/61cbb3c15.png,1
d0befd683.jpg,train_images/d0befd683.jpg,masks/d0befd683.png,1
1efdd626e.jpg,train_images/1efdd626e.jpg,masks/1efdd626e.png,1
a71e7121c.jpg,train_images/a71e7121c.jpg,masks/a71e7121c.png,1
7d9d768e0.jpg,train_images/7d9d768e0.jpg,masks/7d9d768e0.png,1
5a718d72e.jpg,train_images/5a718d72e.jpg,masks/5a718d72e.png,1
b5b99c878.jpg,train_images/b5b99c878.jpg,masks/b5b99c878.png,1
fcddbcbc0.jpg,train_images/fcddbcbc0.jpg,masks/fcddbcbc0.png,1
5e0744d4b.jpg,train_images/5e0744d4b.jpg,masks/5e0744d4b.png,1
6eb148407.jpg,train_images/6eb148407.jpg,masks/6eb148407.png,1
6a0322a07.jpg,train_images/6a0322a07.jpg,masks/6a0322a07.png,1
3266ff34d.jpg,train_images/3266ff34d.jpg,masks/3266ff34d.png,1
d01d3e444.jpg,train_images/d01d3e444.jpg,masks/d01d3e444.png,1
f0074b888.jpg,train_images/f0074b888.jpg,masks/f0074b888.png,1
51d3e5941.jpg,train_images/51d3e5941.jpg,masks/51d3e5941.png,1
1287c7c74.jpg,train_images/1287c7c74.jpg,masks/1287c7c74.png,1
c7b88e40a.jpg,train_images/c7b88e40a.jpg,masks/c7b88e40a.png,1
a0ee1d0ac.jpg,train_images/a0ee1d0ac.jpg,masks/a0ee1d0ac.png,1
bca4ae758.jpg,train_images/bca4ae758.jpg,masks/bca4ae758.png,1
86a9a4ab0.jpg,train_images/86a9a4ab0.jpg,masks/86a9a4ab0.png,1
c2afd0495.jpg,train_images/c2afd0495.jpg,masks/c2afd0495.png,1
d426f0d76.jpg,train_images/d426f0d76.jpg,masks/d426f0d76.png,1
9570a27f4.jpg,train_images/9570a27f4.jpg,masks/9570a27f4.png,1
da8ace073.jpg,train_images/da8ace073.jpg,masks/da8ace073.png,1
7393b145f.jpg,train_images/7393b145f.jpg,masks/7393b145f.png,1
d1ed49385.jpg,train_images/d1ed49385.jpg,masks/d1ed49385.png,1
c135aedee.jpg,train_images/c135aedee.jpg,masks/c135aedee.png,1
1755b86e4.jpg,train_images/1755b86e4.jpg,masks/1755b86e4.png,1
abc73ae71.jpg,train_images/abc73ae71.jpg,masks/abc73ae71.png,1
ea13e9557.jpg,train_images/ea13e9557.jpg,masks/ea13e9557.png,1
e690329c1.jpg,train_images/e690329c1.jpg,masks/e690329c1.png,1
5f2223804.jpg,train_images/5f2223804.jpg,masks/5f2223804.png,1
18c14f720.jpg,train_images/18c14f720.jpg,masks/18c14f720.png,1
4e2c9230d.jpg,train_images/4e2c9230d.jpg,masks/4e2c9230d.png,1
b754c1efe.jpg,train_images/b754c1efe.jpg,masks/b754c1efe.png,1
5a9f713f3.jpg,train_images/5a9f713f3.jpg,masks/5a9f713f3.png,1
eb3f5c9c8.jpg,train_images/eb3f5c9c8.jpg,masks/eb3f5c9c8.png,1
395e96be9.jpg,train_images/395e96be9.jpg,masks/395e96be9.png,1
86a54a0e9.jpg,train_images/86a54a0e9.jpg,masks/86a54a0e9.png,1
dfbd6656a.jpg,train_images/dfbd6656a.jpg,masks/dfbd6656a.png,1
34561de46.jpg,train_images/34561de46.jpg,masks/34561de46.png,1
c53423923.jpg,train_images/c53423923.jpg,masks/c53423923.png,1
15d258692.jpg,train_images/15d258692.jpg,masks/15d258692.png,1
efc63b0b9.jpg,train_images/efc63b0b9.jpg,masks/efc63b0b9.png,1
b719010ac.jpg,train_images/b719010ac.jpg,masks/b719010ac.png,1
b07380a2e.jpg,train_images/b07380a2e.jpg,masks/b07380a2e.png,1
060964105.jpg,train_images/060964105.jpg,masks/060964105.png,1
d02f1b229.jpg,train_images/d02f1b229.jpg,masks/d02f1b229.png,1
1d4d33873.jpg,train_images/1d4d33873.jpg,masks/1d4d33873.png,1
24a91d324.jpg,train_images/24a91d324.jpg,masks/24a91d324.png,1
1ed75107a.jpg,train_images/1ed75107a.jpg,masks/1ed75107a.png,1
70639811b.jpg,train_images/70639811b.jpg,masks/70639811b.png,1
005f02e20.jpg,train_images/005f02e20.jpg,masks/005f02e20.png,1
b7df222b1.jpg,train_images/b7df222b1.jpg,masks/b7df222b1.png,1
3ace653be.jpg,train_images/3ace653be.jpg,masks/3ace653be.png,1
5994c3b58.jpg,train_images/5994c3b58.jpg,masks/5994c3b58.png,1
cc3b99f17.jpg,train_images/cc3b99f17.jpg,masks/cc3b99f17.png,1
181d5197b.jpg,train_images/181d5197b.jpg,masks/181d5197b.png,1
d73e9b13b.jpg,train_images/d73e9b13b.jpg,masks/d73e9b13b.png,1
af0aad614.jpg,train_images/af0aad614.jpg,masks/af0aad614.png,1
69403726e.jpg,train_images/69403726e.jpg,masks/69403726e.png,1
fe21a795a.jpg,train_images/fe21a795a.jpg,masks/fe21a795a.png,1
c704ec6ca.jpg,train_images/c704ec6ca.jpg,masks/c704ec6ca.png,1
7af339322.jpg,train_images/7af339322.jpg,masks/7af339322.png,1
89ef83ab7.jpg,train_images/89ef83ab7.jpg,masks/89ef83ab7.png,1
9ec897b68.jpg,train_images/9ec897b68.jpg,masks/9ec897b68.png,1
94882163b.jpg,train_images/94882163b.jpg,masks/94882163b.png,1
69d546af3.jpg,train_images/69d546af3.jpg,masks/69d546af3.png,1
5c86de06f.jpg,train_images/5c86de06f.jpg,masks/5c86de06f.png,1
4e265c94c.jpg,train_images/4e265c94c.jpg,masks/4e265c94c.png,1
16b8b50af.jpg,train_images/16b8b50af.jpg,masks/16b8b50af.png,1
5fccf97d8.jpg,train_images/5fccf97d8.jpg,masks/5fccf97d8.png,1
17383bd97.jpg,train_images/17383bd97.jpg,masks/17383bd97.png,1
f79f9f617.jpg,train_images/f79f9f617.jpg,masks/f79f9f617.png,1
e658a2891.jpg,train_images/e658a2891.jpg,masks/e658a2891.png,1
6078cc0b1.jpg,train_images/6078cc0b1.jpg,masks/6078cc0b1.png,1
488922ac2.jpg,train_images/488922ac2.jpg,masks/488922ac2.png,1
42695cb60.jpg,train_images/42695cb60.jpg,masks/42695cb60.png,1
1ae56dead.jpg,train_images/1ae56dead.jpg,masks/1ae56dead.png,1
3f39b85b9.jpg,train_images/3f39b85b9.jpg,masks/3f39b85b9.png,1
8957f8d0e.jpg,train_images/8957f8d0e.jpg,masks/8957f8d0e.png,1
922939d64.jpg,train_images/922939d64.jpg,masks/922939d64.png,1
260e316eb.jpg,train_images/260e316eb.jpg,masks/260e316eb.png,1
445dfb2ce.jpg,train_images/445dfb2ce.jpg,masks/445dfb2ce.png,1
1e2bd7ad0.jpg,train_images/1e2bd7ad0.jpg,masks/1e2bd7ad0.png,1
0030401a5.jpg,train_images/0030401a5.jpg,masks/0030401a5.png,1
037fca267.jpg,train_images/037fca267.jpg,masks/037fca267.png,1
5e92f8e11.jpg,train_images/5e92f8e11.jpg,masks/5e92f8e11.png,1
09757b84e.jpg,train_images/09757b84e.jpg,masks/09757b84e.png,1
1ef476f3c.jpg,train_images/1ef476f3c.jpg,masks/1ef476f3c.png,1
0bc0d715e.jpg,train_images/0bc0d715e.jpg,masks/0bc0d715e.png,1
3846a8c0c.jpg,train_images/3846a8c0c.jpg,masks/3846a8c0c.png,1
c51011137.jpg,train_images/c51011137.jpg,masks/c51011137.png,1
af5c06a20.jpg,train_images/af5c06a20.jpg,masks/af5c06a20.png,1
dbc93dc99.jpg,train_images/dbc93dc99.jpg,masks/dbc93dc99.png,1
387b30006.jpg,train_images/387b30006.jpg,masks/387b30006.png,1
351936382.jpg,train_images/351936382.jpg,masks/351936382.png,1
4adc459d5.jpg,train_images/4adc459d5.jpg,masks/4adc459d5.png,1
517f3ce34.jpg,train_images/517f3ce34.jpg,masks/517f3ce34.png,1
1b955ad28.jpg,train_images/1b955ad28.jpg,masks/1b955ad28.png,1
d32f48999.jpg,train_images/d32f48999.jpg,masks/d32f48999.png,1
ee0f815a0.jpg,train_images/ee0f815a0.jpg,masks/ee0f815a0.png,1
f5be628ef.jpg,train_images/f5be628ef.jpg,masks/f5be628ef.png,1
12274ea9c.jpg,train_images/12274ea9c.jpg,masks/12274ea9c.png,1
686579cd4.jpg,train_images/686579cd4.jpg,masks/686579cd4.png,1
039577d49.jpg,train_images/039577d49.jpg,masks/039577d49.png,1
e1e0a91b8.jpg,train_images/e1e0a91b8.jpg,masks/e1e0a91b8.png,1
e5a59184b.jpg,train_images/e5a59184b.jpg,masks/e5a59184b.png,1
7749df027.jpg,train_images/7749df027.jpg,masks/7749df027.png,1
32eca38d5.jpg,train_images/32eca38d5.jpg,masks/32eca38d5.png,1
af09a0336.jpg,train_images/af09a0336.jpg,masks/af09a0336.png,1
1fed233e0.jpg,train_images/1fed233e0.jpg,masks/1fed233e0.png,1
50ff24e6e.jpg,train_images/50ff24e6e.jpg,masks/50ff24e6e.png,1
a430d56ba.jpg,train_images/a430d56ba.jpg,masks/a430d56ba.png,1
fe90516f3.jpg,train_images/fe90516f3.jpg,masks/fe90516f3.png,1
2cd524ca5.jpg,train_images/2cd524ca5.jpg,masks/2cd524ca5.png,1
35a8b85a8.jpg,train_images/35a8b85a8.jpg,masks/35a8b85a8.png,1
b3b8f0c9e.jpg,train_images/b3b8f0c9e.jpg,masks/b3b8f0c9e.png,1
71b3a6858.jpg,train_images/71b3a6858.jpg,masks/71b3a6858.png,1
6308e03ad.jpg,train_images/6308e03ad.jpg,masks/6308e03ad.png,1
9028ff68e.jpg,train_images/9028ff68e.jpg,masks/9028ff68e.png,1
b030ec597.jpg,train_images/b030ec597.jpg,masks/b030ec597.png,1
bc0a90164.jpg,train_images/bc0a90164.jpg,masks/bc0a90164.png,1
a63669b29.jpg,train_images/a63669b29.jpg,masks/a63669b29.png,1
1e893e86c.jpg,train_images/1e893e86c.jpg,masks/1e893e86c.png,1
46dfd5be4.jpg,train_images/46dfd5be4.jpg,masks/46dfd5be4.png,1
8445de2d9.jpg,train_images/8445de2d9.jpg,masks/8445de2d9.png,1
2ded1960e.jpg,train_images/2ded1960e.jpg,masks/2ded1960e.png,1
4f002a224.jpg,train_images/4f002a224.jpg,masks/4f002a224.png,1
1e1f0b7b0.jpg,train_images/1e1f0b7b0.jpg,masks/1e1f0b7b0.png,1
7612f0d6c.jpg,train_images/7612f0d6c.jpg,masks/7612f0d6c.png,1
4cc6b09fd.jpg,train_images/4cc6b09fd.jpg,masks/4cc6b09fd.png,1
dc46cd893.jpg,train_images/dc46cd893.jpg,masks/dc46cd893.png,1
31f71b8a4.jpg,train_images/31f71b8a4.jpg,masks/31f71b8a4.png,1
bf740c1e2.jpg,train_images/bf740c1e2.jpg,masks/bf740c1e2.png,1
9bc62ca61.jpg,train_images/9bc62ca61.jpg,masks/9bc62ca61.png,1
311edf4e4.jpg,train_images/311edf4e4.jpg,masks/311edf4e4.png,1
dd2390317.jpg,train_images/dd2390317.jpg,masks/dd2390317.png,1
a3148f47c.jpg,train_images/a3148f47c.jpg,masks/a3148f47c.png,1
7b8d4b6d4.jpg,train_images/7b8d4b6d4.jpg,masks/7b8d4b6d4.png,1
bdb24ff3b.jpg,train_images/bdb24ff3b.jpg,masks/bdb24ff3b.png,1
10909b4bb.jpg,train_images/10909b4bb.jpg,masks/10909b4bb.png,1
ff52f9fe2.jpg,train_images/ff52f9fe2.jpg,masks/ff52f9fe2.png,1
353e60eef.jpg,train_images/353e60eef.jpg,masks/353e60eef.png,1
101648543.jpg,train_images/101648543.jpg,masks/101648543.png,1
895c92dd5.jpg,train_images/895c92dd5.jpg,masks/895c92dd5.png,1
96299c17c.jpg,train_images/96299c17c.jpg,masks/96299c17c.png,1
fd2a53b9a.jpg,train_images/fd2a53b9a.jpg,masks/fd2a53b9a.png,1
533926801.jpg,train_images/533926801.jpg,masks/533926801.png,1
7be8a27c8.jpg,train_images/7be8a27c8.jpg,masks/7be8a27c8.png,1
04fa19d59.jpg,train_images/04fa19d59.jpg,masks/04fa19d59.png,1
4c67c9b8e.jpg,train_images/4c67c9b8e.jpg,masks/4c67c9b8e.png,1
758e655a8.jpg,train_images/758e655a8.jpg,masks/758e655a8.png,1
fbadf780f.jpg,train_images/fbadf780f.jpg,masks/fbadf780f.png,1
6a248797a.jpg,train_images/6a248797a.jpg,masks/6a248797a.png,1
b26acc3a8.jpg,train_images/b26acc3a8.jpg,masks/b26acc3a8.png,1
01b043500.jpg,train_images/01b043500.jpg,masks/01b043500.png,1
fd5de08ea.jpg,train_images/fd5de08ea.jpg,masks/fd5de08ea.png,1
8bc5aeca3.jpg,train_images/8bc5aeca3.jpg,masks/8bc5aeca3.png,1
2e3b354cd.jpg,train_images/2e3b354cd.jpg,masks/2e3b354cd.png,1
33514c0b1.jpg,train_images/33514c0b1.jpg,masks/33514c0b1.png,1
5a3c3a927.jpg,train_images/5a3c3a927.jpg,masks/5a3c3a927.png,1
b229bd6b5.jpg,train_images/b229bd6b5.jpg,masks/b229bd6b5.png,1
2560e7b91.jpg,train_images/2560e7b91.jpg,masks/2560e7b91.png,1
268446e17.jpg,train_images/268446e17.jpg,masks/268446e17.png,1
0f4bf08bd.jpg,train_images/0f4bf08bd.jpg,masks/0f4bf08bd.png,1
59ce36e8a.jpg,train_images/59ce36e8a.jpg,masks/59ce36e8a.png,1
3bbab6db6.jpg,train_images/3bbab6db6.jpg,masks/3bbab6db6.png,1
b2148a422.jpg,train_images/b2148a422.jpg,masks/b2148a422.png,1
caead5f75.jpg,train_images/caead5f75.jpg,masks/caead5f75.png,1
18615eacf.jpg,train_images/18615eacf.jpg,masks/18615eacf.png,1
653655d53.jpg,train_images/653655d53.jpg,masks/653655d53.png,1
ddef064ae.jpg,train_images/ddef064ae.jpg,masks/ddef064ae.png,1
44d46adc8.jpg,train_images/44d46adc8.jpg,masks/44d46adc8.png,1
33a4b4335.jpg,train_images/33a4b4335.jpg,masks/33a4b4335.png,1
5fa81f2b5.jpg,train_images/5fa81f2b5.jpg,masks/5fa81f2b5.png,1
a7d5ae972.jpg,train_images/a7d5ae972.jpg,masks/a7d5ae972.png,1
5fb05ccea.jpg,train_images/5fb05ccea.jpg,masks/5fb05ccea.png,1
36ee3149e.jpg,train_images/36ee3149e.jpg,masks/36ee3149e.png,1
a2e96800f.jpg,train_images/a2e96800f.jpg,masks/a2e96800f.png,1
5c8c555a3.jpg,train_images/5c8c555a3.jpg,masks/5c8c555a3.png,1
f23c857a4.jpg,train_images/f23c857a4.jpg,masks/f23c857a4.png,1
eebcc0af3.jpg,train_images/eebcc0af3.jpg,masks/eebcc0af3.png,1
5a4ca9b10.jpg,train_images/5a4ca9b10.jpg,masks/5a4ca9b10.png,1
8e5f4851e.jpg,train_images/8e5f4851e.jpg,masks/8e5f4851e.png,1
dbf8177c1.jpg,train_images/dbf8177c1.jpg,masks/dbf8177c1.png,1
b69aaf096.jpg,train_images/b69aaf096.jpg,masks/b69aaf096.png,1
844a48ae2.jpg,train_images/844a48ae2.jpg,masks/844a48ae2.png,1
1809bcad9.jpg,train_images/1809bcad9.jpg,masks/1809bcad9.png,1
37df5752a.jpg,train_images/37df5752a.jpg,masks/37df5752a.png,1
f0fdd6b7f.jpg,train_images/f0fdd6b7f.jpg,masks/f0fdd6b7f.png,1
741a5c461.jpg,train_images/741a5c461.jpg,masks/741a5c461.png,1
02b2d3aa4.jpg,train_images/02b2d3aa4.jpg,masks/02b2d3aa4.png,1
c46065903.jpg,train_images/c46065903.jpg,masks/c46065903.png,1
638531c87.jpg,train_images/638531c87.jpg,masks/638531c87.png,1
f97db2626.jpg,train_images/f97db2626.jpg,masks/f97db2626.png,1
a51bf62f7.jpg,train_images/a51bf62f7.jpg,masks/a51bf62f7.png,1
5bb466d48.jpg,train_images/5bb466d48.jpg,masks/5bb466d48.png,1
8821b2e2c.jpg,train_images/8821b2e2c.jpg,masks/8821b2e2c.png,1
23b06f857.jpg,train_images/23b06f857.jpg,masks/23b06f857.png,1
093ec1c68.jpg,train_images/093ec1c68.jpg,masks/093ec1c68.png,1
d37fb426f.jpg,train_images/d37fb426f.jpg,masks/d37fb426f.png,1
2789df930.jpg,train_images/2789df930.jpg,masks/2789df930.png,1
e3f979ef5.jpg,train_images/e3f979ef5.jpg,masks/e3f979ef5.png,1
4941491de.jpg,train_images/4941491de.jpg,masks/4941491de.png,1
6d5d698e0.jpg,train_images/6d5d698e0.jpg,masks/6d5d698e0.png,1
3012f44e9.jpg,train_images/3012f44e9.jpg,masks/3012f44e9.png,1
ac0bec1fa.jpg,train_images/ac0bec1fa.jpg,masks/ac0bec1fa.png,1
303f25bee.jpg,train_images/303f25bee.jpg,masks/303f25bee.png,1
ce7570214.jpg,train_images/ce7570214.jpg,masks/ce7570214.png,1
bb9bfedfd.jpg,train_images/bb9bfedfd.jpg,masks/bb9bfedfd.png,1
49416ce82.jpg,train_images/49416ce82.jpg,masks/49416ce82.png,1
ff96dfa95.jpg,train_images/ff96dfa95.jpg,masks/ff96dfa95.png,1
b2461e55e.jpg,train_images/b2461e55e.jpg,masks/b2461e55e.png,1
8a3ce8312.jpg,train_images/8a3ce8312.jpg,masks/8a3ce8312.png,1
604e200e1.jpg,train_images/604e200e1.jpg,masks/604e200e1.png,1
a72d931f0.jpg,train_images/a72d931f0.jpg,masks/a72d931f0.png,1
0da0d2c17.jpg,train_images/0da0d2c17.jpg,masks/0da0d2c17.png,1
b27127d1d.jpg,train_images/b27127d1d.jpg,masks/b27127d1d.png,1
35ce31284.jpg,train_images/35ce31284.jpg,masks/35ce31284.png,1
add980018.jpg,train_images/add980018.jpg,masks/add980018.png,1
1ef276277.jpg,train_images/1ef276277.jpg,masks/1ef276277.png,1
7b3566fb9.jpg,train_images/7b3566fb9.jpg,masks/7b3566fb9.png,1
b7871011a.jpg,train_images/b7871011a.jpg,masks/b7871011a.png,1
215edd511.jpg,train_images/215edd511.jpg,masks/215edd511.png,1
3ae2aba5e.jpg,train_images/3ae2aba5e.jpg,masks/3ae2aba5e.png,1
78b8acca7.jpg,train_images/78b8acca7.jpg,masks/78b8acca7.png,1
37da29373.jpg,train_images/37da29373.jpg,masks/37da29373.png,1
6353833df.jpg,train_images/6353833df.jpg,masks/6353833df.png,1
6190fe546.jpg,train_images/6190fe546.jpg,masks/6190fe546.png,1
1af650ab4.jpg,train_images/1af650ab4.jpg,masks/1af650ab4.png,1
15e8d5e3d.jpg,train_images/15e8d5e3d.jpg,masks/15e8d5e3d.png,1
7efadd1c6.jpg,train_images/7efadd1c6.jpg,masks/7efadd1c6.png,1
ba4ac3636.jpg,train_images/ba4ac3636.jpg,masks/ba4ac3636.png,1
357dee65a.jpg,train_images/357dee65a.jpg,masks/357dee65a.png,1
b646b6038.jpg,train_images/b646b6038.jpg,masks/b646b6038.png,1
4874f19dd.jpg,train_images/4874f19dd.jpg,masks/4874f19dd.png,1
e868908d6.jpg,train_images/e868908d6.jpg,masks/e868908d6.png,1
daeea39b1.jpg,train_images/daeea39b1.jpg,masks/daeea39b1.png,1
3f7e10763.jpg,train_images/3f7e10763.jpg,masks/3f7e10763.png,1
c7aeb9c82.jpg,train_images/c7aeb9c82.jpg,masks/c7aeb9c82.png,1
1435cd970.jpg,train_images/1435cd970.jpg,masks/1435cd970.png,1
7e25a3973.jpg,train_images/7e25a3973.jpg,masks/7e25a3973.png,1
0ae4f8a60.jpg,train_images/0ae4f8a60.jpg,masks/0ae4f8a60.png,1
68c9524d6.jpg,train_images/68c9524d6.jpg,masks/68c9524d6.png,1
9b668835f.jpg,train_images/9b668835f.jpg,masks/9b668835f.png,1
cb37fc190.jpg,train_images/cb37fc190.jpg,masks/cb37fc190.png,1
d1dd9098c.jpg,train_images/d1dd9098c.jpg,masks/d1dd9098c.png,1
23e4a530a.jpg,train_images/23e4a530a.jpg,masks/23e4a530a.png,1
7c764812d.jpg,train_images/7c764812d.jpg,masks/7c764812d.png,1
6bd87aed9.jpg,train_images/6bd87aed9.jpg,masks/6bd87aed9.png,1
8d83b39c0.jpg,train_images/8d83b39c0.jpg,masks/8d83b39c0.png,1
2b8fcb5b7.jpg,train_images/2b8fcb5b7.jpg,masks/2b8fcb5b7.png,1
85294cff9.jpg,train_images/85294cff9.jpg,masks/85294cff9.png,1
a6b00abd7.jpg,train_images/a6b00abd7.jpg,masks/a6b00abd7.png,1
10d9f85be.jpg,train_images/10d9f85be.jpg,masks/10d9f85be.png,1
9f101a24e.jpg,train_images/9f101a24e.jpg,masks/9f101a24e.png,1
8e2d247c4.jpg,train_images/8e2d247c4.jpg,masks/8e2d247c4.png,1
c5dbdf433.jpg,train_images/c5dbdf433.jpg,masks/c5dbdf433.png,1
432f8ce39.jpg,train_images/432f8ce39.jpg,masks/432f8ce39.png,1
9ddc8a514.jpg,train_images/9ddc8a514.jpg,masks/9ddc8a514.png,1
2a6669d9a.jpg,train_images/2a6669d9a.jpg,masks/2a6669d9a.png,1
1dc0e1d12.jpg,train_images/1dc0e1d12.jpg,masks/1dc0e1d12.png,1
ac7e898e6.jpg,train_images/ac7e898e6.jpg,masks/ac7e898e6.png,1
5affd9802.jpg,train_images/5affd9802.jpg,masks/5affd9802.png,1
d5b37beb7.jpg,train_images/d5b37beb7.jpg,masks/d5b37beb7.png,1
07b1a9644.jpg,train_images/07b1a9644.jpg,masks/07b1a9644.png,1
70a3c6b4d.jpg,train_images/70a3c6b4d.jpg,masks/70a3c6b4d.png,1
e8340339d.jpg,train_images/e8340339d.jpg,masks/e8340339d.png,1
3ec7019e2.jpg,train_images/3ec7019e2.jpg,masks/3ec7019e2.png,1
ad64c0940.jpg,train_images/ad64c0940.jpg,masks/ad64c0940.png,1
62f1544bb.jpg,train_images/62f1544bb.jpg,masks/62f1544bb.png,1
a2c0731d2.jpg,train_images/a2c0731d2.jpg,masks/a2c0731d2.png,1
35248a277.jpg,train_images/35248a277.jpg,masks/35248a277.png,1
b43ea2c01.jpg,train_images/b43ea2c01.jpg,masks/b43ea2c01.png,1
b1d3f12b6.jpg,train_images/b1d3f12b6.jpg,masks/b1d3f12b6.png,1
186534efc.jpg,train_images/186534efc.jpg,masks/186534efc.png,1
411377ca3.jpg,train_images/411377ca3.jpg,masks/411377ca3.png,1
7095ad89d.jpg,train_images/7095ad89d.jpg,masks/7095ad89d.png,1
b845c99d9.jpg,train_images/b845c99d9.jpg,masks/b845c99d9.png,1
67a5a06f1.jpg,train_images/67a5a06f1.jpg,masks/67a5a06f1.png,1
2a374ceaa.jpg,train_images/2a374ceaa.jpg,masks/2a374ceaa.png,1
0a8cb8ddf.jpg,train_images/0a8cb8ddf.jpg,masks/0a8cb8ddf.png,1
627fef214.jpg,train_images/627fef214.jpg,masks/627fef214.png,1
0a5cff3a7.jpg,train_images/0a5cff3a7.jpg,masks/0a5cff3a7.png,1
2745ecf6b.jpg,train_images/2745ecf6b.jpg,masks/2745ecf6b.png,1
0c2522533.jpg,train_images/0c2522533.jpg,masks/0c2522533.png,1
38c25b61a.jpg,train_images/38c25b61a.jpg,masks/38c25b61a.png,1
d2670190d.jpg,train_images/d2670190d.jpg,masks/d2670190d.png,1
6d3f92952.jpg,train_images/6d3f92952.jpg,masks/6d3f92952.png,1
e42311f08.jpg,train_images/e42311f08.jpg,masks/e42311f08.png,1
b0636a5e2.jpg,train_images/b0636a5e2.jpg,masks/b0636a5e2.png,1
65b6e175c.jpg,train_images/65b6e175c.jpg,masks/65b6e175c.png,1
60d7248a8.jpg,train_images/60d7248a8.jpg,masks/60d7248a8.png,1
33e32bbf2.jpg,train_images/33e32bbf2.jpg,masks/33e32bbf2.png,1
b4aa8dbf0.jpg,train_images/b4aa8dbf0.jpg,masks/b4aa8dbf0.png,1
97a67b410.jpg,train_images/97a67b410.jpg,masks/97a67b410.png,1
3ca970143.jpg,train_images/3ca970143.jpg,masks/3ca970143.png,1
733e36f26.jpg,train_images/733e36f26.jpg,masks/733e36f26.png,1
4d1444a12.jpg,train_images/4d1444a12.jpg,masks/4d1444a12.png,1
0c21c4b46.jpg,train_images/0c21c4b46.jpg,masks/0c21c4b46.png,1
8516fcc92.jpg,train_images/8516fcc92.jpg,masks/8516fcc92.png,1
6860ae804.jpg,train_images/6860ae804.jpg,masks/6860ae804.png,1
c49d3da1b.jpg,train_images/c49d3da1b.jpg,masks/c49d3da1b.png,1
774400958.jpg,train_images/774400958.jpg,masks/774400958.png,1
707534bdb.jpg,train_images/707534bdb.jpg,masks/707534bdb.png,1
a508dd004.jpg,train_images/a508dd004.jpg,masks/a508dd004.png,1
241cd2982.jpg,train_images/241cd2982.jpg,masks/241cd2982.png,1
f68466331.jpg,train_images/f68466331.jpg,masks/f68466331.png,1
4f77c0179.jpg,train_images/4f77c0179.jpg,masks/4f77c0179.png,1
782cfb1c5.jpg,train_images/782cfb1c5.jpg,masks/782cfb1c5.png,1
e5396a44e.jpg,train_images/e5396a44e.jpg,masks/e5396a44e.png,1
863868ed4.jpg,train_images/863868ed4.jpg,masks/863868ed4.png,1
b949db636.jpg,train_images/b949db636.jpg,masks/b949db636.png,1
020ff3106.jpg,train_images/020ff3106.jpg,masks/020ff3106.png,1
8827d2bd3.jpg,train_images/8827d2bd3.jpg,masks/8827d2bd3.png,1
3071e65a5.jpg,train_images/3071e65a5.jpg,masks/3071e65a5.png,1
ced4439da.jpg,train_images/ced4439da.jpg,masks/ced4439da.png,1
3c4ad030c.jpg,train_images/3c4ad030c.jpg,masks/3c4ad030c.png,1
66a7b82b6.jpg,train_images/66a7b82b6.jpg,masks/66a7b82b6.png,1
a506b44b3.jpg,train_images/a506b44b3.jpg,masks/a506b44b3.png,1
b41ab39a5.jpg,train_images/b41ab39a5.jpg,masks/b41ab39a5.png,1
f1e348d35.jpg,train_images/f1e348d35.jpg,masks/f1e348d35.png,1
97a933eaa.jpg,train_images/97a933eaa.jpg,masks/97a933eaa.png,1
3a14b011a.jpg,train_images/3a14b011a.jpg,masks/3a14b011a.png,1
caab1635c.jpg,train_images/caab1635c.jpg,masks/caab1635c.png,1
308f2e562.jpg,train_images/308f2e562.jpg,masks/308f2e562.png,1
a8188747f.jpg,train_images/a8188747f.jpg,masks/a8188747f.png,1
c9358e43f.jpg,train_images/c9358e43f.jpg,masks/c9358e43f.png,1
9586cb6e3.jpg,train_images/9586cb6e3.jpg,masks/9586cb6e3.png,1
f0dbecd3d.jpg,train_images/f0dbecd3d.jpg,masks/f0dbecd3d.png,1
99d47e124.jpg,train_images/99d47e124.jpg,masks/99d47e124.png,1
4c47ebc03.jpg,train_images/4c47ebc03.jpg,masks/4c47ebc03.png,1
b2c9fde17.jpg,train_images/b2c9fde17.jpg,masks/b2c9fde17.png,1
940e8cd2f.jpg,train_images/940e8cd2f.jpg,masks/940e8cd2f.png,1
41f3899a5.jpg,train_images/41f3899a5.jpg,masks/41f3899a5.png,1
f383950e8.jpg,train_images/f383950e8.jpg,masks/f383950e8.png,1
6fc6a0964.jpg,train_images/6fc6a0964.jpg,masks/6fc6a0964.png,1
21f89256c.jpg,train_images/21f89256c.jpg,masks/21f89256c.png,1
631774933.jpg,train_images/631774933.jpg,masks/631774933.png,1
0d9d2aa59.jpg,train_images/0d9d2aa59.jpg,masks/0d9d2aa59.png,1
f327ae983.jpg,train_images/f327ae983.jpg,masks/f327ae983.png,1
9941cb9f1.jpg,train_images/9941cb9f1.jpg,masks/9941cb9f1.png,1
2434f1395.jpg,train_images/2434f1395.jpg,masks/2434f1395.png,1
1fa0c8951.jpg,train_images/1fa0c8951.jpg,masks/1fa0c8951.png,1
41977e060.jpg,train_images/41977e060.jpg,masks/41977e060.png,1
7626234a2.jpg,train_images/7626234a2.jpg,masks/7626234a2.png,1
8d67593de.jpg,train_images/8d67593de.jpg,masks/8d67593de.png,1
b55ffe803.jpg,train_images/b55ffe803.jpg,masks/b55ffe803.png,1
702bf6ed3.jpg,train_images/702bf6ed3.jpg,masks/702bf6ed3.png,1
fea2f6ad2.jpg,train_images/fea2f6ad2.jpg,masks/fea2f6ad2.png,1
b8b5ed4d0.jpg,train_images/b8b5ed4d0.jpg,masks/b8b5ed4d0.png,1
646a22b43.jpg,train_images/646a22b43.jpg,masks/646a22b43.png,1
c9c1384be.jpg,train_images/c9c1384be.jpg,masks/c9c1384be.png,1
4e36f104c.jpg,train_images/4e36f104c.jpg,masks/4e36f104c.png,1
82e82b713.jpg,train_images/82e82b713.jpg,masks/82e82b713.png,1
0849ea9f1.jpg,train_images/0849ea9f1.jpg,masks/0849ea9f1.png,1
cd4bd2cca.jpg,train_images/cd4bd2cca.jpg,masks/cd4bd2cca.png,1
e70c4768b.jpg,train_images/e70c4768b.jpg,masks/e70c4768b.png,1
531b9c425.jpg,train_images/531b9c425.jpg,masks/531b9c425.png,1
fe689cf0a.jpg,train_images/fe689cf0a.jpg,masks/fe689cf0a.png,1
f13107ec5.jpg,train_images/f13107ec5.jpg,masks/f13107ec5.png,1
cf29a866a.jpg,train_images/cf29a866a.jpg,masks/cf29a866a.png,1
9dc65bc1e.jpg,train_images/9dc65bc1e.jpg,masks/9dc65bc1e.png,1
a4dff615e.jpg,train_images/a4dff615e.jpg,masks/a4dff615e.png,1
aa14f39fd.jpg,train_images/aa14f39fd.jpg,masks/aa14f39fd.png,1
316414f82.jpg,train_images/316414f82.jpg,masks/316414f82.png,1
5ca7fcc19.jpg,train_images/5ca7fcc19.jpg,masks/5ca7fcc19.png,1
2be0229b6.jpg,train_images/2be0229b6.jpg,masks/2be0229b6.png,1
02c4655ff.jpg,train_images/02c4655ff.jpg,masks/02c4655ff.png,1
0fd171923.jpg,train_images/0fd171923.jpg,masks/0fd171923.png,1
72df2d40d.jpg,train_images/72df2d40d.jpg,masks/72df2d40d.png,1
db0547371.jpg,train_images/db0547371.jpg,masks/db0547371.png,1
0aceecf0a.jpg,train_images/0aceecf0a.jpg,masks/0aceecf0a.png,1
33d4fefac.jpg,train_images/33d4fefac.jpg,masks/33d4fefac.png,1
a21d00db9.jpg,train_images/a21d00db9.jpg,masks/a21d00db9.png,1
73303e8a0.jpg,train_images/73303e8a0.jpg,masks/73303e8a0.png,1
08852b69d.jpg,train_images/08852b69d.jpg,masks/08852b69d.png,1
1c96b0bbc.jpg,train_images/1c96b0bbc.jpg,masks/1c96b0bbc.png,1
fbf7ac43e.jpg,train_images/fbf7ac43e.jpg,masks/fbf7ac43e.png,1
b68ac5910.jpg,train_images/b68ac5910.jpg,masks/b68ac5910.png,1
12234aab8.jpg,train_images/12234aab8.jpg,masks/12234aab8.png,1
dc1acc527.jpg,train_images/dc1acc527.jpg,masks/dc1acc527.png,1
a37447f04.jpg,train_images/a37447f04.jpg,masks/a37447f04.png,1
b1d574c91.jpg,train_images/b1d574c91.jpg,masks/b1d574c91.png,1
6a567df0b.jpg,train_images/6a567df0b.jpg,masks/6a567df0b.png,1
d9bfea1ea.jpg,train_images/d9bfea1ea.jpg,masks/d9bfea1ea.png,1
10c05e806.jpg,train_images/10c05e806.jpg,masks/10c05e806.png,1
a61996577.jpg,train_images/a61996577.jpg,masks/a61996577.png,1
47aea9052.jpg,train_images/47aea9052.jpg,masks/47aea9052.png,1
1feaa8b3f.jpg,train_images/1feaa8b3f.jpg,masks/1feaa8b3f.png,1
9d7ed0880.jpg,train_images/9d7ed0880.jpg,masks/9d7ed0880.png,1
739a0aa20.jpg,train_images/739a0aa20.jpg,masks/739a0aa20.png,1
0ff2850a2.jpg,train_images/0ff2850a2.jpg,masks/0ff2850a2.png,1
f22ad3b42.jpg,train_images/f22ad3b42.jpg,masks/f22ad3b42.png,1
78a81eb21.jpg,train_images/78a81eb21.jpg,masks/78a81eb21.png,1
77a545147.jpg,train_images/77a545147.jpg,masks/77a545147.png,1
1f9f97b80.jpg,train_images/1f9f97b80.jpg,masks/1f9f97b80.png,1
e7aa7746f.jpg,train_images/e7aa7746f.jpg,masks/e7aa7746f.png,1
3de8f5d88.jpg,train_images/3de8f5d88.jpg,masks/3de8f5d88.png,1
154e7e802.jpg,train_images/154e7e802.jpg,masks/154e7e802.png,1
c71558eac.jpg,train_images/c71558eac.jpg,masks/c71558eac.png,1
90b461f2a.jpg,train_images/90b461f2a.jpg,masks/90b461f2a.png,1
dcc2e4f93.jpg,train_images/dcc2e4f93.jpg,masks/dcc2e4f93.png,1
8a642f9d3.jpg,train_images/8a642f9d3.jpg,masks/8a642f9d3.png,1
a8241cf3d.jpg,train_images/a8241cf3d.jpg,masks/a8241cf3d.png,1
12d38a1d4.jpg,train_images/12d38a1d4.jpg,masks/12d38a1d4.png,1
e90e3e9e3.jpg,train_images/e90e3e9e3.jpg,masks/e90e3e9e3.png,1
d74c7c967.jpg,train_images/d74c7c967.jpg,masks/d74c7c967.png,1
80f2eef6e.jpg,train_images/80f2eef6e.jpg,masks/80f2eef6e.png,1
9a3e774ff.jpg,train_images/9a3e774ff.jpg,masks/9a3e774ff.png,1
dfcc8d751.jpg,train_images/dfcc8d751.jpg,masks/dfcc8d751.png,1
fdaaaf9d9.jpg,train_images/fdaaaf9d9.jpg,masks/fdaaaf9d9.png,1
99923d074.jpg,train_images/99923d074.jpg,masks/99923d074.png,1
659985985.jpg,train_images/659985985.jpg,masks/659985985.png,1
b1c892c12.jpg,train_images/b1c892c12.jpg,masks/b1c892c12.png,1
4e8e7a28c.jpg,train_images/4e8e7a28c.jpg,masks/4e8e7a28c.png,1
708c66026.jpg,train_images/708c66026.jpg,masks/708c66026.png,1
e741e43bd.jpg,train_images/e741e43bd.jpg,masks/e741e43bd.png,1
c4d0af8e1.jpg,train_images/c4d0af8e1.jpg,masks/c4d0af8e1.png,1
12c0b2b5c.jpg,train_images/12c0b2b5c.jpg,masks/12c0b2b5c.png,1
9699f82fe.jpg,train_images/9699f82fe.jpg,masks/9699f82fe.png,1
1e4e988cd.jpg,train_images/1e4e988cd.jpg,masks/1e4e988cd.png,1
12dd3899c.jpg,train_images/12dd3899c.jpg,masks/12dd3899c.png,1
91b250f41.jpg,train_images/91b250f41.jpg,masks/91b250f41.png,1
61228a49c.jpg,train_images/61228a49c.jpg,masks/61228a49c.png,1
7bec3eeb7.jpg,train_images/7bec3eeb7.jpg,masks/7bec3eeb7.png,1
0fc3d194a.jpg,train_images/0fc3d194a.jpg,masks/0fc3d194a.png,1
aae6bc5be.jpg,train_images/aae6bc5be.jpg,masks/aae6bc5be.png,1
5d8690cf6.jpg,train_images/5d8690cf6.jpg,masks/5d8690cf6.png,1
08f5c0997.jpg,train_images/08f5c0997.jpg,masks/08f5c0997.png,1
975b2e5fa.jpg,train_images/975b2e5fa.jpg,masks/975b2e5fa.png,1
886eebf8c.jpg,train_images/886eebf8c.jpg,masks/886eebf8c.png,1
a9414f90f.jpg,train_images/a9414f90f.jpg,masks/a9414f90f.png,1
2c4b101db.jpg,train_images/2c4b101db.jpg,masks/2c4b101db.png,1
4b902c994.jpg,train_images/4b902c994.jpg,masks/4b902c994.png,1
9e37ef709.jpg,train_images/9e37ef709.jpg,masks/9e37ef709.png,1
ce02060b9.jpg,train_images/ce02060b9.jpg,masks/ce02060b9.png,1
cc0bf97cf.jpg,train_images/cc0bf97cf.jpg,masks/cc0bf97cf.png,1
cba39a205.jpg,train_images/cba39a205.jpg,masks/cba39a205.png,1
a6980dd61.jpg,train_images/a6980dd61.jpg,masks/a6980dd61.png,1
25c940a74.jpg,train_images/25c940a74.jpg,masks/25c940a74.png,1
ab16f0e09.jpg,train_images/ab16f0e09.jpg,masks/ab16f0e09.png,1
b46dafae2.jpg,train_images/b46dafae2.jpg,masks/b46dafae2.png,1
ea476b31f.jpg,train_images/ea476b31f.jpg,masks/ea476b31f.png,1
73d04325d.jpg,train_images/73d04325d.jpg,masks/73d04325d.png,1
7c570d51c.jpg,train_images/7c570d51c.jpg,masks/7c570d51c.png,1
7d58142ba.jpg,train_images/7d58142ba.jpg,masks/7d58142ba.png,1
c571c7c32.jpg,train_images/c571c7c32.jpg,masks/c571c7c32.png,1
a3217ee57.jpg,train_images/a3217ee57.jpg,masks/a3217ee57.png,1
7bb25cc94.jpg,train_images/7bb25cc94.jpg,masks/7bb25cc94.png,1
b483a0a1a.jpg,train_images/b483a0a1a.jpg,masks/b483a0a1a.png,1
554ee47b6.jpg,train_images/554ee47b6.jpg,masks/554ee47b6.png,1
5feafe9c5.jpg,train_images/5feafe9c5.jpg,masks/5feafe9c5.png,1
5cc07468d.jpg,train_images/5cc07468d.jpg,masks/5cc07468d.png,1
941e9a9d6.jpg,train_images/941e9a9d6.jpg,masks/941e9a9d6.png,1
f08716423.jpg,train_images/f08716423.jpg,masks/f08716423.png,1
9db16f031.jpg,train_images/9db16f031.jpg,masks/9db16f031.png,1
ca609ece8.jpg,train_images/ca609ece8.jpg,masks/ca609ece8.png,1
8366824fe.jpg,train_images/8366824fe.jpg,masks/8366824fe.png,1
1e75373b2.jpg,train_images/1e75373b2.jpg,masks/1e75373b2.png,1
141bea747.jpg,train_images/141bea747.jpg,masks/141bea747.png,1
2eb50a13e.jpg,train_images/2eb50a13e.jpg,masks/2eb50a13e.png,1
92e4102b4.jpg,train_images/92e4102b4.jpg,masks/92e4102b4.png,1
d79e948c4.jpg,train_images/d79e948c4.jpg,masks/d79e948c4.png,1
8364cd311.jpg,train_images/8364cd311.jpg,masks/8364cd311.png,1
521f4df19.jpg,train_images/521f4df19.jpg,masks/521f4df19.png,1
5b53fc5e8.jpg,train_images/5b53fc5e8.jpg,masks/5b53fc5e8.png,1
10e429bfc.jpg,train_images/10e429bfc.jpg,masks/10e429bfc.png,1
026183d85.jpg,train_images/026183d85.jpg,masks/026183d85.png,1
f6c97e5e7.jpg,train_images/f6c97e5e7.jpg,masks/f6c97e5e7.png,1
5ad537934.jpg,train_images/5ad537934.jpg,masks/5ad537934.png,1
fa434abec.jpg,train_images/fa434abec.jpg,masks/fa434abec.png,1
b90f74ebe.jpg,train_images/b90f74ebe.jpg,masks/b90f74ebe.png,1
514222386.jpg,train_images/514222386.jpg,masks/514222386.png,1
c5af9872c.jpg,train_images/c5af9872c.jpg,masks/c5af9872c.png,1
400eedff4.jpg,train_images/400eedff4.jpg,masks/400eedff4.png,1
c635aeb23.jpg,train_images/c635aeb23.jpg,masks/c635aeb23.png,1
55d87ed7a.jpg,train_images/55d87ed7a.jpg,masks/55d87ed7a.png,1
e840cf262.jpg,train_images/e840cf262.jpg,masks/e840cf262.png,1
b2e59bdaa.jpg,train_images/b2e59bdaa.jpg,masks/b2e59bdaa.png,1
afbab41f0.jpg,train_images/afbab41f0.jpg,masks/afbab41f0.png,1
460ab7579.jpg,train_images/460ab7579.jpg,masks/460ab7579.png,1
0ca915b9f.jpg,train_images/0ca915b9f.jpg,masks/0ca915b9f.png,1
e89c99064.jpg,train_images/e89c99064.jpg,masks/e89c99064.png,1
201560907.jpg,train_images/201560907.jpg,masks/201560907.png,1
5c55d1bbf.jpg,train_images/5c55d1bbf.jpg,masks/5c55d1bbf.png,1
de7e172fb.jpg,train_images/de7e172fb.jpg,masks/de7e172fb.png,1
45ba100f4.jpg,train_images/45ba100f4.jpg,masks/45ba100f4.png,1
9c27c1365.jpg,train_images/9c27c1365.jpg,masks/9c27c1365.png,1
41411378e.jpg,train_images/41411378e.jpg,masks/41411378e.png,1
9cfa7be25.jpg,train_images/9cfa7be25.jpg,masks/9cfa7be25.png,1
9741c9475.jpg,train_images/9741c9475.jpg,masks/9741c9475.png,1
23c450c03.jpg,train_images/23c450c03.jpg,masks/23c450c03.png,1
b05365219.jpg,train_images/b05365219.jpg,masks/b05365219.png,1
e30a322d7.jpg,train_images/e30a322d7.jpg,masks/e30a322d7.png,1
b86c963d6.jpg,train_images/b86c963d6.jpg,masks/b86c963d6.png,1
07b627cb9.jpg,train_images/07b627cb9.jpg,masks/07b627cb9.png,1
ff933e271.jpg,train_images/ff933e271.jpg,masks/ff933e271.png,1
585904c94.jpg,train_images/585904c94.jpg,masks/585904c94.png,1
04246167f.jpg,train_images/04246167f.jpg,masks/04246167f.png,1
92f49dcb1.jpg,train_images/92f49dcb1.jpg,masks/92f49dcb1.png,1
e054a983d.jpg,train_images/e054a983d.jpg,masks/e054a983d.png,1
5b0413b89.jpg,train_images/5b0413b89.jpg,masks/5b0413b89.png,1
e745c7388.jpg,train_images/e745c7388.jpg,masks/e745c7388.png,1
a0e01eb84.jpg,train_images/a0e01eb84.jpg,masks/a0e01eb84.png,1
6b3d02bce.jpg,train_images/6b3d02bce.jpg,masks/6b3d02bce.png,1
c9215fb7a.jpg,train_images/c9215fb7a.jpg,masks/c9215fb7a.png,1
58673aa89.jpg,train_images/58673aa89.jpg,masks/58673aa89.png,1
0ac9936af.jpg,train_images/0ac9936af.jpg,masks/0ac9936af.png,1
cdbc80c3d.jpg,train_images/cdbc80c3d.jpg,masks/cdbc80c3d.png,1
eec244672.jpg,train_images/eec244672.jpg,masks/eec244672.png,1
967802d76.jpg,train_images/967802d76.jpg,masks/967802d76.png,1
f9d912044.jpg,train_images/f9d912044.jpg,masks/f9d912044.png,1
af7c08f36.jpg,train_images/af7c08f36.jpg,masks/af7c08f36.png,1
f37af29b7.jpg,train_images/f37af29b7.jpg,masks/f37af29b7.png,1
f4413e172.jpg,train_images/f4413e172.jpg,masks/f4413e172.png,1
13169e4cf.jpg,train_images/13169e4cf.jpg,masks/13169e4cf.png,1
380c01646.jpg,train_images/380c01646.jpg,masks/380c01646.png,1
a6c28501b.jpg,train_images/a6c28501b.jpg,masks/a6c28501b.png,1
ab2300506.jpg,train_images/ab2300506.jpg,masks/ab2300506.png,1
f24af31d1.jpg,train_images/f24af31d1.jpg,masks/f24af31d1.png,1
d7c560ed5.jpg,train_images/d7c560ed5.jpg,masks/d7c560ed5.png,1
71fd2d0cc.jpg,train_images/71fd2d0cc.jpg,masks/71fd2d0cc.png,1
726cff75f.jpg,train_images/726cff75f.jpg,masks/726cff75f.png,1
409453bc7.jpg,train_images/409453bc7.jpg,masks/409453bc7.png,1
846a8ccab.jpg,train_images/846a8ccab.jpg,masks/846a8ccab.png,1
4e6514402.jpg,train_images/4e6514402.jpg,masks/4e6514402.png,1
7c6e58a02.jpg,train_images/7c6e58a02.jpg,masks/7c6e58a02.png,1
261c6d458.jpg,train_images/261c6d458.jpg,masks/261c6d458.png,1
42d65967f.jpg,train_images/42d65967f.jpg,masks/42d65967f.png,1
5956f0975.jpg,train_images/5956f0975.jpg,masks/5956f0975.png,1
ac550233a.jpg,train_images/ac550233a.jpg,masks/ac550233a.png,1
8dbca8b82.jpg,train_images/8dbca8b82.jpg,masks/8dbca8b82.png,1
15b56bf43.jpg,train_images/15b56bf43.jpg,masks/15b56bf43.png,1
4eea878dd.jpg,train_images/4eea878dd.jpg,masks/4eea878dd.png,1
b9b5cb6f5.jpg,train_images/b9b5cb6f5.jpg,masks/b9b5cb6f5.png,1
84beeb839.jpg,train_images/84beeb839.jpg,masks/84beeb839.png,1
b1933b386.jpg,train_images/b1933b386.jpg,masks/b1933b386.png,1
28f005ffe.jpg,train_images/28f005ffe.jpg,masks/28f005ffe.png,1
ee0979b81.jpg,train_images/ee0979b81.jpg,masks/ee0979b81.png,1
87edd91dc.jpg,train_images/87edd91dc.jpg,masks/87edd91dc.png,1
8ae110bc5.jpg,train_images/8ae110bc5.jpg,masks/8ae110bc5.png,1
d7e3d3784.jpg,train_images/d7e3d3784.jpg,masks/d7e3d3784.png,1
54f1891ad.jpg,train_images/54f1891ad.jpg,masks/54f1891ad.png,1
7249ae1f4.jpg,train_images/7249ae1f4.jpg,masks/7249ae1f4.png,1
01540cab1.jpg,train_images/01540cab1.jpg,masks/01540cab1.png,1
98c634937.jpg,train_images/98c634937.jpg,masks/98c634937.png,1
eaaa61b15.jpg,train_images/eaaa61b15.jpg,masks/eaaa61b15.png,1
ce2da8536.jpg,train_images/ce2da8536.jpg,masks/ce2da8536.png,1
9b7974523.jpg,train_images/9b7974523.jpg,masks/9b7974523.png,1
3fdc95c42.jpg,train_images/3fdc95c42.jpg,masks/3fdc95c42.png,1
baca6503a.jpg,train_images/baca6503a.jpg,masks/baca6503a.png,1
bd66a6e69.jpg,train_images/bd66a6e69.jpg,masks/bd66a6e69.png,1
91b768bcb.jpg,train_images/91b768bcb.jpg,masks/91b768bcb.png,1
5377dbac1.jpg,train_images/5377dbac1.jpg,masks/5377dbac1.png,1
24e249331.jpg,train_images/24e249331.jpg,masks/24e249331.png,1
1d4a5181e.jpg,train_images/1d4a5181e.jpg,masks/1d4a5181e.png,1
464987349.jpg,train_images/464987349.jpg,masks/464987349.png,1
199dc89de.jpg,train_images/199dc89de.jpg,masks/199dc89de.png,1
defcae4cc.jpg,train_images/defcae4cc.jpg,masks/defcae4cc.png,1
82aafd015.jpg,train_images/82aafd015.jpg,masks/82aafd015.png,1
eff2074df.jpg,train_images/eff2074df.jpg,masks/eff2074df.png,1
d5a8b7ba4.jpg,train_images/d5a8b7ba4.jpg,masks/d5a8b7ba4.png,1
4dbadaa3e.jpg,train_images/4dbadaa3e.jpg,masks/4dbadaa3e.png,1
359e3fb7c.jpg,train_images/359e3fb7c.jpg,masks/359e3fb7c.png,1
994aa6f1d.jpg,train_images/994aa6f1d.jpg,masks/994aa6f1d.png,1
275e3bca6.jpg,train_images/275e3bca6.jpg,masks/275e3bca6.png,1
9aa437d47.jpg,train_images/9aa437d47.jpg,masks/9aa437d47.png,1
ddca3e643.jpg,train_images/ddca3e643.jpg,masks/ddca3e643.png,1
a223350f7.jpg,train_images/a223350f7.jpg,masks/a223350f7.png,1
eed74bec9.jpg,train_images/eed74bec9.jpg,masks/eed74bec9.png,1
8a35c59f9.jpg,train_images/8a35c59f9.jpg,masks/8a35c59f9.png,1
ec9f97e66.jpg,train_images/ec9f97e66.jpg,masks/ec9f97e66.png,1
1a8eb71da.jpg,train_images/1a8eb71da.jpg,masks/1a8eb71da.png,1
ed3615966.jpg,train_images/ed3615966.jpg,masks/ed3615966.png,1
ed9f33dc2.jpg,train_images/ed9f33dc2.jpg,masks/ed9f33dc2.png,1
309488202.jpg,train_images/309488202.jpg,masks/309488202.png,1
7155ea2e8.jpg,train_images/7155ea2e8.jpg,masks/7155ea2e8.png,1
92057aa8a.jpg,train_images/92057aa8a.jpg,masks/92057aa8a.png,1
697427d70.jpg,train_images/697427d70.jpg,masks/697427d70.png,1
fc4ef4356.jpg,train_images/fc4ef4356.jpg,masks/fc4ef4356.png,1
820c4f78c.jpg,train_images/820c4f78c.jpg,masks/820c4f78c.png,1
01919944c.jpg,train_images/01919944c.jpg,masks/01919944c.png,1
f98ddb64d.jpg,train_images/f98ddb64d.jpg,masks/f98ddb64d.png,1
22e05d569.jpg,train_images/22e05d569.jpg,masks/22e05d569.png,1
6ebc3df02.jpg,train_images/6ebc3df02.jpg,masks/6ebc3df02.png,1
a8767436f.jpg,train_images/a8767436f.jpg,masks/a8767436f.png,1
e81ee8548.jpg,train_images/e81ee8548.jpg,masks/e81ee8548.png,1
da691bc2e.jpg,train_images/da691bc2e.jpg,masks/da691bc2e.png,1
85c5631bd.jpg,train_images/85c5631bd.jpg,masks/85c5631bd.png,1
7dfb9d916.jpg,train_images/7dfb9d916.jpg,masks/7dfb9d916.png,1
40b68e3bb.jpg,train_images/40b68e3bb.jpg,masks/40b68e3bb.png,1
6b92f5221.jpg,train_images/6b92f5221.jpg,masks/6b92f5221.png,1
64ca31bd3.jpg,train_images/64ca31bd3.jpg,masks/64ca31bd3.png,1
21a0c7160.jpg,train_images/21a0c7160.jpg,masks/21a0c7160.png,1
d68320987.jpg,train_images/d68320987.jpg,masks/d68320987.png,1
8ef6dc341.jpg,train_images/8ef6dc341.jpg,masks/8ef6dc341.png,1
447038bc8.jpg,train_images/447038bc8.jpg,masks/447038bc8.png,1
1df9eefe5.jpg,train_images/1df9eefe5.jpg,masks/1df9eefe5.png,1
c66ba3e27.jpg,train_images/c66ba3e27.jpg,masks/c66ba3e27.png,1
28a1ea8c2.jpg,train_images/28a1ea8c2.jpg,masks/28a1ea8c2.png,1
b35a08d7a.jpg,train_images/b35a08d7a.jpg,masks/b35a08d7a.png,1
0217af9b1.jpg,train_images/0217af9b1.jpg,masks/0217af9b1.png,1
47a629526.jpg,train_images/47a629526.jpg,masks/47a629526.png,1
cb9c3d622.jpg,train_images/cb9c3d622.jpg,masks/cb9c3d622.png,1
ed5d6f10a.jpg,train_images/ed5d6f10a.jpg,masks/ed5d6f10a.png,1
2c6ee79c9.jpg,train_images/2c6ee79c9.jpg,masks/2c6ee79c9.png,1
12627251e.jpg,train_images/12627251e.jpg,masks/12627251e.png,1
77ed43ae9.jpg,train_images/77ed43ae9.jpg,masks/77ed43ae9.png,1
c51fb3d88.jpg,train_images/c51fb3d88.jpg,masks/c51fb3d88.png,1
fc113cb7e.jpg,train_images/fc113cb7e.jpg,masks/fc113cb7e.png,1
02701c239.jpg,train_images/02701c239.jpg,masks/02701c239.png,1
4345db2fc.jpg,train_images/4345db2fc.jpg,masks/4345db2fc.png,1
100cf75d9.jpg,train_images/100cf75d9.jpg,masks/100cf75d9.png,1
66e89afaa.jpg,train_images/66e89afaa.jpg,masks/66e89afaa.png,1
14a77cc6f.jpg,train_images/14a77cc6f.jpg,masks/14a77cc6f.png,1
99984eccf.jpg,train_images/99984eccf.jpg,masks/99984eccf.png,1
fd76d8b3d.jpg,train_images/fd76d8b3d.jpg,masks/fd76d8b3d.png,1
7c02570e9.jpg,train_images/7c02570e9.jpg,masks/7c02570e9.png,1
df55b085a.jpg,train_images/df55b085a.jpg,masks/df55b085a.png,1
0ce3a145f.jpg,train_images/0ce3a145f.jpg,masks/0ce3a145f.png,1
43bb3a898.jpg,train_images/43bb3a898.jpg,masks/43bb3a898.png,1
76c20b5af.jpg,train_images/76c20b5af.jpg,masks/76c20b5af.png,1
cff9230ae.jpg,train_images/cff9230ae.jpg,masks/cff9230ae.png,1
bd794618f.jpg,train_images/bd794618f.jpg,masks/bd794618f.png,1
a9378655a.jpg,train_images/a9378655a.jpg,masks/a9378655a.png,1
5b4e446d3.jpg,train_images/5b4e446d3.jpg,masks/5b4e446d3.png,1
0025bde0c.jpg,train_images/0025bde0c.jpg,masks/0025bde0c.png,1
352063998.jpg,train_images/352063998.jpg,masks/352063998.png,1
5cc70cbdb.jpg,train_images/5cc70cbdb.jpg,masks/5cc70cbdb.png,1
f69caf7dd.jpg,train_images/f69caf7dd.jpg,masks/f69caf7dd.png,1
0f1617841.jpg,train_images/0f1617841.jpg,masks/0f1617841.png,1
eb81bea67.jpg,train_images/eb81bea67.jpg,masks/eb81bea67.png,1
079054aa2.jpg,train_images/079054aa2.jpg,masks/079054aa2.png,1
274b1d54b.jpg,train_images/274b1d54b.jpg,masks/274b1d54b.png,1
3b35a1f8e.jpg,train_images/3b35a1f8e.jpg,masks/3b35a1f8e.png,1
49da138ee.jpg,train_images/49da138ee.jpg,masks/49da138ee.png,1
0e71cd651.jpg,train_images/0e71cd651.jpg,masks/0e71cd651.png,1
a91b97969.jpg,train_images/a91b97969.jpg,masks/a91b97969.png,1
8cd6472c3.jpg,train_images/8cd6472c3.jpg,masks/8cd6472c3.png,1
7454d922e.jpg,train_images/7454d922e.jpg,masks/7454d922e.png,1
d9fb2247f.jpg,train_images/d9fb2247f.jpg,masks/d9fb2247f.png,1
c543e902b.jpg,train_images/c543e902b.jpg,masks/c543e902b.png,1
d52b35e0e.jpg,train_images/d52b35e0e.jpg,masks/d52b35e0e.png,1
7039151ef.jpg,train_images/7039151ef.jpg,masks/7039151ef.png,1
d7c2c6ba8.jpg,train_images/d7c2c6ba8.jpg,masks/d7c2c6ba8.png,1
dc4c76517.jpg,train_images/dc4c76517.jpg,masks/dc4c76517.png,1
42af54b00.jpg,train_images/42af54b00.jpg,masks/42af54b00.png,1
169baf9bb.jpg,train_images/169baf9bb.jpg,masks/169baf9bb.png,1
28bcb3a6e.jpg,train_images/28bcb3a6e.jpg,masks/28bcb3a6e.png,1
0e7f04eb4.jpg,train_images/0e7f04eb4.jpg,masks/0e7f04eb4.png,1
64b61a1b3.jpg,train_images/64b61a1b3.jpg,masks/64b61a1b3.png,1
c9091ca20.jpg,train_images/c9091ca20.jpg,masks/c9091ca20.png,1
479ec009a.jpg,train_images/479ec009a.jpg,masks/479ec009a.png,1
648e67d1b.jpg,train_images/648e67d1b.jpg,masks/648e67d1b.png,1
4e8b5a042.jpg,train_images/4e8b5a042.jpg,masks/4e8b5a042.png,1
fdb705792.jpg,train_images/fdb705792.jpg,masks/fdb705792.png,1
8f9ef2cb7.jpg,train_images/8f9ef2cb7.jpg,masks/8f9ef2cb7.png,1
7fb0c3636.jpg,train_images/7fb0c3636.jpg,masks/7fb0c3636.png,1
2d61e4f9f.jpg,train_images/2d61e4f9f.jpg,masks/2d61e4f9f.png,1
66849c8bd.jpg,train_images/66849c8bd.jpg,masks/66849c8bd.png,1
181454b94.jpg,train_images/181454b94.jpg,masks/181454b94.png,1
b3ff13646.jpg,train_images/b3ff13646.jpg,masks/b3ff13646.png,1
e07f3f1b3.jpg,train_images/e07f3f1b3.jpg,masks/e07f3f1b3.png,1
1d5ad5541.jpg,train_images/1d5ad5541.jpg,masks/1d5ad5541.png,1
eefe5b710.jpg,train_images/eefe5b710.jpg,masks/eefe5b710.png,1
9b3d6aa5f.jpg,train_images/9b3d6aa5f.jpg,masks/9b3d6aa5f.png,1
6f26ba943.jpg,train_images/6f26ba943.jpg,masks/6f26ba943.png,1
9b63ed48c.jpg,train_images/9b63ed48c.jpg,masks/9b63ed48c.png,1
c720250a2.jpg,train_images/c720250a2.jpg,masks/c720250a2.png,1
b7982b7d8.jpg,train_images/b7982b7d8.jpg,masks/b7982b7d8.png,1
bac68f2c3.jpg,train_images/bac68f2c3.jpg,masks/bac68f2c3.png,1
5f0371b4d.jpg,train_images/5f0371b4d.jpg,masks/5f0371b4d.png,1
22e2195c1.jpg,train_images/22e2195c1.jpg,masks/22e2195c1.png,1
8a09333c4.jpg,train_images/8a09333c4.jpg,masks/8a09333c4.png,1
ecb50399d.jpg,train_images/ecb50399d.jpg,masks/ecb50399d.png,1
a5e7b9502.jpg,train_images/a5e7b9502.jpg,masks/a5e7b9502.png,1
5a913dda0.jpg,train_images/5a913dda0.jpg,masks/5a913dda0.png,1
8c8e79fa0.jpg,train_images/8c8e79fa0.jpg,masks/8c8e79fa0.png,1
fec4b10d0.jpg,train_images/fec4b10d0.jpg,masks/fec4b10d0.png,1
c7a7f24d9.jpg,train_images/c7a7f24d9.jpg,masks/c7a7f24d9.png,1
4d967fdb0.jpg,train_images/4d967fdb0.jpg,masks/4d967fdb0.png,1
b2564fb98.jpg,train_images/b2564fb98.jpg,masks/b2564fb98.png,1
e1db7ee54.jpg,train_images/e1db7ee54.jpg,masks/e1db7ee54.png,1
56120829d.jpg,train_images/56120829d.jpg,masks/56120829d.png,1
106fd7aad.jpg,train_images/106fd7aad.jpg,masks/106fd7aad.png,1
5b66c8d1f.jpg,train_images/5b66c8d1f.jpg,masks/5b66c8d1f.png,1
23e7d294b.jpg,train_images/23e7d294b.jpg,masks/23e7d294b.png,1
a2bdcd021.jpg,train_images/a2bdcd021.jpg,masks/a2bdcd021.png,1
af426e1d3.jpg,train_images/af426e1d3.jpg,masks/af426e1d3.png,1
ebb817ec9.jpg,train_images/ebb817ec9.jpg,masks/ebb817ec9.png,1
ceccb1eef.jpg,train_images/ceccb1eef.jpg,masks/ceccb1eef.png,1
9ead58088.jpg,train_images/9ead58088.jpg,masks/9ead58088.png,1
028eb44d1.jpg,train_images/028eb44d1.jpg,masks/028eb44d1.png,1
4e5b28887.jpg,train_images/4e5b28887.jpg,masks/4e5b28887.png,1
0739e9688.jpg,train_images/0739e9688.jpg,masks/0739e9688.png,1
4edc8b817.jpg,train_images/4edc8b817.jpg,masks/4edc8b817.png,1
ed2d06ff7.jpg,train_images/ed2d06ff7.jpg,masks/ed2d06ff7.png,1
a5cb0256f.jpg,train_images/a5cb0256f.jpg,masks/a5cb0256f.png,1
8aacab1a1.jpg,train_images/8aacab1a1.jpg,masks/8aacab1a1.png,1
1b7669eb4.jpg,train_images/1b7669eb4.jpg,masks/1b7669eb4.png,1
68656ca18.jpg,train_images/68656ca18.jpg,masks/68656ca18.png,1
374493292.jpg,train_images/374493292.jpg,masks/374493292.png,1
56d523688.jpg,train_images/56d523688.jpg,masks/56d523688.png,1
d8dbdc59e.jpg,train_images/d8dbdc59e.jpg,masks/d8dbdc59e.png,1
bce091bac.jpg,train_images/bce091bac.jpg,masks/bce091bac.png,1
bbea91022.jpg,train_images/bbea91022.jpg,masks/bbea91022.png,1
434dc37a2.jpg,train_images/434dc37a2.jpg,masks/434dc37a2.png,1
2cca3ddab.jpg,train_images/2cca3ddab.jpg,masks/2cca3ddab.png,1
2bad2deac.jpg,train_images/2bad2deac.jpg,masks/2bad2deac.png,1
d81eb8a93.jpg,train_images/d81eb8a93.jpg,masks/d81eb8a93.png,1
f2739a7ca.jpg,train_images/f2739a7ca.jpg,masks/f2739a7ca.png,1
1d7f89efa.jpg,train_images/1d7f89efa.jpg,masks/1d7f89efa.png,1
38aeffe92.jpg,train_images/38aeffe92.jpg,masks/38aeffe92.png,1
cb95ba6d9.jpg,train_images/cb95ba6d9.jpg,masks/cb95ba6d9.png,1
a68dcc7d2.jpg,train_images/a68dcc7d2.jpg,masks/a68dcc7d2.png,1
ca3f209ad.jpg,train_images/ca3f209ad.jpg,masks/ca3f209ad.png,1
64fc246e7.jpg,train_images/64fc246e7.jpg,masks/64fc246e7.png,1
ef70641e3.jpg,train_images/ef70641e3.jpg,masks/ef70641e3.png,1
7b2a06c77.jpg,train_images/7b2a06c77.jpg,masks/7b2a06c77.png,1
ef24240a0.jpg,train_images/ef24240a0.jpg,masks/ef24240a0.png,1
d4387afd3.jpg,train_images/d4387afd3.jpg,masks/d4387afd3.png,1
84865746c.jpg,train_images/84865746c.jpg,masks/84865746c.png,1
27f99b836.jpg,train_images/27f99b836.jpg,masks/27f99b836.png,1
058a1e3b8.jpg,train_images/058a1e3b8.jpg,masks/058a1e3b8.png,1
6f4510634.jpg,train_images/6f4510634.jpg,masks/6f4510634.png,1
d37c88411.jpg,train_images/d37c88411.jpg,masks/d37c88411.png,1
51097aa45.jpg,train_images/51097aa45.jpg,masks/51097aa45.png,1
fb38bb7bf.jpg,train_images/fb38bb7bf.jpg,masks/fb38bb7bf.png,1
c9c7d9ddb.jpg,train_images/c9c7d9ddb.jpg,masks/c9c7d9ddb.png,1
9789423c2.jpg,train_images/9789423c2.jpg,masks/9789423c2.png,1
9f2b5e50a.jpg,train_images/9f2b5e50a.jpg,masks/9f2b5e50a.png,1
2ca3581f8.jpg,train_images/2ca3581f8.jpg,masks/2ca3581f8.png,1
21fb2df8d.jpg,train_images/21fb2df8d.jpg,masks/21fb2df8d.png,1
f7b1dd93a.jpg,train_images/f7b1dd93a.jpg,masks/f7b1dd93a.png,1
6e0729dc0.jpg,train_images/6e0729dc0.jpg,masks/6e0729dc0.png,1
e003d691f.jpg,train_images/e003d691f.jpg,masks/e003d691f.png,1
162de780e.jpg,train_images/162de780e.jpg,masks/162de780e.png,1
59b20349b.jpg,train_images/59b20349b.jpg,masks/59b20349b.png,1
e13e952d1.jpg,train_images/e13e952d1.jpg,masks/e13e952d1.png,1
79dc6e410.jpg,train_images/79dc6e410.jpg,masks/79dc6e410.png,1
41d7a39dc.jpg,train_images/41d7a39dc.jpg,masks/41d7a39dc.png,1
98017b765.jpg,train_images/98017b765.jpg,masks/98017b765.png,1
12ee58841.jpg,train_images/12ee58841.jpg,masks/12ee58841.png,1
6b4308d55.jpg,train_images/6b4308d55.jpg,masks/6b4308d55.png,1
388e36308.jpg,train_images/388e36308.jpg,masks/388e36308.png,1
7604be5f3.jpg,train_images/7604be5f3.jpg,masks/7604be5f3.png,1
e4f4ee905.jpg,train_images/e4f4ee905.jpg,masks/e4f4ee905.png,1
b89490249.jpg,train_images/b89490249.jpg,masks/b89490249.png,1
8ed87432c.jpg,train_images/8ed87432c.jpg,masks/8ed87432c.png,1
84eac92fc.jpg,train_images/84eac92fc.jpg,masks/84eac92fc.png,1
fcfffb388.jpg,train_images/fcfffb388.jpg,masks/fcfffb388.png,1
8a7eddd78.jpg,train_images/8a7eddd78.jpg,masks/8a7eddd78.png,1
95a8e91c4.jpg,train_images/95a8e91c4.jpg,masks/95a8e91c4.png,1
8b9681587.jpg,train_images/8b9681587.jpg,masks/8b9681587.png,1
807ef1574.jpg,train_images/807ef1574.jpg,masks/807ef1574.png,1
5a3db6845.jpg,train_images/5a3db6845.jpg,masks/5a3db6845.png,1
f84697b80.jpg,train_images/f84697b80.jpg,masks/f84697b80.png,1
9beece43e.jpg,train_images/9beece43e.jpg,masks/9beece43e.png,1
431234941.jpg,train_images/431234941.jpg,masks/431234941.png,1
b68c95b87.jpg,train_images/b68c95b87.jpg,masks/b68c95b87.png,1
7aa11e186.jpg,train_images/7aa11e186.jpg,masks/7aa11e186.png,1
21ac40700.jpg,train_images/21ac40700.jpg,masks/21ac40700.png,1
54780d890.jpg,train_images/54780d890.jpg,masks/54780d890.png,1
bbef58539.jpg,train_images/bbef58539.jpg,masks/bbef58539.png,1
08a8ed239.jpg,train_images/08a8ed239.jpg,masks/08a8ed239.png,1
47c24f230.jpg,train_images/47c24f230.jpg,masks/47c24f230.png,1
50bab4d98.jpg,train_images/50bab4d98.jpg,masks/50bab4d98.png,1
b913b77cc.jpg,train_images/b913b77cc.jpg,masks/b913b77cc.png,1
1860df762.jpg,train_images/1860df762.jpg,masks/1860df762.png,1
d335a12b1.jpg,train_images/d335a12b1.jpg,masks/d335a12b1.png,1
a922edcb6.jpg,train_images/a922edcb6.jpg,masks/a922edcb6.png,1
016efe618.jpg,train_images/016efe618.jpg,masks/016efe618.png,1
0360edfb8.jpg,train_images/0360edfb8.jpg,masks/0360edfb8.png,1
bacfd8fc8.jpg,train_images/bacfd8fc8.jpg,masks/bacfd8fc8.png,1
ff001adfe.jpg,train_images/ff001adfe.jpg,masks/ff001adfe.png,1
3ffa37e37.jpg,train_images/3ffa37e37.jpg,masks/3ffa37e37.png,1
f7f2d555c.jpg,train_images/f7f2d555c.jpg,masks/f7f2d555c.png,1
624e942f6.jpg,train_images/624e942f6.jpg,masks/624e942f6.png,1
eadff74bc.jpg,train_images/eadff74bc.jpg,masks/eadff74bc.png,1
98e2146e9.jpg,train_images/98e2146e9.jpg,masks/98e2146e9.png,1
a4e947fb4.jpg,train_images/a4e947fb4.jpg,masks/a4e947fb4.png,1
1bd394dd6.jpg,train_images/1bd394dd6.jpg,masks/1bd394dd6.png,1
7f52709ea.jpg,train_images/7f52709ea.jpg,masks/7f52709ea.png,1
b31d1c693.jpg,train_images/b31d1c693.jpg,masks/b31d1c693.png,1
62a1af2c1.jpg,train_images/62a1af2c1.jpg,masks/62a1af2c1.png,1
74131d9ff.jpg,train_images/74131d9ff.jpg,masks/74131d9ff.png,1
7f1b37606.jpg,train_images/7f1b37606.jpg,masks/7f1b37606.png,1
15aeb5d52.jpg,train_images/15aeb5d52.jpg,masks/15aeb5d52.png,1
45b362a50.jpg,train_images/45b362a50.jpg,masks/45b362a50.png,1
ed1c6be8d.jpg,train_images/ed1c6be8d.jpg,masks/ed1c6be8d.png,1
c0e730a68.jpg,train_images/c0e730a68.jpg,masks/c0e730a68.png,1
dbe2d92ec.jpg,train_images/dbe2d92ec.jpg,masks/dbe2d92ec.png,1
51938ecf0.jpg,train_images/51938ecf0.jpg,masks/51938ecf0.png,1
6276bd13c.jpg,train_images/6276bd13c.jpg,masks/6276bd13c.png,1
c95db6975.jpg,train_images/c95db6975.jpg,masks/c95db6975.png,1
79c7b230b.jpg,train_images/79c7b230b.jpg,masks/79c7b230b.png,1
0a37f0a29.jpg,train_images/0a37f0a29.jpg,masks/0a37f0a29.png,1
373ebde8b.jpg,train_images/373ebde8b.jpg,masks/373ebde8b.png,1
825d06c01.jpg,train_images/825d06c01.jpg,masks/825d06c01.png,1
7981f7773.jpg,train_images/7981f7773.jpg,masks/7981f7773.png,1
2b01fd731.jpg,train_images/2b01fd731.jpg,masks/2b01fd731.png,1
22fb4b286.jpg,train_images/22fb4b286.jpg,masks/22fb4b286.png,1
0dc953a31.jpg,train_images/0dc953a31.jpg,masks/0dc953a31.png,1
44ada0c0b.jpg,train_images/44ada0c0b.jpg,masks/44ada0c0b.png,1
04072b39a.jpg,train_images/04072b39a.jpg,masks/04072b39a.png,1
f338038be.jpg,train_images/f338038be.jpg,masks/f338038be.png,1
dd345169c.jpg,train_images/dd345169c.jpg,masks/dd345169c.png,1
59384b153.jpg,train_images/59384b153.jpg,masks/59384b153.png,1
9b1abd245.jpg,train_images/9b1abd245.jpg,masks/9b1abd245.png,1
eb1f38f03.jpg,train_images/eb1f38f03.jpg,masks/eb1f38f03.png,1
14e4da366.jpg,train_images/14e4da366.jpg,masks/14e4da366.png,1
0905fe055.jpg,train_images/0905fe055.jpg,masks/0905fe055.png,1
65f1d83fb.jpg,train_images/65f1d83fb.jpg,masks/65f1d83fb.png,1
97192a78b.jpg,train_images/97192a78b.jpg,masks/97192a78b.png,1
f98a8ae54.jpg,train_images/f98a8ae54.jpg,masks/f98a8ae54.png,1
43d7e6da0.jpg,train_images/43d7e6da0.jpg,masks/43d7e6da0.png,1
5660432cc.jpg,train_images/5660432cc.jpg,masks/5660432cc.png,1
e616ad745.jpg,train_images/e616ad745.jpg,masks/e616ad745.png,1
6e9963232.jpg,train_images/6e9963232.jpg,masks/6e9963232.png,1
92ded43da.jpg,train_images/92ded43da.jpg,masks/92ded43da.png,1
4accda000.jpg,train_images/4accda000.jpg,masks/4accda000.png,1
d69cd7557.jpg,train_images/d69cd7557.jpg,masks/d69cd7557.png,1
a7391743c.jpg,train_images/a7391743c.jpg,masks/a7391743c.png,1
57239737a.jpg,train_images/57239737a.jpg,masks/57239737a.png,1
4072c3bb5.jpg,train_images/4072c3bb5.jpg,masks/4072c3bb5.png,1
8cb9d43f0.jpg,train_images/8cb9d43f0.jpg,masks/8cb9d43f0.png,1
8d74ea350.jpg,train_images/8d74ea350.jpg,masks/8d74ea350.png,1
3b8d1d356.jpg,train_images/3b8d1d356.jpg,masks/3b8d1d356.png,1
dc67d78bf.jpg,train_images/dc67d78bf.jpg,masks/dc67d78bf.png,1
d65fc70b5.jpg,train_images/d65fc70b5.jpg,masks/d65fc70b5.png,1
9844183a4.jpg,train_images/9844183a4.jpg,masks/9844183a4.png,1
5e570da14.jpg,train_images/5e570da14.jpg,masks/5e570da14.png,1
a2098618c.jpg,train_images/a2098618c.jpg,masks/a2098618c.png,1
19d5d25a6.jpg,train_images/19d5d25a6.jpg,masks/19d5d25a6.png,1
2a184dcbe.jpg,train_images/2a184dcbe.jpg,masks/2a184dcbe.png,1
1917c9f34.jpg,train_images/1917c9f34.jpg,masks/1917c9f34.png,1
332e21cbc.jpg,train_images/332e21cbc.jpg,masks/332e21cbc.png,1
9c7d10c89.jpg,train_images/9c7d10c89.jpg,masks/9c7d10c89.png,1
06aed81ba.jpg,train_images/06aed81ba.jpg,masks/06aed81ba.png,1
8527d0b55.jpg,train_images/8527d0b55.jpg,masks/8527d0b55.png,1
631eb3826.jpg,train_images/631eb3826.jpg,masks/631eb3826.png,1
ab312df89.jpg,train_images/ab312df89.jpg,masks/ab312df89.png,1
a045e21e6.jpg,train_images/a045e21e6.jpg,masks/a045e21e6.png,1
3a6a4078f.jpg,train_images/3a6a4078f.jpg,masks/3a6a4078f.png,1
977eee415.jpg,train_images/977eee415.jpg,masks/977eee415.png,1
16acf1ed9.jpg,train_images/16acf1ed9.jpg,masks/16acf1ed9.png,1
b66e31dfb.jpg,train_images/b66e31dfb.jpg,masks/b66e31dfb.png,1
849d70baf.jpg,train_images/849d70baf.jpg,masks/849d70baf.png,1
75070e973.jpg,train_images/75070e973.jpg,masks/75070e973.png,1
2cfa58247.jpg,train_images/2cfa58247.jpg,masks/2cfa58247.png,1
90b51d4f7.jpg,train_images/90b51d4f7.jpg,masks/90b51d4f7.png,1
aff2b8b8a.jpg,train_images/aff2b8b8a.jpg,masks/aff2b8b8a.png,1
fdf3a16fc.jpg,train_images/fdf3a16fc.jpg,masks/fdf3a16fc.png,1
2122b99c0.jpg,train_images/2122b99c0.jpg,masks/2122b99c0.png,1
582f0666f.jpg,train_images/582f0666f.jpg,masks/582f0666f.png,1
a6ecee828.jpg,train_images/a6ecee828.jpg,masks/a6ecee828.png,1
7b08e8584.jpg,train_images/7b08e8584.jpg,masks/7b08e8584.png,1
1f3e0b337.jpg,train_images/1f3e0b337.jpg,masks/1f3e0b337.png,1
4c12f034c.jpg,train_images/4c12f034c.jpg,masks/4c12f034c.png,1
54f7648a5.jpg,train_images/54f7648a5.jpg,masks/54f7648a5.png,1
fe7b99496.jpg,train_images/fe7b99496.jpg,masks/fe7b99496.png,1
d1fdc8367.jpg,train_images/d1fdc8367.jpg,masks/d1fdc8367.png,1
10972add9.jpg,train_images/10972add9.jpg,masks/10972add9.png,1
4bc04da70.jpg,train_images/4bc04da70.jpg,masks/4bc04da70.png,1
37ea06e86.jpg,train_images/37ea06e86.jpg,masks/37ea06e86.png,1
20a894ca5.jpg,train_images/20a894ca5.jpg,masks/20a894ca5.png,1
8991e4a44.jpg,train_images/8991e4a44.jpg,masks/8991e4a44.png,1
2fa3a9f3e.jpg,train_images/2fa3a9f3e.jpg,masks/2fa3a9f3e.png,1
735d9afc3.jpg,train_images/735d9afc3.jpg,masks/735d9afc3.png,1
8faba402b.jpg,train_images/8faba402b.jpg,masks/8faba402b.png,1
51434f59b.jpg,train_images/51434f59b.jpg,masks/51434f59b.png,1
a629cce39.jpg,train_images/a629cce39.jpg,masks/a629cce39.png,1
5238bc100.jpg,train_images/5238bc100.jpg,masks/5238bc100.png,1
183383e8d.jpg,train_images/183383e8d.jpg,masks/183383e8d.png,1
277e3727f.jpg,train_images/277e3727f.jpg,masks/277e3727f.png,1
0d99ab39c.jpg,train_images/0d99ab39c.jpg,masks/0d99ab39c.png,1
f8d0b85ef.jpg,train_images/f8d0b85ef.jpg,masks/f8d0b85ef.png,1
35665c5b9.jpg,train_images/35665c5b9.jpg,masks/35665c5b9.png,1
9b72243dc.jpg,train_images/9b72243dc.jpg,masks/9b72243dc.png,1
f9a30423e.jpg,train_images/f9a30423e.jpg,masks/f9a30423e.png,1
fad2dd8ee.jpg,train_images/fad2dd8ee.jpg,masks/fad2dd8ee.png,1
9c936d05f.jpg,train_images/9c936d05f.jpg,masks/9c936d05f.png,1
11ff6a6f4.jpg,train_images/11ff6a6f4.jpg,masks/11ff6a6f4.png,1
902ba9941.jpg,train_images/902ba9941.jpg,masks/902ba9941.png,1
b2ad335bf.jpg,train_images/b2ad335bf.jpg,masks/b2ad335bf.png,1
a912cf0b9.jpg,train_images/a912cf0b9.jpg,masks/a912cf0b9.png,1
31deb6516.jpg,train_images/31deb6516.jpg,masks/31deb6516.png,1
bfa17327e.jpg,train_images/bfa17327e.jpg,masks/bfa17327e.png,1
a79e9a769.jpg,train_images/a79e9a769.jpg,masks/a79e9a769.png,1
b34f3d4dc.jpg,train_images/b34f3d4dc.jpg,masks/b34f3d4dc.png,1
b3d88bde6.jpg,train_images/b3d88bde6.jpg,masks/b3d88bde6.png,1
2111e4f3f.jpg,train_images/2111e4f3f.jpg,masks/2111e4f3f.png,1
636214476.jpg,train_images/636214476.jpg,masks/636214476.png,1
3672e84bc.jpg,train_images/3672e84bc.jpg,masks/3672e84bc.png,1
c448a41ee.jpg,train_images/c448a41ee.jpg,masks/c448a41ee.png,1
5f0c8d167.jpg,train_images/5f0c8d167.jpg,masks/5f0c8d167.png,1
e3c8b3a70.jpg,train_images/e3c8b3a70.jpg,masks/e3c8b3a70.png,1
c0e34b64b.jpg,train_images/c0e34b64b.jpg,masks/c0e34b64b.png,1
b658e6c9f.jpg,train_images/b658e6c9f.jpg,masks/b658e6c9f.png,1
abe8e7faf.jpg,train_images/abe8e7faf.jpg,masks/abe8e7faf.png,1
be65d7bb7.jpg,train_images/be65d7bb7.jpg,masks/be65d7bb7.png,1
fa71602c6.jpg,train_images/fa71602c6.jpg,masks/fa71602c6.png,1
18c141479.jpg,train_images/18c141479.jpg,masks/18c141479.png,1
3b2f9b14d.jpg,train_images/3b2f9b14d.jpg,masks/3b2f9b14d.png,1
bdeee2086.jpg,train_images/bdeee2086.jpg,masks/bdeee2086.png,1
5b537b5fa.jpg,train_images/5b537b5fa.jpg,masks/5b537b5fa.png,1
4a662783b.jpg,train_images/4a662783b.jpg,masks/4a662783b.png,1
dbac90dc5.jpg,train_images/dbac90dc5.jpg,masks/dbac90dc5.png,1
d8d851749.jpg,train_images/d8d851749.jpg,masks/d8d851749.png,1
9323bd21d.jpg,train_images/9323bd21d.jpg,masks/9323bd21d.png,1
f53e75337.jpg,train_images/f53e75337.jpg,masks/f53e75337.png,1
ed1e66f9c.jpg,train_images/ed1e66f9c.jpg,masks/ed1e66f9c.png,1
8645f73f1.jpg,train_images/8645f73f1.jpg,masks/8645f73f1.png,1
dc46bd374.jpg,train_images/dc46bd374.jpg,masks/dc46bd374.png,1
436e3f4a0.jpg,train_images/436e3f4a0.jpg,masks/436e3f4a0.png,1
ba11c9dc3.jpg,train_images/ba11c9dc3.jpg,masks/ba11c9dc3.png,1
22827c51d.jpg,train_images/22827c51d.jpg,masks/22827c51d.png,1
44011d351.jpg,train_images/44011d351.jpg,masks/44011d351.png,1
1a075e075.jpg,train_images/1a075e075.jpg,masks/1a075e075.png,1
f10768627.jpg,train_images/f10768627.jpg,masks/f10768627.png,1
21b335784.jpg,train_images/21b335784.jpg,masks/21b335784.png,1
153b56c43.jpg,train_images/153b56c43.jpg,masks/153b56c43.png,1
3cffb1206.jpg,train_images/3cffb1206.jpg,masks/3cffb1206.png,1
a985a9c7c.jpg,train_images/a985a9c7c.jpg,masks/a985a9c7c.png,1
2e4da1fd1.jpg,train_images/2e4da1fd1.jpg,masks/2e4da1fd1.png,1
a42dee222.jpg,train_images/a42dee222.jpg,masks/a42dee222.png,1
140e212df.jpg,train_images/140e212df.jpg,masks/140e212df.png,1
a71670d83.jpg,train_images/a71670d83.jpg,masks/a71670d83.png,1
e6c32de72.jpg,train_images/e6c32de72.jpg,masks/e6c32de72.png,1
bd967bd29.jpg,train_images/bd967bd29.jpg,masks/bd967bd29.png,1
49c24c9a8.jpg,train_images/49c24c9a8.jpg,masks/49c24c9a8.png,1
b1b95cd4d.jpg,train_images/b1b95cd4d.jpg,masks/b1b95cd4d.png,1
455241741.jpg,train_images/455241741.jpg,masks/455241741.png,1
841c1f67e.jpg,train_images/841c1f67e.jpg,masks/841c1f67e.png,1
33945043e.jpg,train_images/33945043e.jpg,masks/33945043e.png,1
9ab372c8c.jpg,train_images/9ab372c8c.jpg,masks/9ab372c8c.png,1
d30ad2e83.jpg,train_images/d30ad2e83.jpg,masks/d30ad2e83.png,1
3294c9bd1.jpg,train_images/3294c9bd1.jpg,masks/3294c9bd1.png,1
bd8556ab8.jpg,train_images/bd8556ab8.jpg,masks/bd8556ab8.png,1
03faf7462.jpg,train_images/03faf7462.jpg,masks/03faf7462.png,1
2efdba8cd.jpg,train_images/2efdba8cd.jpg,masks/2efdba8cd.png,1
c4d5657bc.jpg,train_images/c4d5657bc.jpg,masks/c4d5657bc.png,1
875d01c22.jpg,train_images/875d01c22.jpg,masks/875d01c22.png,1
08b40a161.jpg,train_images/08b40a161.jpg,masks/08b40a161.png,1
464917fe0.jpg,train_images/464917fe0.jpg,masks/464917fe0.png,1
8bb5ada5c.jpg,train_images/8bb5ada5c.jpg,masks/8bb5ada5c.png,1
38b921939.jpg,train_images/38b921939.jpg,masks/38b921939.png,1
5c9b16686.jpg,train_images/5c9b16686.jpg,masks/5c9b16686.png,1
147ca5516.jpg,train_images/147ca5516.jpg,masks/147ca5516.png,1
cc61104ff.jpg,train_images/cc61104ff.jpg,masks/cc61104ff.png,1
c88590b3f.jpg,train_images/c88590b3f.jpg,masks/c88590b3f.png,1
ccbeeb18a.jpg,train_images/ccbeeb18a.jpg,masks/ccbeeb18a.png,1
d06052fa8.jpg,train_images/d06052fa8.jpg,masks/d06052fa8.png,1
afb854388.jpg,train_images/afb854388.jpg,masks/afb854388.png,1
fe96a088d.jpg,train_images/fe96a088d.jpg,masks/fe96a088d.png,1
b925ef3b7.jpg,train_images/b925ef3b7.jpg,masks/b925ef3b7.png,1
1a0f5230a.jpg,train_images/1a0f5230a.jpg,masks/1a0f5230a.png,1
d1cea465b.jpg,train_images/d1cea465b.jpg,masks/d1cea465b.png,1
c0065dcab.jpg,train_images/c0065dcab.jpg,masks/c0065dcab.png,1
eab4edf22.jpg,train_images/eab4edf22.jpg,masks/eab4edf22.png,1
454d794dc.jpg,train_images/454d794dc.jpg,masks/454d794dc.png,1
4eac3a7d0.jpg,train_images/4eac3a7d0.jpg,masks/4eac3a7d0.png,1
81c37d5f1.jpg,train_images/81c37d5f1.jpg,masks/81c37d5f1.png,1
58384cf41.jpg,train_images/58384cf41.jpg,masks/58384cf41.png,1
51f9ccdd2.jpg,train_images/51f9ccdd2.jpg,masks/51f9ccdd2.png,1
215dc201f.jpg,train_images/215dc201f.jpg,masks/215dc201f.png,1
8fbd70ddf.jpg,train_images/8fbd70ddf.jpg,masks/8fbd70ddf.png,1
dec7344c8.jpg,train_images/dec7344c8.jpg,masks/dec7344c8.png,1
568439b6c.jpg,train_images/568439b6c.jpg,masks/568439b6c.png,1
12471d0d5.jpg,train_images/12471d0d5.jpg,masks/12471d0d5.png,1
f1becb8a5.jpg,train_images/f1becb8a5.jpg,masks/f1becb8a5.png,1
077f0256d.jpg,train_images/077f0256d.jpg,masks/077f0256d.png,1
1b93e337a.jpg,train_images/1b93e337a.jpg,masks/1b93e337a.png,1
a187d1897.jpg,train_images/a187d1897.jpg,masks/a187d1897.png,1
3da2c3982.jpg,train_images/3da2c3982.jpg,masks/3da2c3982.png,1
c4a074066.jpg,train_images/c4a074066.jpg,masks/c4a074066.png,1
01cf446d4.jpg,train_images/01cf446d4.jpg,masks/01cf446d4.png,1
1def10240.jpg,train_images/1def10240.jpg,masks/1def10240.png,1
8e1fb6f5a.jpg,train_images/8e1fb6f5a.jpg,masks/8e1fb6f5a.png,1
e2b3cf9a4.jpg,train_images/e2b3cf9a4.jpg,masks/e2b3cf9a4.png,1
fd88ec534.jpg,train_images/fd88ec534.jpg,masks/fd88ec534.png,1
057b89dd5.jpg,train_images/057b89dd5.jpg,masks/057b89dd5.png,1
fea8e46ad.jpg,train_images/fea8e46ad.jpg,masks/fea8e46ad.png,1
4d4dd1754.jpg,train_images/4d4dd1754.jpg,masks/4d4dd1754.png,1
ce44910a4.jpg,train_images/ce44910a4.jpg,masks/ce44910a4.png,1
4b628b398.jpg,train_images/4b628b398.jpg,masks/4b628b398.png,1
e34f68168.jpg,train_images/e34f68168.jpg,masks/e34f68168.png,1
6b53b62be.jpg,train_images/6b53b62be.jpg,masks/6b53b62be.png,1
15ce9e5cf.jpg,train_images/15ce9e5cf.jpg,masks/15ce9e5cf.png,1
18fc395b4.jpg,train_images/18fc395b4.jpg,masks/18fc395b4.png,1
b5696c8f3.jpg,train_images/b5696c8f3.jpg,masks/b5696c8f3.png,1
94c746443.jpg,train_images/94c746443.jpg,masks/94c746443.png,1
a0fcb1803.jpg,train_images/a0fcb1803.jpg,masks/a0fcb1803.png,1
31262e8f9.jpg,train_images/31262e8f9.jpg,masks/31262e8f9.png,1
4a4f274d1.jpg,train_images/4a4f274d1.jpg,masks/4a4f274d1.png,1
c293952c8.jpg,train_images/c293952c8.jpg,masks/c293952c8.png,1
0526d780c.jpg,train_images/0526d780c.jpg,masks/0526d780c.png,1
1c19efedd.jpg,train_images/1c19efedd.jpg,masks/1c19efedd.png,1
c34fc79b6.jpg,train_images/c34fc79b6.jpg,masks/c34fc79b6.png,1
2490c490c.jpg,train_images/2490c490c.jpg,masks/2490c490c.png,1
1f6915575.jpg,train_images/1f6915575.jpg,masks/1f6915575.png,1
ae9a53e90.jpg,train_images/ae9a53e90.jpg,masks/ae9a53e90.png,1
471b423b1.jpg,train_images/471b423b1.jpg,masks/471b423b1.png,1
74ac88f43.jpg,train_images/74ac88f43.jpg,masks/74ac88f43.png,1
616646b4d.jpg,train_images/616646b4d.jpg,masks/616646b4d.png,1
67fce2600.jpg,train_images/67fce2600.jpg,masks/67fce2600.png,1
4dd52fc23.jpg,train_images/4dd52fc23.jpg,masks/4dd52fc23.png,1
89f3cc3f1.jpg,train_images/89f3cc3f1.jpg,masks/89f3cc3f1.png,1
711069458.jpg,train_images/711069458.jpg,masks/711069458.png,1
fa347a114.jpg,train_images/fa347a114.jpg,masks/fa347a114.png,1
7486d3e78.jpg,train_images/7486d3e78.jpg,masks/7486d3e78.png,1
9c850bf6c.jpg,train_images/9c850bf6c.jpg,masks/9c850bf6c.png,1
d5ff65cd6.jpg,train_images/d5ff65cd6.jpg,masks/d5ff65cd6.png,1
f4c5a6321.jpg,train_images/f4c5a6321.jpg,masks/f4c5a6321.png,1
5a2a644d9.jpg,train_images/5a2a644d9.jpg,masks/5a2a644d9.png,1
de37ca856.jpg,train_images/de37ca856.jpg,masks/de37ca856.png,1
c223d7b2e.jpg,train_images/c223d7b2e.jpg,masks/c223d7b2e.png,1
9384459df.jpg,train_images/9384459df.jpg,masks/9384459df.png,1
204bcfc88.jpg,train_images/204bcfc88.jpg,masks/204bcfc88.png,1
cd52bfb5a.jpg,train_images/cd52bfb5a.jpg,masks/cd52bfb5a.png,1
6100fae0f.jpg,train_images/6100fae0f.jpg,masks/6100fae0f.png,1
8ceba5ea5.jpg,train_images/8ceba5ea5.jpg,masks/8ceba5ea5.png,1
1a9654c65.jpg,train_images/1a9654c65.jpg,masks/1a9654c65.png,1
6d08d7ab4.jpg,train_images/6d08d7ab4.jpg,masks/6d08d7ab4.png,1
4dc35083b.jpg,train_images/4dc35083b.jpg,masks/4dc35083b.png,1
794307d65.jpg,train_images/794307d65.jpg,masks/794307d65.png,1
76094e200.jpg,train_images/76094e200.jpg,masks/76094e200.png,1
b4d309794.jpg,train_images/b4d309794.jpg,masks/b4d309794.png,1
52faeb955.jpg,train_images/52faeb955.jpg,masks/52faeb955.png,1
497d0a057.jpg,train_images/497d0a057.jpg,masks/497d0a057.png,1
8bab4626b.jpg,train_images/8bab4626b.jpg,masks/8bab4626b.png,1
8fc48f131.jpg,train_images/8fc48f131.jpg,masks/8fc48f131.png,1
2bc3b7fce.jpg,train_images/2bc3b7fce.jpg,masks/2bc3b7fce.png,1
4992fae6f.jpg,train_images/4992fae6f.jpg,masks/4992fae6f.png,1
ff1020719.jpg,train_images/ff1020719.jpg,masks/ff1020719.png,1
c3a93c97a.jpg,train_images/c3a93c97a.jpg,masks/c3a93c97a.png,1
d44db82d2.jpg,train_images/d44db82d2.jpg,masks/d44db82d2.png,1
8d4206f2a.jpg,train_images/8d4206f2a.jpg,masks/8d4206f2a.png,1
9962acd22.jpg,train_images/9962acd22.jpg,masks/9962acd22.png,1
01e020dc5.jpg,train_images/01e020dc5.jpg,masks/01e020dc5.png,1
8f8104c9c.jpg,train_images/8f8104c9c.jpg,masks/8f8104c9c.png,1
1ab7b5ed2.jpg,train_images/1ab7b5ed2.jpg,masks/1ab7b5ed2.png,1
73c295786.jpg,train_images/73c295786.jpg,masks/73c295786.png,1
82602cb06.jpg,train_images/82602cb06.jpg,masks/82602cb06.png,1
3c4a1b57f.jpg,train_images/3c4a1b57f.jpg,masks/3c4a1b57f.png,1
e9c4686f0.jpg,train_images/e9c4686f0.jpg,masks/e9c4686f0.png,1
8b4bb1228.jpg,train_images/8b4bb1228.jpg,masks/8b4bb1228.png,1
c9fb9abd9.jpg,train_images/c9fb9abd9.jpg,masks/c9fb9abd9.png,1
83e65d90e.jpg,train_images/83e65d90e.jpg,masks/83e65d90e.png,1
9e2d7ad80.jpg,train_images/9e2d7ad80.jpg,masks/9e2d7ad80.png,1
2719e3b47.jpg,train_images/2719e3b47.jpg,masks/2719e3b47.png,1
bec64003f.jpg,train_images/bec64003f.jpg,masks/bec64003f.png,1
241abf136.jpg,train_images/241abf136.jpg,masks/241abf136.png,1
cbbe86379.jpg,train_images/cbbe86379.jpg,masks/cbbe86379.png,1
326d25e8c.jpg,train_images/326d25e8c.jpg,masks/326d25e8c.png,1
48c466789.jpg,train_images/48c466789.jpg,masks/48c466789.png,1
1849f8952.jpg,train_images/1849f8952.jpg,masks/1849f8952.png,1
43df0a876.jpg,train_images/43df0a876.jpg,masks/43df0a876.png,1
32578d3e5.jpg,train_images/32578d3e5.jpg,masks/32578d3e5.png,1
304083ca3.jpg,train_images/304083ca3.jpg,masks/304083ca3.png,1
385f6dc61.jpg,train_images/385f6dc61.jpg,masks/385f6dc61.png,1
e45010a6a.jpg,train_images/e45010a6a.jpg,masks/e45010a6a.png,1
6e6f1adb8.jpg,train_images/6e6f1adb8.jpg,masks/6e6f1adb8.png,1
4ade4b747.jpg,train_images/4ade4b747.jpg,masks/4ade4b747.png,1
e9fa75516.jpg,train_images/e9fa75516.jpg,masks/e9fa75516.png,1
4e1d02f5a.jpg,train_images/4e1d02f5a.jpg,masks/4e1d02f5a.png,1
7690902ee.jpg,train_images/7690902ee.jpg,masks/7690902ee.png,1
ac681cbde.jpg,train_images/ac681cbde.jpg,masks/ac681cbde.png,1
ea970bedf.jpg,train_images/ea970bedf.jpg,masks/ea970bedf.png,1
05a024a74.jpg,train_images/05a024a74.jpg,masks/05a024a74.png,1
ae7a2de0d.jpg,train_images/ae7a2de0d.jpg,masks/ae7a2de0d.png,1
8b4b4d618.jpg,train_images/8b4b4d618.jpg,masks/8b4b4d618.png,1
6aa1495af.jpg,train_images/6aa1495af.jpg,masks/6aa1495af.png,1
44aea3a11.jpg,train_images/44aea3a11.jpg,masks/44aea3a11.png,1
67579f49a.jpg,train_images/67579f49a.jpg,masks/67579f49a.png,1
9d22ddbf2.jpg,train_images/9d22ddbf2.jpg,masks/9d22ddbf2.png,1
fec86da3c.jpg,train_images/fec86da3c.jpg,masks/fec86da3c.png,1
43b6618bf.jpg,train_images/43b6618bf.jpg,masks/43b6618bf.png,1
594303084.jpg,train_images/594303084.jpg,masks/594303084.png,1
135a4b191.jpg,train_images/135a4b191.jpg,masks/135a4b191.png,1
25548e840.jpg,train_images/25548e840.jpg,masks/25548e840.png,1
8c504c51c.jpg,train_images/8c504c51c.jpg,masks/8c504c51c.png,1
1bea66c7a.jpg,train_images/1bea66c7a.jpg,masks/1bea66c7a.png,1
9121da7fe.jpg,train_images/9121da7fe.jpg,masks/9121da7fe.png,1
8e933231b.jpg,train_images/8e933231b.jpg,masks/8e933231b.png,1
41ec6505f.jpg,train_images/41ec6505f.jpg,masks/41ec6505f.png,1
f36acf83d.jpg,train_images/f36acf83d.jpg,masks/f36acf83d.png,1
6fabaf589.jpg,train_images/6fabaf589.jpg,masks/6fabaf589.png,1
10b23eabe.jpg,train_images/10b23eabe.jpg,masks/10b23eabe.png,1
156a74a49.jpg,train_images/156a74a49.jpg,masks/156a74a49.png,1
f78c3b312.jpg,train_images/f78c3b312.jpg,masks/f78c3b312.png,1
cf8e21964.jpg,train_images/cf8e21964.jpg,masks/cf8e21964.png,1
6f2c9e945.jpg,train_images/6f2c9e945.jpg,masks/6f2c9e945.png,1
d1fedf96b.jpg,train_images/d1fedf96b.jpg,masks/d1fedf96b.png,1
59c00ad1f.jpg,train_images/59c00ad1f.jpg,masks/59c00ad1f.png,1
8e85eb81f.jpg,train_images/8e85eb81f.jpg,masks/8e85eb81f.png,1
37f331c96.jpg,train_images/37f331c96.jpg,masks/37f331c96.png,1
bc3c8163e.jpg,train_images/bc3c8163e.jpg,masks/bc3c8163e.png,1
ffb48ee43.jpg,train_images/ffb48ee43.jpg,masks/ffb48ee43.png,1
59b3bbeaf.jpg,train_images/59b3bbeaf.jpg,masks/59b3bbeaf.png,1
1b7bec2ba.jpg,train_images/1b7bec2ba.jpg,masks/1b7bec2ba.png,1
da522f333.jpg,train_images/da522f333.jpg,masks/da522f333.png,1
4efe827ed.jpg,train_images/4efe827ed.jpg,masks/4efe827ed.png,1
2467e2b6e.jpg,train_images/2467e2b6e.jpg,masks/2467e2b6e.png,1
b20fb15ff.jpg,train_images/b20fb15ff.jpg,masks/b20fb15ff.png,1
5757100f0.jpg,train_images/5757100f0.jpg,masks/5757100f0.png,1
7b5dbe34d.jpg,train_images/7b5dbe34d.jpg,masks/7b5dbe34d.png,1
5b470a696.jpg,train_images/5b470a696.jpg,masks/5b470a696.png,1
55c689cd0.jpg,train_images/55c689cd0.jpg,masks/55c689cd0.png,1
66c272e62.jpg,train_images/66c272e62.jpg,masks/66c272e62.png,1
cd662eda7.jpg,train_images/cd662eda7.jpg,masks/cd662eda7.png,1
a17a84d8f.jpg,train_images/a17a84d8f.jpg,masks/a17a84d8f.png,1
005f19695.jpg,train_images/005f19695.jpg,masks/005f19695.png,1
3d40be6af.jpg,train_images/3d40be6af.jpg,masks/3d40be6af.png,1
a8fcfff62.jpg,train_images/a8fcfff62.jpg,masks/a8fcfff62.png,1
873fbc272.jpg,train_images/873fbc272.jpg,masks/873fbc272.png,1
917607322.jpg,train_images/917607322.jpg,masks/917607322.png,1
e72dc1d19.jpg,train_images/e72dc1d19.jpg,masks/e72dc1d19.png,1
b63488e9d.jpg,train_images/b63488e9d.jpg,masks/b63488e9d.png,1
17e7cd5c6.jpg,train_images/17e7cd5c6.jpg,masks/17e7cd5c6.png,1
7c27585fd.jpg,train_images/7c27585fd.jpg,masks/7c27585fd.png,1
6fcfab295.jpg,train_images/6fcfab295.jpg,masks/6fcfab295.png,1
35a9b77c6.jpg,train_images/35a9b77c6.jpg,masks/35a9b77c6.png,1
4d38c353e.jpg,train_images/4d38c353e.jpg,masks/4d38c353e.png,1
98bb49ca7.jpg,train_images/98bb49ca7.jpg,masks/98bb49ca7.png,1
b7e90de47.jpg,train_images/b7e90de47.jpg,masks/b7e90de47.png,1
4b9664b0a.jpg,train_images/4b9664b0a.jpg,masks/4b9664b0a.png,1
3b3df8749.jpg,train_images/3b3df8749.jpg,masks/3b3df8749.png,1
dd9e0257b.jpg,train_images/dd9e0257b.jpg,masks/dd9e0257b.png,1
b46ecc387.jpg,train_images/b46ecc387.jpg,masks/b46ecc387.png,1
e495d5456.jpg,train_images/e495d5456.jpg,masks/e495d5456.png,1
9f34c4775.jpg,train_images/9f34c4775.jpg,masks/9f34c4775.png,1
e461fe709.jpg,train_images/e461fe709.jpg,masks/e461fe709.png,1
226e7fd6c.jpg,train_images/226e7fd6c.jpg,masks/226e7fd6c.png,1
aea51e93f.jpg,train_images/aea51e93f.jpg,masks/aea51e93f.png,1
80f7d7679.jpg,train_images/80f7d7679.jpg,masks/80f7d7679.png,1
576910e29.jpg,train_images/576910e29.jpg,masks/576910e29.png,1
d2bf41a92.jpg,train_images/d2bf41a92.jpg,masks/d2bf41a92.png,1
f7c7f6fc7.jpg,train_images/f7c7f6fc7.jpg,masks/f7c7f6fc7.png,1
618f0ff16.jpg,train_images/618f0ff16.jpg,masks/618f0ff16.png,1
81f75d1b5.jpg,train_images/81f75d1b5.jpg,masks/81f75d1b5.png,1
2276b004c.jpg,train_images/2276b004c.jpg,masks/2276b004c.png,1
746863c8f.jpg,train_images/746863c8f.jpg,masks/746863c8f.png,1
c99ef85c9.jpg,train_images/c99ef85c9.jpg,masks/c99ef85c9.png,1
b5867dc30.jpg,train_images/b5867dc30.jpg,masks/b5867dc30.png,1
c3206fb3c.jpg,train_images/c3206fb3c.jpg,masks/c3206fb3c.png,1
6ce9ef450.jpg,train_images/6ce9ef450.jpg,masks/6ce9ef450.png,1
87f6e3eeb.jpg,train_images/87f6e3eeb.jpg,masks/87f6e3eeb.png,1
81b4bf91a.jpg,train_images/81b4bf91a.jpg,masks/81b4bf91a.png,1
8f3044c4f.jpg,train_images/8f3044c4f.jpg,masks/8f3044c4f.png,1
62f84c877.jpg,train_images/62f84c877.jpg,masks/62f84c877.png,1
34a94858a.jpg,train_images/34a94858a.jpg,masks/34a94858a.png,1
3964357cd.jpg,train_images/3964357cd.jpg,masks/3964357cd.png,1
1fc012f23.jpg,train_images/1fc012f23.jpg,masks/1fc012f23.png,1
f7c4aaaad.jpg,train_images/f7c4aaaad.jpg,masks/f7c4aaaad.png,1
8981c24c8.jpg,train_images/8981c24c8.jpg,masks/8981c24c8.png,1
e863b1467.jpg,train_images/e863b1467.jpg,masks/e863b1467.png,1
0f65a99d2.jpg,train_images/0f65a99d2.jpg,masks/0f65a99d2.png,1
f67811762.jpg,train_images/f67811762.jpg,masks/f67811762.png,1
8d5dde91c.jpg,train_images/8d5dde91c.jpg,masks/8d5dde91c.png,1
eb4225311.jpg,train_images/eb4225311.jpg,masks/eb4225311.png,1
61dff697f.jpg,train_images/61dff697f.jpg,masks/61dff697f.png,1
3a96940c6.jpg,train_images/3a96940c6.jpg,masks/3a96940c6.png,1
a5092043e.jpg,train_images/a5092043e.jpg,masks/a5092043e.png,1
bacb738d3.jpg,train_images/bacb738d3.jpg,masks/bacb738d3.png,1
b3ff830e0.jpg,train_images/b3ff830e0.jpg,masks/b3ff830e0.png,1
aa9a7363b.jpg,train_images/aa9a7363b.jpg,masks/aa9a7363b.png,1
162fbb1af.jpg,train_images/162fbb1af.jpg,masks/162fbb1af.png,1
cd634f053.jpg,train_images/cd634f053.jpg,masks/cd634f053.png,1
1f9b8e2e6.jpg,train_images/1f9b8e2e6.jpg,masks/1f9b8e2e6.png,1
7f30a2a1e.jpg,train_images/7f30a2a1e.jpg,masks/7f30a2a1e.png,1
24154161c.jpg,train_images/24154161c.jpg,masks/24154161c.png,1
8a2a8a476.jpg,train_images/8a2a8a476.jpg,masks/8a2a8a476.png,1
d535c41bf.jpg,train_images/d535c41bf.jpg,masks/d535c41bf.png,1
5aa7997bd.jpg,train_images/5aa7997bd.jpg,masks/5aa7997bd.png,1
dee68db68.jpg,train_images/dee68db68.jpg,masks/dee68db68.png,1
3f3ddfea8.jpg,train_images/3f3ddfea8.jpg,masks/3f3ddfea8.png,1
379e98755.jpg,train_images/379e98755.jpg,masks/379e98755.png,1
681af7b91.jpg,train_images/681af7b91.jpg,masks/681af7b91.png,1
0c5c5644b.jpg,train_images/0c5c5644b.jpg,masks/0c5c5644b.png,1
71dd5a232.jpg,train_images/71dd5a232.jpg,masks/71dd5a232.png,1
930391b64.jpg,train_images/930391b64.jpg,masks/930391b64.png,1
6916a083e.jpg,train_images/6916a083e.jpg,masks/6916a083e.png,1
62b0a31ba.jpg,train_images/62b0a31ba.jpg,masks/62b0a31ba.png,1
0d224e852.jpg,train_images/0d224e852.jpg,masks/0d224e852.png,1
8bd35f020.jpg,train_images/8bd35f020.jpg,masks/8bd35f020.png,1
43f6a4177.jpg,train_images/43f6a4177.jpg,masks/43f6a4177.png,1
1f1426f32.jpg,train_images/1f1426f32.jpg,masks/1f1426f32.png,1
15f8fd390.jpg,train_images/15f8fd390.jpg,masks/15f8fd390.png,1
db3ce9c95.jpg,train_images/db3ce9c95.jpg,masks/db3ce9c95.png,1
b613acfb7.jpg,train_images/b613acfb7.jpg,masks/b613acfb7.png,1
7fc7bab6b.jpg,train_images/7fc7bab6b.jpg,masks/7fc7bab6b.png,1
ce42693fb.jpg,train_images/ce42693fb.jpg,masks/ce42693fb.png,1
e667de6f9.jpg,train_images/e667de6f9.jpg,masks/e667de6f9.png,1
0fcafcb3b.jpg,train_images/0fcafcb3b.jpg,masks/0fcafcb3b.png,1
f4e2a1748.jpg,train_images/f4e2a1748.jpg,masks/f4e2a1748.png,1
c084838d5.jpg,train_images/c084838d5.jpg,masks/c084838d5.png,1
a3d5e7319.jpg,train_images/a3d5e7319.jpg,masks/a3d5e7319.png,1
68a6a07f3.jpg,train_images/68a6a07f3.jpg,masks/68a6a07f3.png,1
e9463eb04.jpg,train_images/e9463eb04.jpg,masks/e9463eb04.png,1
7b2257638.jpg,train_images/7b2257638.jpg,masks/7b2257638.png,1
b90e286a5.jpg,train_images/b90e286a5.jpg,masks/b90e286a5.png,1
fa9a5da40.jpg,train_images/fa9a5da40.jpg,masks/fa9a5da40.png,1
3221a0d79.jpg,train_images/3221a0d79.jpg,masks/3221a0d79.png,1
0b6cc9daa.jpg,train_images/0b6cc9daa.jpg,masks/0b6cc9daa.png,1
a697f938a.jpg,train_images/a697f938a.jpg,masks/a697f938a.png,1
be6c49e45.jpg,train_images/be6c49e45.jpg,masks/be6c49e45.png,1
0e5e3f570.jpg,train_images/0e5e3f570.jpg,masks/0e5e3f570.png,1
4b286bf39.jpg,train_images/4b286bf39.jpg,masks/4b286bf39.png,1
39960c9e9.jpg,train_images/39960c9e9.jpg,masks/39960c9e9.png,1
503d78c6f.jpg,train_images/503d78c6f.jpg,masks/503d78c6f.png,1
ac0682b30.jpg,train_images/ac0682b30.jpg,masks/ac0682b30.png,1
896f852dd.jpg,train_images/896f852dd.jpg,masks/896f852dd.png,1
6bbc3a488.jpg,train_images/6bbc3a488.jpg,masks/6bbc3a488.png,1
81b6f3cca.jpg,train_images/81b6f3cca.jpg,masks/81b6f3cca.png,1
39bec5e5e.jpg,train_images/39bec5e5e.jpg,masks/39bec5e5e.png,1
6ec88b7f7.jpg,train_images/6ec88b7f7.jpg,masks/6ec88b7f7.png,1
cf853b06f.jpg,train_images/cf853b06f.jpg,masks/cf853b06f.png,1
4857d0687.jpg,train_images/4857d0687.jpg,masks/4857d0687.png,1
2decb23b0.jpg,train_images/2decb23b0.jpg,masks/2decb23b0.png,1
ce22cd852.jpg,train_images/ce22cd852.jpg,masks/ce22cd852.png,1
87ae117e9.jpg,train_images/87ae117e9.jpg,masks/87ae117e9.png,1
eed932172.jpg,train_images/eed932172.jpg,masks/eed932172.png,1
744c77e7d.jpg,train_images/744c77e7d.jpg,masks/744c77e7d.png,1
f2444c793.jpg,train_images/f2444c793.jpg,masks/f2444c793.png,1
d806c4bd6.jpg,train_images/d806c4bd6.jpg,masks/d806c4bd6.png,1
41dedb89b.jpg,train_images/41dedb89b.jpg,masks/41dedb89b.png,1
f6749d6fe.jpg,train_images/f6749d6fe.jpg,masks/f6749d6fe.png,1
edf12f5f1.jpg,train_images/edf12f5f1.jpg,masks/edf12f5f1.png,1
3e70d064f.jpg,train_images/3e70d064f.jpg,masks/3e70d064f.png,1
a0155346d.jpg,train_images/a0155346d.jpg,masks/a0155346d.png,1
b08d40600.jpg,train_images/b08d40600.jpg,masks/b08d40600.png,1
22123f29f.jpg,train_images/22123f29f.jpg,masks/22123f29f.png,1
cbc2172be.jpg,train_images/cbc2172be.jpg,masks/cbc2172be.png,1
5c201d9e7.jpg,train_images/5c201d9e7.jpg,masks/5c201d9e7.png,1
1e742caeb.jpg,train_images/1e742caeb.jpg,masks/1e742caeb.png,1
d7a6b31ea.jpg,train_images/d7a6b31ea.jpg,masks/d7a6b31ea.png,1
b442ff31d.jpg,train_images/b442ff31d.jpg,masks/b442ff31d.png,1
2720732e7.jpg,train_images/2720732e7.jpg,masks/2720732e7.png,1
a4906327e.jpg,train_images/a4906327e.jpg,masks/a4906327e.png,1
567e1f981.jpg,train_images/567e1f981.jpg,masks/567e1f981.png,1
843b29efa.jpg,train_images/843b29efa.jpg,masks/843b29efa.png,1
534c4e0c8.jpg,train_images/534c4e0c8.jpg,masks/534c4e0c8.png,1
e8c73d030.jpg,train_images/e8c73d030.jpg,masks/e8c73d030.png,1
a732b1b72.jpg,train_images/a732b1b72.jpg,masks/a732b1b72.png,1
31a43a534.jpg,train_images/31a43a534.jpg,masks/31a43a534.png,1
232256b21.jpg,train_images/232256b21.jpg,masks/232256b21.png,1
161ca82bf.jpg,train_images/161ca82bf.jpg,masks/161ca82bf.png,1
25515c2f6.jpg,train_images/25515c2f6.jpg,masks/25515c2f6.png,1
5afe748ca.jpg,train_images/5afe748ca.jpg,masks/5afe748ca.png,1
4a9bd840f.jpg,train_images/4a9bd840f.jpg,masks/4a9bd840f.png,1
d9ce68f4f.jpg,train_images/d9ce68f4f.jpg,masks/d9ce68f4f.png,1
d47dfa0e4.jpg,train_images/d47dfa0e4.jpg,masks/d47dfa0e4.png,1
214b9bd1a.jpg,train_images/214b9bd1a.jpg,masks/214b9bd1a.png,1
94e721678.jpg,train_images/94e721678.jpg,masks/94e721678.png,1
624b76e5c.jpg,train_images/624b76e5c.jpg,masks/624b76e5c.png,1
6dbd47d4f.jpg,train_images/6dbd47d4f.jpg,masks/6dbd47d4f.png,1
362b4c3d0.jpg,train_images/362b4c3d0.jpg,masks/362b4c3d0.png,1
6395f8bf1.jpg,train_images/6395f8bf1.jpg,masks/6395f8bf1.png,1
a5b484508.jpg,train_images/a5b484508.jpg,masks/a5b484508.png,1
fa6567637.jpg,train_images/fa6567637.jpg,masks/fa6567637.png,1
de5a08726.jpg,train_images/de5a08726.jpg,masks/de5a08726.png,1
4c101a491.jpg,train_images/4c101a491.jpg,masks/4c101a491.png,1
bab5271b6.jpg,train_images/bab5271b6.jpg,masks/bab5271b6.png,1
55979505e.jpg,train_images/55979505e.jpg,masks/55979505e.png,1
2db969d6b.jpg,train_images/2db969d6b.jpg,masks/2db969d6b.png,1
ebcfa79fd.jpg,train_images/ebcfa79fd.jpg,masks/ebcfa79fd.png,1
ccf39a604.jpg,train_images/ccf39a604.jpg,masks/ccf39a604.png,1
42877dc1a.jpg,train_images/42877dc1a.jpg,masks/42877dc1a.png,1
82fc300b4.jpg,train_images/82fc300b4.jpg,masks/82fc300b4.png,1
68142cad1.jpg,train_images/68142cad1.jpg,masks/68142cad1.png,1
c495e234e.jpg,train_images/c495e234e.jpg,masks/c495e234e.png,1
9d34d1ed3.jpg,train_images/9d34d1ed3.jpg,masks/9d34d1ed3.png,1
35d142883.jpg,train_images/35d142883.jpg,masks/35d142883.png,1
306415665.jpg,train_images/306415665.jpg,masks/306415665.png,1
892582cf9.jpg,train_images/892582cf9.jpg,masks/892582cf9.png,1
f52e7d092.jpg,train_images/f52e7d092.jpg,masks/f52e7d092.png,1
fb18f4f82.jpg,train_images/fb18f4f82.jpg,masks/fb18f4f82.png,1
fdc83849e.jpg,train_images/fdc83849e.jpg,masks/fdc83849e.png,1
200e555b4.jpg,train_images/200e555b4.jpg,masks/200e555b4.png,1
adff445fd.jpg,train_images/adff445fd.jpg,masks/adff445fd.png,1
d2938b2af.jpg,train_images/d2938b2af.jpg,masks/d2938b2af.png,1
8345249a8.jpg,train_images/8345249a8.jpg,masks/8345249a8.png,1
6fdd5f4ac.jpg,train_images/6fdd5f4ac.jpg,masks/6fdd5f4ac.png,1
ba7ed19b3.jpg,train_images/ba7ed19b3.jpg,masks/ba7ed19b3.png,1
cc73c4765.jpg,train_images/cc73c4765.jpg,masks/cc73c4765.png,1
89eec1aae.jpg,train_images/89eec1aae.jpg,masks/89eec1aae.png,1
4c18e968f.jpg,train_images/4c18e968f.jpg,masks/4c18e968f.png,1
b845ef149.jpg,train_images/b845ef149.jpg,masks/b845ef149.png,1
f8f942505.jpg,train_images/f8f942505.jpg,masks/f8f942505.png,1
e8b4ddc4d.jpg,train_images/e8b4ddc4d.jpg,masks/e8b4ddc4d.png,1
5b28f3d4a.jpg,train_images/5b28f3d4a.jpg,masks/5b28f3d4a.png,1
e696ac71b.jpg,train_images/e696ac71b.jpg,masks/e696ac71b.png,1
55c30f544.jpg,train_images/55c30f544.jpg,masks/55c30f544.png,1
efb89f410.jpg,train_images/efb89f410.jpg,masks/efb89f410.png,1
b379c8f14.jpg,train_images/b379c8f14.jpg,masks/b379c8f14.png,1
7d582e90d.jpg,train_images/7d582e90d.jpg,masks/7d582e90d.png,1
eb44ad79d.jpg,train_images/eb44ad79d.jpg,masks/eb44ad79d.png,1
d97933f5f.jpg,train_images/d97933f5f.jpg,masks/d97933f5f.png,1
135be73db.jpg,train_images/135be73db.jpg,masks/135be73db.png,1
5e534a619.jpg,train_images/5e534a619.jpg,masks/5e534a619.png,1
542084ea9.jpg,train_images/542084ea9.jpg,masks/542084ea9.png,1
cd64c39a7.jpg,train_images/cd64c39a7.jpg,masks/cd64c39a7.png,1
825a8ea8f.jpg,train_images/825a8ea8f.jpg,masks/825a8ea8f.png,1
ef8c8a263.jpg,train_images/ef8c8a263.jpg,masks/ef8c8a263.png,1
e83d27de8.jpg,train_images/e83d27de8.jpg,masks/e83d27de8.png,1
096465b41.jpg,train_images/096465b41.jpg,masks/096465b41.png,1
494ead378.jpg,train_images/494ead378.jpg,masks/494ead378.png,1
11c481d5e.jpg,train_images/11c481d5e.jpg,masks/11c481d5e.png,1
e669ef644.jpg,train_images/e669ef644.jpg,masks/e669ef644.png,1
0b7a4c9b9.jpg,train_images/0b7a4c9b9.jpg,masks/0b7a4c9b9.png,1
b68c2531c.jpg,train_images/b68c2531c.jpg,masks/b68c2531c.png,1
dee367c77.jpg,train_images/dee367c77.jpg,masks/dee367c77.png,1
e8226144f.jpg,train_images/e8226144f.jpg,masks/e8226144f.png,1
ab2541958.jpg,train_images/ab2541958.jpg,masks/ab2541958.png,1
f2ad0871c.jpg,train_images/f2ad0871c.jpg,masks/f2ad0871c.png,1
86752d23a.jpg,train_images/86752d23a.jpg,masks/86752d23a.png,1
5283b3138.jpg,train_images/5283b3138.jpg,masks/5283b3138.png,1
cc5401a6a.jpg,train_images/cc5401a6a.jpg,masks/cc5401a6a.png,1
bfaf69bd5.jpg,train_images/bfaf69bd5.jpg,masks/bfaf69bd5.png,1
602288d9c.jpg,train_images/602288d9c.jpg,masks/602288d9c.png,1
4b1d2a283.jpg,train_images/4b1d2a283.jpg,masks/4b1d2a283.png,1
959218299.jpg,train_images/959218299.jpg,masks/959218299.png,1
cdc267505.jpg,train_images/cdc267505.jpg,masks/cdc267505.png,1
cbfeaed02.jpg,train_images/cbfeaed02.jpg,masks/cbfeaed02.png,1
5852e61b5.jpg,train_images/5852e61b5.jpg,masks/5852e61b5.png,1
01053d28f.jpg,train_images/01053d28f.jpg,masks/01053d28f.png,1
55901ac51.jpg,train_images/55901ac51.jpg,masks/55901ac51.png,1
715a4faf3.jpg,train_images/715a4faf3.jpg,masks/715a4faf3.png,1
4d6cff7f8.jpg,train_images/4d6cff7f8.jpg,masks/4d6cff7f8.png,1
c6842bd61.jpg,train_images/c6842bd61.jpg,masks/c6842bd61.png,1
77064b126.jpg,train_images/77064b126.jpg,masks/77064b126.png,1
f84f601b2.jpg,train_images/f84f601b2.jpg,masks/f84f601b2.png,1
3ecff5d55.jpg,train_images/3ecff5d55.jpg,masks/3ecff5d55.png,1
10b6f12f1.jpg,train_images/10b6f12f1.jpg,masks/10b6f12f1.png,1
409adafbe.jpg,train_images/409adafbe.jpg,masks/409adafbe.png,1
a41e950ce.jpg,train_images/a41e950ce.jpg,masks/a41e950ce.png,1
737ae5c95.jpg,train_images/737ae5c95.jpg,masks/737ae5c95.png,1
2b15517b1.jpg,train_images/2b15517b1.jpg,masks/2b15517b1.png,1
9e009a678.jpg,train_images/9e009a678.jpg,masks/9e009a678.png,1
b8576af47.jpg,train_images/b8576af47.jpg,masks/b8576af47.png,1
1a8440db2.jpg,train_images/1a8440db2.jpg,masks/1a8440db2.png,1
1deada184.jpg,train_images/1deada184.jpg,masks/1deada184.png,1
0bb39cafa.jpg,train_images/0bb39cafa.jpg,masks/0bb39cafa.png,1
dfd8a544d.jpg,train_images/dfd8a544d.jpg,masks/dfd8a544d.png,1
2a7f8bab0.jpg,train_images/2a7f8bab0.jpg,masks/2a7f8bab0.png,1
974750ad1.jpg,train_images/974750ad1.jpg,masks/974750ad1.png,1
012a9a4c7.jpg,train_images/012a9a4c7.jpg,masks/012a9a4c7.png,1
9271c7e3d.jpg,train_images/9271c7e3d.jpg,masks/9271c7e3d.png,1
fc62ebb8b.jpg,train_images/fc62ebb8b.jpg,masks/fc62ebb8b.png,1
7638de35f.jpg,train_images/7638de35f.jpg,masks/7638de35f.png,1
8ac717af9.jpg,train_images/8ac717af9.jpg,masks/8ac717af9.png,1
0a9a7a6c7.jpg,train_images/0a9a7a6c7.jpg,masks/0a9a7a6c7.png,1
4dd35625f.jpg,train_images/4dd35625f.jpg,masks/4dd35625f.png,1
11bda65f0.jpg,train_images/11bda65f0.jpg,masks/11bda65f0.png,1
28a6ef562.jpg,train_images/28a6ef562.jpg,masks/28a6ef562.png,1
2019417e0.jpg,train_images/2019417e0.jpg,masks/2019417e0.png,1
39e365d3b.jpg,train_images/39e365d3b.jpg,masks/39e365d3b.png,1
334a77fc4.jpg,train_images/334a77fc4.jpg,masks/334a77fc4.png,1
141d72a3f.jpg,train_images/141d72a3f.jpg,masks/141d72a3f.png,1
22458f946.jpg,train_images/22458f946.jpg,masks/22458f946.png,1
31fdbb560.jpg,train_images/31fdbb560.jpg,masks/31fdbb560.png,1
dae3c563a.jpg,train_images/dae3c563a.jpg,masks/dae3c563a.png,1
00ec97699.jpg,train_images/00ec97699.jpg,masks/00ec97699.png,1
e857c7372.jpg,train_images/e857c7372.jpg,masks/e857c7372.png,1
1639cc829.jpg,train_images/1639cc829.jpg,masks/1639cc829.png,1
aff01777f.jpg,train_images/aff01777f.jpg,masks/aff01777f.png,1
ba0c890a2.jpg,train_images/ba0c890a2.jpg,masks/ba0c890a2.png,1
830ab6c11.jpg,train_images/830ab6c11.jpg,masks/830ab6c11.png,1
a4c93ac65.jpg,train_images/a4c93ac65.jpg,masks/a4c93ac65.png,1
0f2f4c90e.jpg,train_images/0f2f4c90e.jpg,masks/0f2f4c90e.png,1
e31f8c3de.jpg,train_images/e31f8c3de.jpg,masks/e31f8c3de.png,1
aa218783a.jpg,train_images/aa218783a.jpg,masks/aa218783a.png,1
4529ee151.jpg,train_images/4529ee151.jpg,masks/4529ee151.png,1
df70a7e07.jpg,train_images/df70a7e07.jpg,masks/df70a7e07.png,1
c0be19adf.jpg,train_images/c0be19adf.jpg,masks/c0be19adf.png,1
95eaae02e.jpg,train_images/95eaae02e.jpg,masks/95eaae02e.png,1
bedfbcf7b.jpg,train_images/bedfbcf7b.jpg,masks/bedfbcf7b.png,1
64c16a1c2.jpg,train_images/64c16a1c2.jpg,masks/64c16a1c2.png,1
689768b30.jpg,train_images/689768b30.jpg,masks/689768b30.png,1
36979a804.jpg,train_images/36979a804.jpg,masks/36979a804.png,1
6ccde604d.jpg,train_images/6ccde604d.jpg,masks/6ccde604d.png,1
f81484e30.jpg,train_images/f81484e30.jpg,masks/f81484e30.png,1
b8f684e65.jpg,train_images/b8f684e65.jpg,masks/b8f684e65.png,1
5f4e99fc7.jpg,train_images/5f4e99fc7.jpg,masks/5f4e99fc7.png,1
3e1f5caa8.jpg,train_images/3e1f5caa8.jpg,masks/3e1f5caa8.png,1
092145f0c.jpg,train_images/092145f0c.jpg,masks/092145f0c.png,1
7025a90c1.jpg,train_images/7025a90c1.jpg,masks/7025a90c1.png,1
65b01c557.jpg,train_images/65b01c557.jpg,masks/65b01c557.png,1
30ed4ed02.jpg,train_images/30ed4ed02.jpg,masks/30ed4ed02.png,1
166fff927.jpg,train_images/166fff927.jpg,masks/166fff927.png,1
3c5941d72.jpg,train_images/3c5941d72.jpg,masks/3c5941d72.png,1
f95284047.jpg,train_images/f95284047.jpg,masks/f95284047.png,1
ba3cdb064.jpg,train_images/ba3cdb064.jpg,masks/ba3cdb064.png,1
8c8914931.jpg,train_images/8c8914931.jpg,masks/8c8914931.png,1
7de37a671.jpg,train_images/7de37a671.jpg,masks/7de37a671.png,1
72bb7c7bc.jpg,train_images/72bb7c7bc.jpg,masks/72bb7c7bc.png,1
e63ad114c.jpg,train_images/e63ad114c.jpg,masks/e63ad114c.png,1
adf5fdfe2.jpg,train_images/adf5fdfe2.jpg,masks/adf5fdfe2.png,1
ea69073bd.jpg,train_images/ea69073bd.jpg,masks/ea69073bd.png,1
329de935b.jpg,train_images/329de935b.jpg,masks/329de935b.png,1
d11f3fd35.jpg,train_images/d11f3fd35.jpg,masks/d11f3fd35.png,1
f3d855e66.jpg,train_images/f3d855e66.jpg,masks/f3d855e66.png,1
86abf2aef.jpg,train_images/86abf2aef.jpg,masks/86abf2aef.png,1
e848a32dd.jpg,train_images/e848a32dd.jpg,masks/e848a32dd.png,1
78ac37759.jpg,train_images/78ac37759.jpg,masks/78ac37759.png,1
c2760fc1a.jpg,train_images/c2760fc1a.jpg,masks/c2760fc1a.png,1
cc5bae861.jpg,train_images/cc5bae861.jpg,masks/cc5bae861.png,1
012d29df4.jpg,train_images/012d29df4.jpg,masks/012d29df4.png,1
e8a04b4f8.jpg,train_images/e8a04b4f8.jpg,masks/e8a04b4f8.png,1
79f669380.jpg,train_images/79f669380.jpg,masks/79f669380.png,1
fdefeca1f.jpg,train_images/fdefeca1f.jpg,masks/fdefeca1f.png,1
06d3a99cb.jpg,train_images/06d3a99cb.jpg,masks/06d3a99cb.png,1
34d73f3ad.jpg,train_images/34d73f3ad.jpg,masks/34d73f3ad.png,1
ca520c90f.jpg,train_images/ca520c90f.jpg,masks/ca520c90f.png,1
0582ac66c.jpg,train_images/0582ac66c.jpg,masks/0582ac66c.png,1
0bc373e44.jpg,train_images/0bc373e44.jpg,masks/0bc373e44.png,1
2f6858a91.jpg,train_images/2f6858a91.jpg,masks/2f6858a91.png,1
867f080f0.jpg,train_images/867f080f0.jpg,masks/867f080f0.png,1
bc72a7548.jpg,train_images/bc72a7548.jpg,masks/bc72a7548.png,1
670b74b68.jpg,train_images/670b74b68.jpg,masks/670b74b68.png,1
25ccece7f.jpg,train_images/25ccece7f.jpg,masks/25ccece7f.png,1
fbd219354.jpg,train_images/fbd219354.jpg,masks/fbd219354.png,1
e11ed6a65.jpg,train_images/e11ed6a65.jpg,masks/e11ed6a65.png,1
9aa721852.jpg,train_images/9aa721852.jpg,masks/9aa721852.png,1
6abf76aad.jpg,train_images/6abf76aad.jpg,masks/6abf76aad.png,1
e1662a8c3.jpg,train_images/e1662a8c3.jpg,masks/e1662a8c3.png,1
4a52380d8.jpg,train_images/4a52380d8.jpg,masks/4a52380d8.png,1
dab5666d9.jpg,train_images/dab5666d9.jpg,masks/dab5666d9.png,1
29124169b.jpg,train_images/29124169b.jpg,masks/29124169b.png,1
bd99469d2.jpg,train_images/bd99469d2.jpg,masks/bd99469d2.png,1
0429258ad.jpg,train_images/0429258ad.jpg,masks/0429258ad.png,1
974f00b13.jpg,train_images/974f00b13.jpg,masks/974f00b13.png,1
9d73bc0ef.jpg,train_images/9d73bc0ef.jpg,masks/9d73bc0ef.png,1
284f0aee6.jpg,train_images/284f0aee6.jpg,masks/284f0aee6.png,1
eabd4acaa.jpg,train_images/eabd4acaa.jpg,masks/eabd4acaa.png,1
7f4bbb940.jpg,train_images/7f4bbb940.jpg,masks/7f4bbb940.png,1
19a352c2f.jpg,train_images/19a352c2f.jpg,masks/19a352c2f.png,1
7f30b9c64.jpg,train_images/7f30b9c64.jpg,masks/7f30b9c64.png,1
f375d814f.jpg,train_images/f375d814f.jpg,masks/f375d814f.png,1
2f6fd7d87.jpg,train_images/2f6fd7d87.jpg,masks/2f6fd7d87.png,1
6c011fc34.jpg,train_images/6c011fc34.jpg,masks/6c011fc34.png,1
e2d02393b.jpg,train_images/e2d02393b.jpg,masks/e2d02393b.png,1
31433d3b4.jpg,train_images/31433d3b4.jpg,masks/31433d3b4.png,1
f71c37a0f.jpg,train_images/f71c37a0f.jpg,masks/f71c37a0f.png,1
e764efaa9.jpg,train_images/e764efaa9.jpg,masks/e764efaa9.png,1
398ecb719.jpg,train_images/398ecb719.jpg,masks/398ecb719.png,1
9078fb095.jpg,train_images/9078fb095.jpg,masks/9078fb095.png,1
bd01b8daf.jpg,train_images/bd01b8daf.jpg,masks/bd01b8daf.png,1
e2bdd4236.jpg,train_images/e2bdd4236.jpg,masks/e2bdd4236.png,1
1cdbad7d2.jpg,train_images/1cdbad7d2.jpg,masks/1cdbad7d2.png,1
4d7acd005.jpg,train_images/4d7acd005.jpg,masks/4d7acd005.png,1
d9d9f2b25.jpg,train_images/d9d9f2b25.jpg,masks/d9d9f2b25.png,1
ac6367260.jpg,train_images/ac6367260.jpg,masks/ac6367260.png,1
8eddcadff.jpg,train_images/8eddcadff.jpg,masks/8eddcadff.png,1
984c6e129.jpg,train_images/984c6e129.jpg,masks/984c6e129.png,1
82b258bf4.jpg,train_images/82b258bf4.jpg,masks/82b258bf4.png,1
54ce7b2e1.jpg,train_images/54ce7b2e1.jpg,masks/54ce7b2e1.png,1
8f8a23f39.jpg,train_images/8f8a23f39.jpg,masks/8f8a23f39.png,1
6c6b4fb36.jpg,train_images/6c6b4fb36.jpg,masks/6c6b4fb36.png,1
58049fca1.jpg,train_images/58049fca1.jpg,masks/58049fca1.png,1
f88d122b9.jpg,train_images/f88d122b9.jpg,masks/f88d122b9.png,1
3c4f32f77.jpg,train_images/3c4f32f77.jpg,masks/3c4f32f77.png,1
1b2c029b8.jpg,train_images/1b2c029b8.jpg,masks/1b2c029b8.png,1
f6eb68937.jpg,train_images/f6eb68937.jpg,masks/f6eb68937.png,1
720e3f026.jpg,train_images/720e3f026.jpg,masks/720e3f026.png,1
b4d920147.jpg,train_images/b4d920147.jpg,masks/b4d920147.png,1
c389100a5.jpg,train_images/c389100a5.jpg,masks/c389100a5.png,1
b56de2940.jpg,train_images/b56de2940.jpg,masks/b56de2940.png,1
cef5ff47d.jpg,train_images/cef5ff47d.jpg,masks/cef5ff47d.png,1
b5d9dfe6d.jpg,train_images/b5d9dfe6d.jpg,masks/b5d9dfe6d.png,1
397c6e139.jpg,train_images/397c6e139.jpg,masks/397c6e139.png,1
7bb3640ce.jpg,train_images/7bb3640ce.jpg,masks/7bb3640ce.png,1
f65f02fdb.jpg,train_images/f65f02fdb.jpg,masks/f65f02fdb.png,1
5698f3507.jpg,train_images/5698f3507.jpg,masks/5698f3507.png,1
99b7bd247.jpg,train_images/99b7bd247.jpg,masks/99b7bd247.png,1
ce8da6d72.jpg,train_images/ce8da6d72.jpg,masks/ce8da6d72.png,1
ec0e3a1c2.jpg,train_images/ec0e3a1c2.jpg,masks/ec0e3a1c2.png,1
9aa301f3e.jpg,train_images/9aa301f3e.jpg,masks/9aa301f3e.png,1
3ac71c924.jpg,train_images/3ac71c924.jpg,masks/3ac71c924.png,1
3fb78d513.jpg,train_images/3fb78d513.jpg,masks/3fb78d513.png,1
6c62c50e3.jpg,train_images/6c62c50e3.jpg,masks/6c62c50e3.png,1
57d157679.jpg,train_images/57d157679.jpg,masks/57d157679.png,1
cc7c66720.jpg,train_images/cc7c66720.jpg,masks/cc7c66720.png,1
d6f5d9247.jpg,train_images/d6f5d9247.jpg,masks/d6f5d9247.png,1
548f2444a.jpg,train_images/548f2444a.jpg,masks/548f2444a.png,1
fc8cb11db.jpg,train_images/fc8cb11db.jpg,masks/fc8cb11db.png,1
68150e7ff.jpg,train_images/68150e7ff.jpg,masks/68150e7ff.png,1
1bf49d46e.jpg,train_images/1bf49d46e.jpg,masks/1bf49d46e.png,1
bf5502c1c.jpg,train_images/bf5502c1c.jpg,masks/bf5502c1c.png,1
b6656880b.jpg,train_images/b6656880b.jpg,masks/b6656880b.png,1
f9682bef7.jpg,train_images/f9682bef7.jpg,masks/f9682bef7.png,1
a08573f08.jpg,train_images/a08573f08.jpg,masks/a08573f08.png,1
088aee82e.jpg,train_images/088aee82e.jpg,masks/088aee82e.png,1
44a1e7d5f.jpg,train_images/44a1e7d5f.jpg,masks/44a1e7d5f.png,1
7da7fdfca.jpg,train_images/7da7fdfca.jpg,masks/7da7fdfca.png,1
5b9f92d00.jpg,train_images/5b9f92d00.jpg,masks/5b9f92d00.png,1
e4c9c8ab3.jpg,train_images/e4c9c8ab3.jpg,masks/e4c9c8ab3.png,1
a5b23c751.jpg,train_images/a5b23c751.jpg,masks/a5b23c751.png,1
290e00273.jpg,train_images/290e00273.jpg,masks/290e00273.png,1
a471d7877.jpg,train_images/a471d7877.jpg,masks/a471d7877.png,1
6e441c3e9.jpg,train_images/6e441c3e9.jpg,masks/6e441c3e9.png,1
75a2d7690.jpg,train_images/75a2d7690.jpg,masks/75a2d7690.png,1
963e616e0.jpg,train_images/963e616e0.jpg,masks/963e616e0.png,1
577afb2d8.jpg,train_images/577afb2d8.jpg,masks/577afb2d8.png,1
ac97767a7.jpg,train_images/ac97767a7.jpg,masks/ac97767a7.png,1
bebb35a5e.jpg,train_images/bebb35a5e.jpg,masks/bebb35a5e.png,1
2a84bb533.jpg,train_images/2a84bb533.jpg,masks/2a84bb533.png,1
6846b82fa.jpg,train_images/6846b82fa.jpg,masks/6846b82fa.png,1
c5cd270f2.jpg,train_images/c5cd270f2.jpg,masks/c5cd270f2.png,1
214465021.jpg,train_images/214465021.jpg,masks/214465021.png,1
f7e92727b.jpg,train_images/f7e92727b.jpg,masks/f7e92727b.png,1
4029fea8e.jpg,train_images/4029fea8e.jpg,masks/4029fea8e.png,1
0cb3064bd.jpg,train_images/0cb3064bd.jpg,masks/0cb3064bd.png,1
c5615e977.jpg,train_images/c5615e977.jpg,masks/c5615e977.png,1
f6091ef22.jpg,train_images/f6091ef22.jpg,masks/f6091ef22.png,1
bceeb4256.jpg,train_images/bceeb4256.jpg,masks/bceeb4256.png,1
6fcd94e33.jpg,train_images/6fcd94e33.jpg,masks/6fcd94e33.png,1
df17684d1.jpg,train_images/df17684d1.jpg,masks/df17684d1.png,1
67558ad53.jpg,train_images/67558ad53.jpg,masks/67558ad53.png,1
fe65bce69.jpg,train_images/fe65bce69.jpg,masks/fe65bce69.png,1
d291f8de6.jpg,train_images/d291f8de6.jpg,masks/d291f8de6.png,1
caf83e426.jpg,train_images/caf83e426.jpg,masks/caf83e426.png,1
c804959b3.jpg,train_images/c804959b3.jpg,masks/c804959b3.png,1
47454aedd.jpg,train_images/47454aedd.jpg,masks/47454aedd.png,1
ffc9fdf70.jpg,train_images/ffc9fdf70.jpg,masks/ffc9fdf70.png,1
adf93f9bf.jpg,train_images/adf93f9bf.jpg,masks/adf93f9bf.png,1
0ea151b2f.jpg,train_images/0ea151b2f.jpg,masks/0ea151b2f.png,1
db3d85bc9.jpg,train_images/db3d85bc9.jpg,masks/db3d85bc9.png,1
9ed47c324.jpg,train_images/9ed47c324.jpg,masks/9ed47c324.png,1
13067c801.jpg,train_images/13067c801.jpg,masks/13067c801.png,1
b8d2805f9.jpg,train_images/b8d2805f9.jpg,masks/b8d2805f9.png,1
9085aef37.jpg,train_images/9085aef37.jpg,masks/9085aef37.png,1
a115aabc4.jpg,train_images/a115aabc4.jpg,masks/a115aabc4.png,1
0c495b1c8.jpg,train_images/0c495b1c8.jpg,masks/0c495b1c8.png,1
cc7920c72.jpg,train_images/cc7920c72.jpg,masks/cc7920c72.png,1
6406c1e6f.jpg,train_images/6406c1e6f.jpg,masks/6406c1e6f.png,1
5665ada1b.jpg,train_images/5665ada1b.jpg,masks/5665ada1b.png,1
92932546c.jpg,train_images/92932546c.jpg,masks/92932546c.png,1
2f8cf11d3.jpg,train_images/2f8cf11d3.jpg,masks/2f8cf11d3.png,1
abedd15e2.jpg,train_images/abedd15e2.jpg,masks/abedd15e2.png,1
f30beded6.jpg,train_images/f30beded6.jpg,masks/f30beded6.png,1
af33842ad.jpg,train_images/af33842ad.jpg,masks/af33842ad.png,1
5e8ca0990.jpg,train_images/5e8ca0990.jpg,masks/5e8ca0990.png,1
581bb7389.jpg,train_images/581bb7389.jpg,masks/581bb7389.png,1
cffc0e85b.jpg,train_images/cffc0e85b.jpg,masks/cffc0e85b.png,1
6825de090.jpg,train_images/6825de090.jpg,masks/6825de090.png,1
5092b3368.jpg,train_images/5092b3368.jpg,masks/5092b3368.png,1
15ece0447.jpg,train_images/15ece0447.jpg,masks/15ece0447.png,1
63fde7ae0.jpg,train_images/63fde7ae0.jpg,masks/63fde7ae0.png,1
1a70268d4.jpg,train_images/1a70268d4.jpg,masks/1a70268d4.png,1
a13c52c08.jpg,train_images/a13c52c08.jpg,masks/a13c52c08.png,1
97047587f.jpg,train_images/97047587f.jpg,masks/97047587f.png,1
24b29d740.jpg,train_images/24b29d740.jpg,masks/24b29d740.png,1
636700b91.jpg,train_images/636700b91.jpg,masks/636700b91.png,1
1511d97da.jpg,train_images/1511d97da.jpg,masks/1511d97da.png,1
1d71764d0.jpg,train_images/1d71764d0.jpg,masks/1d71764d0.png,1
bcb794eed.jpg,train_images/bcb794eed.jpg,masks/bcb794eed.png,1
3933a5fcc.jpg,train_images/3933a5fcc.jpg,masks/3933a5fcc.png,1
a31bad68b.jpg,train_images/a31bad68b.jpg,masks/a31bad68b.png,1
77e5c398e.jpg,train_images/77e5c398e.jpg,masks/77e5c398e.png,1
6b01c6257.jpg,train_images/6b01c6257.jpg,masks/6b01c6257.png,1
36c07efbe.jpg,train_images/36c07efbe.jpg,masks/36c07efbe.png,1
6745075b9.jpg,train_images/6745075b9.jpg,masks/6745075b9.png,1
c9d2f6b05.jpg,train_images/c9d2f6b05.jpg,masks/c9d2f6b05.png,1
3dffc3010.jpg,train_images/3dffc3010.jpg,masks/3dffc3010.png,1
955b5bbf3.jpg,train_images/955b5bbf3.jpg,masks/955b5bbf3.png,1
3ba673afd.jpg,train_images/3ba673afd.jpg,masks/3ba673afd.png,1
30c2d753f.jpg,train_images/30c2d753f.jpg,masks/30c2d753f.png,1
4c770beb5.jpg,train_images/4c770beb5.jpg,masks/4c770beb5.png,1
b04e7875c.jpg,train_images/b04e7875c.jpg,masks/b04e7875c.png,1
1ad82d66a.jpg,train_images/1ad82d66a.jpg,masks/1ad82d66a.png,1
31dee4189.jpg,train_images/31dee4189.jpg,masks/31dee4189.png,1
45cca62e0.jpg,train_images/45cca62e0.jpg,masks/45cca62e0.png,1
8cfdc1069.jpg,train_images/8cfdc1069.jpg,masks/8cfdc1069.png,1
206c20ee0.jpg,train_images/206c20ee0.jpg,masks/206c20ee0.png,1
f70d09439.jpg,train_images/f70d09439.jpg,masks/f70d09439.png,1
6c9f54be2.jpg,train_images/6c9f54be2.jpg,masks/6c9f54be2.png,1
090a6a4b5.jpg,train_images/090a6a4b5.jpg,masks/090a6a4b5.png,1
96be77390.jpg,train_images/96be77390.jpg,masks/96be77390.png,1
d5a1067a2.jpg,train_images/d5a1067a2.jpg,masks/d5a1067a2.png,1
f0df48da0.jpg,train_images/f0df48da0.jpg,masks/f0df48da0.png,1
f114d1a28.jpg,train_images/f114d1a28.jpg,masks/f114d1a28.png,1
5ff533576.jpg,train_images/5ff533576.jpg,masks/5ff533576.png,1
d86727f32.jpg,train_images/d86727f32.jpg,masks/d86727f32.png,1
51b211df9.jpg,train_images/51b211df9.jpg,masks/51b211df9.png,1
1c75c4ebd.jpg,train_images/1c75c4ebd.jpg,masks/1c75c4ebd.png,1
a41ba727f.jpg,train_images/a41ba727f.jpg,masks/a41ba727f.png,1
0803acf1f.jpg,train_images/0803acf1f.jpg,masks/0803acf1f.png,1
10bbf7cb3.jpg,train_images/10bbf7cb3.jpg,masks/10bbf7cb3.png,1
9ed6f9c81.jpg,train_images/9ed6f9c81.jpg,masks/9ed6f9c81.png,1
eb2b76683.jpg,train_images/eb2b76683.jpg,masks/eb2b76683.png,1
961e93bde.jpg,train_images/961e93bde.jpg,masks/961e93bde.png,1
ae4753c89.jpg,train_images/ae4753c89.jpg,masks/ae4753c89.png,1
94050efd8.jpg,train_images/94050efd8.jpg,masks/94050efd8.png,1
4783eb121.jpg,train_images/4783eb121.jpg,masks/4783eb121.png,1
82168bba3.jpg,train_images/82168bba3.jpg,masks/82168bba3.png,1
dd172eb82.jpg,train_images/dd172eb82.jpg,masks/dd172eb82.png,1
24d88228f.jpg,train_images/24d88228f.jpg,masks/24d88228f.png,1
677828765.jpg,train_images/677828765.jpg,masks/677828765.png,1
bdfa2974d.jpg,train_images/bdfa2974d.jpg,masks/bdfa2974d.png,1
764fa24b0.jpg,train_images/764fa24b0.jpg,masks/764fa24b0.png,1
84df99a15.jpg,train_images/84df99a15.jpg,masks/84df99a15.png,1
c7d002c29.jpg,train_images/c7d002c29.jpg,masks/c7d002c29.png,1
5ad48b934.jpg,train_images/5ad48b934.jpg,masks/5ad48b934.png,1
e9e04715b.jpg,train_images/e9e04715b.jpg,masks/e9e04715b.png,1
51ee8ec48.jpg,train_images/51ee8ec48.jpg,masks/51ee8ec48.png,1
f0fe4df29.jpg,train_images/f0fe4df29.jpg,masks/f0fe4df29.png,1
af2cfbb4a.jpg,train_images/af2cfbb4a.jpg,masks/af2cfbb4a.png,1
35fdf5c15.jpg,train_images/35fdf5c15.jpg,masks/35fdf5c15.png,1
306b1dbc1.jpg,train_images/306b1dbc1.jpg,masks/306b1dbc1.png,1
ba0e69f45.jpg,train_images/ba0e69f45.jpg,masks/ba0e69f45.png,1
b6c567b64.jpg,train_images/b6c567b64.jpg,masks/b6c567b64.png,1
857f907cc.jpg,train_images/857f907cc.jpg,masks/857f907cc.png,1
d85f94a97.jpg,train_images/d85f94a97.jpg,masks/d85f94a97.png,1
27e291687.jpg,train_images/27e291687.jpg,masks/27e291687.png,1
9e467cb05.jpg,train_images/9e467cb05.jpg,masks/9e467cb05.png,1
ad76bc064.jpg,train_images/ad76bc064.jpg,masks/ad76bc064.png,1
32a6666a3.jpg,train_images/32a6666a3.jpg,masks/32a6666a3.png,1
faa73f1d9.jpg,train_images/faa73f1d9.jpg,masks/faa73f1d9.png,1
b496d0a29.jpg,train_images/b496d0a29.jpg,masks/b496d0a29.png,1
b45c67a1f.jpg,train_images/b45c67a1f.jpg,masks/b45c67a1f.png,1
7fe5d431f.jpg,train_images/7fe5d431f.jpg,masks/7fe5d431f.png,1
0da1c044f.jpg,train_images/0da1c044f.jpg,masks/0da1c044f.png,1
d1dc95b58.jpg,train_images/d1dc95b58.jpg,masks/d1dc95b58.png,1
7581cba15.jpg,train_images/7581cba15.jpg,masks/7581cba15.png,1
cdbc4d8ec.jpg,train_images/cdbc4d8ec.jpg,masks/cdbc4d8ec.png,1
e7ced5b76.jpg,train_images/e7ced5b76.jpg,masks/e7ced5b76.png,1
ba4008245.jpg,train_images/ba4008245.jpg,masks/ba4008245.png,1
c8e26e892.jpg,train_images/c8e26e892.jpg,masks/c8e26e892.png,1
13c27aa5b.jpg,train_images/13c27aa5b.jpg,masks/13c27aa5b.png,1
44415ab00.jpg,train_images/44415ab00.jpg,masks/44415ab00.png,1
0ddbc9fb5.jpg,train_images/0ddbc9fb5.jpg,masks/0ddbc9fb5.png,1
d94942d60.jpg,train_images/d94942d60.jpg,masks/d94942d60.png,1
2e9170c14.jpg,train_images/2e9170c14.jpg,masks/2e9170c14.png,1
0bfcf7a71.jpg,train_images/0bfcf7a71.jpg,masks/0bfcf7a71.png,1
0391d44d6.jpg,train_images/0391d44d6.jpg,masks/0391d44d6.png,1
26d43765f.jpg,train_images/26d43765f.jpg,masks/26d43765f.png,1
f76f8e798.jpg,train_images/f76f8e798.jpg,masks/f76f8e798.png,1
193eeae52.jpg,train_images/193eeae52.jpg,masks/193eeae52.png,1
2611b46f6.jpg,train_images/2611b46f6.jpg,masks/2611b46f6.png,1
a9108753d.jpg,train_images/a9108753d.jpg,masks/a9108753d.png,1
37d1f8b36.jpg,train_images/37d1f8b36.jpg,masks/37d1f8b36.png,1
5bbd809c4.jpg,train_images/5bbd809c4.jpg,masks/5bbd809c4.png,1
24fce7ae0.jpg,train_images/24fce7ae0.jpg,masks/24fce7ae0.png,1
2e10357c2.jpg,train_images/2e10357c2.jpg,masks/2e10357c2.png,1
98a013baf.jpg,train_images/98a013baf.jpg,masks/98a013baf.png,1
ecdebc6ad.jpg,train_images/ecdebc6ad.jpg,masks/ecdebc6ad.png,1
de964f1e4.jpg,train_images/de964f1e4.jpg,masks/de964f1e4.png,1
0088260da.jpg,train_images/0088260da.jpg,masks/0088260da.png,1
121d3818a.jpg,train_images/121d3818a.jpg,masks/121d3818a.png,1
2f390008f.jpg,train_images/2f390008f.jpg,masks/2f390008f.png,1
65903909a.jpg,train_images/65903909a.jpg,masks/65903909a.png,1
3e519e65d.jpg,train_images/3e519e65d.jpg,masks/3e519e65d.png,1
dc3740c5c.jpg,train_images/dc3740c5c.jpg,masks/dc3740c5c.png,1
719519f07.jpg,train_images/719519f07.jpg,masks/719519f07.png,1
602bfaba5.jpg,train_images/602bfaba5.jpg,masks/602bfaba5.png,1
f9d0f27a0.jpg,train_images/f9d0f27a0.jpg,masks/f9d0f27a0.png,1
4ef65d75b.jpg,train_images/4ef65d75b.jpg,masks/4ef65d75b.png,1
cea2ea962.jpg,train_images/cea2ea962.jpg,masks/cea2ea962.png,1
cdbbb1967.jpg,train_images/cdbbb1967.jpg,masks/cdbbb1967.png,1
0fb56c62d.jpg,train_images/0fb56c62d.jpg,masks/0fb56c62d.png,1
95df642ba.jpg,train_images/95df642ba.jpg,masks/95df642ba.png,1
ba4284649.jpg,train_images/ba4284649.jpg,masks/ba4284649.png,1
5edc97218.jpg,train_images/5edc97218.jpg,masks/5edc97218.png,1
f40bb2e24.jpg,train_images/f40bb2e24.jpg,masks/f40bb2e24.png,1
b162a9cb2.jpg,train_images/b162a9cb2.jpg,masks/b162a9cb2.png,1
ffff4eaa8.jpg,train_images/ffff4eaa8.jpg,masks/ffff4eaa8.png,1
66b5d6b19.jpg,train_images/66b5d6b19.jpg,masks/66b5d6b19.png,1
b6a5c7a5b.jpg,train_images/b6a5c7a5b.jpg,masks/b6a5c7a5b.png,1
7b4bd28b5.jpg,train_images/7b4bd28b5.jpg,masks/7b4bd28b5.png,1
5d8d3463a.jpg,train_images/5d8d3463a.jpg,masks/5d8d3463a.png,1
e0eefb4a2.jpg,train_images/e0eefb4a2.jpg,masks/e0eefb4a2.png,1
40466495a.jpg,train_images/40466495a.jpg,masks/40466495a.png,1
0db535c8c.jpg,train_images/0db535c8c.jpg,masks/0db535c8c.png,1
7982045ad.jpg,train_images/7982045ad.jpg,masks/7982045ad.png,1
f3a9b7ad1.jpg,train_images/f3a9b7ad1.jpg,masks/f3a9b7ad1.png,1
9496c7b73.jpg,train_images/9496c7b73.jpg,masks/9496c7b73.png,1
865574894.jpg,train_images/865574894.jpg,masks/865574894.png,1
1717ef156.jpg,train_images/1717ef156.jpg,masks/1717ef156.png,1
82f3be402.jpg,train_images/82f3be402.jpg,masks/82f3be402.png,1
ec5abc2f0.jpg,train_images/ec5abc2f0.jpg,masks/ec5abc2f0.png,1
fbc97ac61.jpg,train_images/fbc97ac61.jpg,masks/fbc97ac61.png,1
e7e2036ef.jpg,train_images/e7e2036ef.jpg,masks/e7e2036ef.png,1
dd8af6471.jpg,train_images/dd8af6471.jpg,masks/dd8af6471.png,1
f1c0e4d32.jpg,train_images/f1c0e4d32.jpg,masks/f1c0e4d32.png,1
dbe3f3192.jpg,train_images/dbe3f3192.jpg,masks/dbe3f3192.png,1
991e0dfdf.jpg,train_images/991e0dfdf.jpg,masks/991e0dfdf.png,1
ac4ba5c1a.jpg,train_images/ac4ba5c1a.jpg,masks/ac4ba5c1a.png,1
c07b4a53e.jpg,train_images/c07b4a53e.jpg,masks/c07b4a53e.png,1
d7749f865.jpg,train_images/d7749f865.jpg,masks/d7749f865.png,1
eab9d667f.jpg,train_images/eab9d667f.jpg,masks/eab9d667f.png,1
a493cde22.jpg,train_images/a493cde22.jpg,masks/a493cde22.png,1
26b0e74fe.jpg,train_images/26b0e74fe.jpg,masks/26b0e74fe.png,1
2c63f60e3.jpg,train_images/2c63f60e3.jpg,masks/2c63f60e3.png,1
0d4866e3c.jpg,train_images/0d4866e3c.jpg,masks/0d4866e3c.png,1
6e4a7cca6.jpg,train_images/6e4a7cca6.jpg,masks/6e4a7cca6.png,1
71ce72925.jpg,train_images/71ce72925.jpg,masks/71ce72925.png,1
8e11e6dff.jpg,train_images/8e11e6dff.jpg,masks/8e11e6dff.png,1
7843767e9.jpg,train_images/7843767e9.jpg,masks/7843767e9.png,1
f186527ee.jpg,train_images/f186527ee.jpg,masks/f186527ee.png,1
1d32009ed.jpg,train_images/1d32009ed.jpg,masks/1d32009ed.png,1
3d0fc6499.jpg,train_images/3d0fc6499.jpg,masks/3d0fc6499.png,1
98937deb7.jpg,train_images/98937deb7.jpg,masks/98937deb7.png,1
9d415d2b1.jpg,train_images/9d415d2b1.jpg,masks/9d415d2b1.png,1
72aaba8ad.jpg,train_images/72aaba8ad.jpg,masks/72aaba8ad.png,1
0ee406ddb.jpg,train_images/0ee406ddb.jpg,masks/0ee406ddb.png,1
4dfd9c462.jpg,train_images/4dfd9c462.jpg,masks/4dfd9c462.png,1
e7eebb438.jpg,train_images/e7eebb438.jpg,masks/e7eebb438.png,1
e3e1bb16a.jpg,train_images/e3e1bb16a.jpg,masks/e3e1bb16a.png,1
77c7c7966.jpg,train_images/77c7c7966.jpg,masks/77c7c7966.png,1
dea277f4a.jpg,train_images/dea277f4a.jpg,masks/dea277f4a.png,1
ee9a247ad.jpg,train_images/ee9a247ad.jpg,masks/ee9a247ad.png,1
c21edfb97.jpg,train_images/c21edfb97.jpg,masks/c21edfb97.png,1
33f5cdc5e.jpg,train_images/33f5cdc5e.jpg,masks/33f5cdc5e.png,1
a316898ca.jpg,train_images/a316898ca.jpg,masks/a316898ca.png,1
a485d538c.jpg,train_images/a485d538c.jpg,masks/a485d538c.png,1
e8ea20f7f.jpg,train_images/e8ea20f7f.jpg,masks/e8ea20f7f.png,1
9ddbb8f42.jpg,train_images/9ddbb8f42.jpg,masks/9ddbb8f42.png,1
d0d0e589a.jpg,train_images/d0d0e589a.jpg,masks/d0d0e589a.png,1
cbcd45716.jpg,train_images/cbcd45716.jpg,masks/cbcd45716.png,1
c9415c620.jpg,train_images/c9415c620.jpg,masks/c9415c620.png,1
e9b77950e.jpg,train_images/e9b77950e.jpg,masks/e9b77950e.png,1
117759a83.jpg,train_images/117759a83.jpg,masks/117759a83.png,1
86e81413a.jpg,train_images/86e81413a.jpg,masks/86e81413a.png,1
09d4ee8a5.jpg,train_images/09d4ee8a5.jpg,masks/09d4ee8a5.png,1
6705eb964.jpg,train_images/6705eb964.jpg,masks/6705eb964.png,1
a3714aefc.jpg,train_images/a3714aefc.jpg,masks/a3714aefc.png,1
de114dfdd.jpg,train_images/de114dfdd.jpg,masks/de114dfdd.png,1
8abd1fbf5.jpg,train_images/8abd1fbf5.jpg,masks/8abd1fbf5.png,1
4c6110948.jpg,train_images/4c6110948.jpg,masks/4c6110948.png,1
45b099b06.jpg,train_images/45b099b06.jpg,masks/45b099b06.png,1
9169b4f3a.jpg,train_images/9169b4f3a.jpg,masks/9169b4f3a.png,1
a6af7373c.jpg,train_images/a6af7373c.jpg,masks/a6af7373c.png,1
9a5e9e77c.jpg,train_images/9a5e9e77c.jpg,masks/9a5e9e77c.png,1
c1f1011b0.jpg,train_images/c1f1011b0.jpg,masks/c1f1011b0.png,1
b8b4d7133.jpg,train_images/b8b4d7133.jpg,masks/b8b4d7133.png,1
1d28002da.jpg,train_images/1d28002da.jpg,masks/1d28002da.png,1
fd26ab9ad.jpg,train_images/fd26ab9ad.jpg,masks/fd26ab9ad.png,1
e7aff0392.jpg,train_images/e7aff0392.jpg,masks/e7aff0392.png,1
9c005a770.jpg,train_images/9c005a770.jpg,masks/9c005a770.png,1
681d859d3.jpg,train_images/681d859d3.jpg,masks/681d859d3.png,1
aec250881.jpg,train_images/aec250881.jpg,masks/aec250881.png,1
2d8215a6b.jpg,train_images/2d8215a6b.jpg,masks/2d8215a6b.png,1
1699951da.jpg,train_images/1699951da.jpg,masks/1699951da.png,1
172b72353.jpg,train_images/172b72353.jpg,masks/172b72353.png,1
83ba89ac3.jpg,train_images/83ba89ac3.jpg,masks/83ba89ac3.png,1
5aa352ece.jpg,train_images/5aa352ece.jpg,masks/5aa352ece.png,1
b98f3f3b7.jpg,train_images/b98f3f3b7.jpg,masks/b98f3f3b7.png,1
0cfcad1f5.jpg,train_images/0cfcad1f5.jpg,masks/0cfcad1f5.png,1
fce971b43.jpg,train_images/fce971b43.jpg,masks/fce971b43.png,1
812ddd1e4.jpg,train_images/812ddd1e4.jpg,masks/812ddd1e4.png,1
f66a9a7f3.jpg,train_images/f66a9a7f3.jpg,masks/f66a9a7f3.png,1
ac7b3fdd1.jpg,train_images/ac7b3fdd1.jpg,masks/ac7b3fdd1.png,1
44a2e6e51.jpg,train_images/44a2e6e51.jpg,masks/44a2e6e51.png,1
3c5e34bfa.jpg,train_images/3c5e34bfa.jpg,masks/3c5e34bfa.png,1
3b6d18d10.jpg,train_images/3b6d18d10.jpg,masks/3b6d18d10.png,1
facc4ddc7.jpg,train_images/facc4ddc7.jpg,masks/facc4ddc7.png,1
70b0fb0cd.jpg,train_images/70b0fb0cd.jpg,masks/70b0fb0cd.png,1
c1583e292.jpg,train_images/c1583e292.jpg,masks/c1583e292.png,1
91f059953.jpg,train_images/91f059953.jpg,masks/91f059953.png,1
e2d64c010.jpg,train_images/e2d64c010.jpg,masks/e2d64c010.png,1
aa741b586.jpg,train_images/aa741b586.jpg,masks/aa741b586.png,1
802de5801.jpg,train_images/802de5801.jpg,masks/802de5801.png,1
04a4777e9.jpg,train_images/04a4777e9.jpg,masks/04a4777e9.png,1
587e151b2.jpg,train_images/587e151b2.jpg,masks/587e151b2.png,1
6ecfb9df5.jpg,train_images/6ecfb9df5.jpg,masks/6ecfb9df5.png,1
60aca03e2.jpg,train_images/60aca03e2.jpg,masks/60aca03e2.png,1
7e76fd8b1.jpg,train_images/7e76fd8b1.jpg,masks/7e76fd8b1.png,1
b7b29537e.jpg,train_images/b7b29537e.jpg,masks/b7b29537e.png,1
9c14e3f70.jpg,train_images/9c14e3f70.jpg,masks/9c14e3f70.png,1
5dd89309f.jpg,train_images/5dd89309f.jpg,masks/5dd89309f.png,1
63b63d495.jpg,train_images/63b63d495.jpg,masks/63b63d495.png,1
9c522d453.jpg,train_images/9c522d453.jpg,masks/9c522d453.png,1
7c27b239d.jpg,train_images/7c27b239d.jpg,masks/7c27b239d.png,1
a08e02e56.jpg,train_images/a08e02e56.jpg,masks/a08e02e56.png,1
c70702ea2.jpg,train_images/c70702ea2.jpg,masks/c70702ea2.png,1
19d892dd9.jpg,train_images/19d892dd9.jpg,masks/19d892dd9.png,1
321975fb3.jpg,train_images/321975fb3.jpg,masks/321975fb3.png,1
7eacbdb66.jpg,train_images/7eacbdb66.jpg,masks/7eacbdb66.png,1
3df2a0383.jpg,train_images/3df2a0383.jpg,masks/3df2a0383.png,1
c37633c03.jpg,train_images/c37633c03.jpg,masks/c37633c03.png,1
e573ac857.jpg,train_images/e573ac857.jpg,masks/e573ac857.png,1
b2488a745.jpg,train_images/b2488a745.jpg,masks/b2488a745.png,1
862bcc9c0.jpg,train_images/862bcc9c0.jpg,masks/862bcc9c0.png,1
ef21b3e57.jpg,train_images/ef21b3e57.jpg,masks/ef21b3e57.png,1
23120f506.jpg,train_images/23120f506.jpg,masks/23120f506.png,1
f03379160.jpg,train_images/f03379160.jpg,masks/f03379160.png,1
b733d1672.jpg,train_images/b733d1672.jpg,masks/b733d1672.png,1
658ad1fc9.jpg,train_images/658ad1fc9.jpg,masks/658ad1fc9.png,1
b9f8dffba.jpg,train_images/b9f8dffba.jpg,masks/b9f8dffba.png,1
9e39834da.jpg,train_images/9e39834da.jpg,masks/9e39834da.png,1
b12e436c3.jpg,train_images/b12e436c3.jpg,masks/b12e436c3.png,1
93b7b01f1.jpg,train_images/93b7b01f1.jpg,masks/93b7b01f1.png,1
a28a7b7be.jpg,train_images/a28a7b7be.jpg,masks/a28a7b7be.png,1
10c190f20.jpg,train_images/10c190f20.jpg,masks/10c190f20.png,1
4cc2c7b57.jpg,train_images/4cc2c7b57.jpg,masks/4cc2c7b57.png,1
72c75d701.jpg,train_images/72c75d701.jpg,masks/72c75d701.png,1
22e9830a3.jpg,train_images/22e9830a3.jpg,masks/22e9830a3.png,1
a39b0ef7e.jpg,train_images/a39b0ef7e.jpg,masks/a39b0ef7e.png,1
79af8b197.jpg,train_images/79af8b197.jpg,masks/79af8b197.png,1
d8f5a6706.jpg,train_images/d8f5a6706.jpg,masks/d8f5a6706.png,1
1ccb093e6.jpg,train_images/1ccb093e6.jpg,masks/1ccb093e6.png,1
c2bc67c36.jpg,train_images/c2bc67c36.jpg,masks/c2bc67c36.png,1
b00741c0a.jpg,train_images/b00741c0a.jpg,masks/b00741c0a.png,1
90cd42d5b.jpg,train_images/90cd42d5b.jpg,masks/90cd42d5b.png,1
40f56ca26.jpg,train_images/40f56ca26.jpg,masks/40f56ca26.png,1
97dbd1162.jpg,train_images/97dbd1162.jpg,masks/97dbd1162.png,1
d3d2df811.jpg,train_images/d3d2df811.jpg,masks/d3d2df811.png,1
19c645c25.jpg,train_images/19c645c25.jpg,masks/19c645c25.png,1
ced626afb.jpg,train_images/ced626afb.jpg,masks/ced626afb.png,1
746417f50.jpg,train_images/746417f50.jpg,masks/746417f50.png,1
4ef6c54c9.jpg,train_images/4ef6c54c9.jpg,masks/4ef6c54c9.png,1
95d88196d.jpg,train_images/95d88196d.jpg,masks/95d88196d.png,1
91478a2fb.jpg,train_images/91478a2fb.jpg,masks/91478a2fb.png,1
44668f045.jpg,train_images/44668f045.jpg,masks/44668f045.png,1
9efbf2ac6.jpg,train_images/9efbf2ac6.jpg,masks/9efbf2ac6.png,1
d1e9e969f.jpg,train_images/d1e9e969f.jpg,masks/d1e9e969f.png,1
e9ccb6f17.jpg,train_images/e9ccb6f17.jpg,masks/e9ccb6f17.png,1
837d38c91.jpg,train_images/837d38c91.jpg,masks/837d38c91.png,1
a9cee6edb.jpg,train_images/a9cee6edb.jpg,masks/a9cee6edb.png,1
235ba1dd3.jpg,train_images/235ba1dd3.jpg,masks/235ba1dd3.png,1
1bdb7f26f.jpg,train_images/1bdb7f26f.jpg,masks/1bdb7f26f.png,1
9e130c0b6.jpg,train_images/9e130c0b6.jpg,masks/9e130c0b6.png,1
a8146bce3.jpg,train_images/a8146bce3.jpg,masks/a8146bce3.png,1
8dfe396ef.jpg,train_images/8dfe396ef.jpg,masks/8dfe396ef.png,1
f380e604c.jpg,train_images/f380e604c.jpg,masks/f380e604c.png,1
b2ba56cd7.jpg,train_images/b2ba56cd7.jpg,masks/b2ba56cd7.png,1
94c910b08.jpg,train_images/94c910b08.jpg,masks/94c910b08.png,1
6c85ce812.jpg,train_images/6c85ce812.jpg,masks/6c85ce812.png,1
867572f1e.jpg,train_images/867572f1e.jpg,masks/867572f1e.png,1
19aef9172.jpg,train_images/19aef9172.jpg,masks/19aef9172.png,1
86c678c32.jpg,train_images/86c678c32.jpg,masks/86c678c32.png,1
d178d246a.jpg,train_images/d178d246a.jpg,masks/d178d246a.png,1
19b4b7cd8.jpg,train_images/19b4b7cd8.jpg,masks/19b4b7cd8.png,1
485ed6221.jpg,train_images/485ed6221.jpg,masks/485ed6221.png,1
28adb8aeb.jpg,train_images/28adb8aeb.jpg,masks/28adb8aeb.png,1
86d953299.jpg,train_images/86d953299.jpg,masks/86d953299.png,1
a0ee7a955.jpg,train_images/a0ee7a955.jpg,masks/a0ee7a955.png,1
a16672b15.jpg,train_images/a16672b15.jpg,masks/a16672b15.png,1
8bdf6cee5.jpg,train_images/8bdf6cee5.jpg,masks/8bdf6cee5.png,1
17fa32126.jpg,train_images/17fa32126.jpg,masks/17fa32126.png,1
79b0f1510.jpg,train_images/79b0f1510.jpg,masks/79b0f1510.png,1
423caf51d.jpg,train_images/423caf51d.jpg,masks/423caf51d.png,1
55136d7f3.jpg,train_images/55136d7f3.jpg,masks/55136d7f3.png,1
4695c2d2a.jpg,train_images/4695c2d2a.jpg,masks/4695c2d2a.png,1
3ad134b40.jpg,train_images/3ad134b40.jpg,masks/3ad134b40.png,1
b1e74e71d.jpg,train_images/b1e74e71d.jpg,masks/b1e74e71d.png,1
0ef465b25.jpg,train_images/0ef465b25.jpg,masks/0ef465b25.png,1
ce54cb872.jpg,train_images/ce54cb872.jpg,masks/ce54cb872.png,1
5bcaca872.jpg,train_images/5bcaca872.jpg,masks/5bcaca872.png,1
963f946a9.jpg,train_images/963f946a9.jpg,masks/963f946a9.png,1
6d6280d5e.jpg,train_images/6d6280d5e.jpg,masks/6d6280d5e.png,1
c24caa9be.jpg,train_images/c24caa9be.jpg,masks/c24caa9be.png,1
fc70bf091.jpg,train_images/fc70bf091.jpg,masks/fc70bf091.png,1
46e0f0f9c.jpg,train_images/46e0f0f9c.jpg,masks/46e0f0f9c.png,1
3b2b910c7.jpg,train_images/3b2b910c7.jpg,masks/3b2b910c7.png,1
baba8612a.jpg,train_images/baba8612a.jpg,masks/baba8612a.png,1
9c4ed4726.jpg,train_images/9c4ed4726.jpg,masks/9c4ed4726.png,1
60d7ee261.jpg,train_images/60d7ee261.jpg,masks/60d7ee261.png,1
9a83c23d1.jpg,train_images/9a83c23d1.jpg,masks/9a83c23d1.png,1
e479a2e88.jpg,train_images/e479a2e88.jpg,masks/e479a2e88.png,1
9fce63e11.jpg,train_images/9fce63e11.jpg,masks/9fce63e11.png,1
9163ec76b.jpg,train_images/9163ec76b.jpg,masks/9163ec76b.png,1
a14e96726.jpg,train_images/a14e96726.jpg,masks/a14e96726.png,1
a2e083f69.jpg,train_images/a2e083f69.jpg,masks/a2e083f69.png,1
c83361e9d.jpg,train_images/c83361e9d.jpg,masks/c83361e9d.png,1
de087910f.jpg,train_images/de087910f.jpg,masks/de087910f.png,1
7435bcc25.jpg,train_images/7435bcc25.jpg,masks/7435bcc25.png,1
a826d9481.jpg,train_images/a826d9481.jpg,masks/a826d9481.png,1
02d18b8a4.jpg,train_images/02d18b8a4.jpg,masks/02d18b8a4.png,1
853ad65f0.jpg,train_images/853ad65f0.jpg,masks/853ad65f0.png,1
2a351164a.jpg,train_images/2a351164a.jpg,masks/2a351164a.png,1
3932751f1.jpg,train_images/3932751f1.jpg,masks/3932751f1.png,1
ee45a1736.jpg,train_images/ee45a1736.jpg,masks/ee45a1736.png,1
0ce6ef153.jpg,train_images/0ce6ef153.jpg,masks/0ce6ef153.png,1
71f154968.jpg,train_images/71f154968.jpg,masks/71f154968.png,1
e4454f42e.jpg,train_images/e4454f42e.jpg,masks/e4454f42e.png,1
268f0fa63.jpg,train_images/268f0fa63.jpg,masks/268f0fa63.png,1
872b09085.jpg,train_images/872b09085.jpg,masks/872b09085.png,1
d5cf4a417.jpg,train_images/d5cf4a417.jpg,masks/d5cf4a417.png,1
6bedba903.jpg,train_images/6bedba903.jpg,masks/6bedba903.png,1
29df0834a.jpg,train_images/29df0834a.jpg,masks/29df0834a.png,1
e2d7cf5a9.jpg,train_images/e2d7cf5a9.jpg,masks/e2d7cf5a9.png,1
2f06514ea.jpg,train_images/2f06514ea.jpg,masks/2f06514ea.png,1
5a3e79676.jpg,train_images/5a3e79676.jpg,masks/5a3e79676.png,1
42996bbcf.jpg,train_images/42996bbcf.jpg,masks/42996bbcf.png,1
596c1c20f.jpg,train_images/596c1c20f.jpg,masks/596c1c20f.png,1
dea31c6e2.jpg,train_images/dea31c6e2.jpg,masks/dea31c6e2.png,1
c795455ba.jpg,train_images/c795455ba.jpg,masks/c795455ba.png,1
83298d267.jpg,train_images/83298d267.jpg,masks/83298d267.png,1
0e0377ffa.jpg,train_images/0e0377ffa.jpg,masks/0e0377ffa.png,1
fcb1f2469.jpg,train_images/fcb1f2469.jpg,masks/fcb1f2469.png,1
892321605.jpg,train_images/892321605.jpg,masks/892321605.png,1
ec921fcc7.jpg,train_images/ec921fcc7.jpg,masks/ec921fcc7.png,1
a8f977b31.jpg,train_images/a8f977b31.jpg,masks/a8f977b31.png,1
0dd8c9f61.jpg,train_images/0dd8c9f61.jpg,masks/0dd8c9f61.png,1
42087f902.jpg,train_images/42087f902.jpg,masks/42087f902.png,1
c927281da.jpg,train_images/c927281da.jpg,masks/c927281da.png,1
2511b27f5.jpg,train_images/2511b27f5.jpg,masks/2511b27f5.png,1
68d3c7be2.jpg,train_images/68d3c7be2.jpg,masks/68d3c7be2.png,1
6b39ef48e.jpg,train_images/6b39ef48e.jpg,masks/6b39ef48e.png,1
c828ece4b.jpg,train_images/c828ece4b.jpg,masks/c828ece4b.png,1
5ce3611e3.jpg,train_images/5ce3611e3.jpg,masks/5ce3611e3.png,1
6ce9bf7f7.jpg,train_images/6ce9bf7f7.jpg,masks/6ce9bf7f7.png,1
38f7b097e.jpg,train_images/38f7b097e.jpg,masks/38f7b097e.png,1
c081bd8c5.jpg,train_images/c081bd8c5.jpg,masks/c081bd8c5.png,1
409502827.jpg,train_images/409502827.jpg,masks/409502827.png,1
bfd7ecfe9.jpg,train_images/bfd7ecfe9.jpg,masks/bfd7ecfe9.png,1
aa626ae0c.jpg,train_images/aa626ae0c.jpg,masks/aa626ae0c.png,1
d8255f13a.jpg,train_images/d8255f13a.jpg,masks/d8255f13a.png,1
71b1e90a5.jpg,train_images/71b1e90a5.jpg,masks/71b1e90a5.png,1
9ab57a2fa.jpg,train_images/9ab57a2fa.jpg,masks/9ab57a2fa.png,1
d3369b607.jpg,train_images/d3369b607.jpg,masks/d3369b607.png,1
38698fd76.jpg,train_images/38698fd76.jpg,masks/38698fd76.png,1
159a2fee0.jpg,train_images/159a2fee0.jpg,masks/159a2fee0.png,1
78d2258f2.jpg,train_images/78d2258f2.jpg,masks/78d2258f2.png,1
bb352d01e.jpg,train_images/bb352d01e.jpg,masks/bb352d01e.png,1
d0577e299.jpg,train_images/d0577e299.jpg,masks/d0577e299.png,1
988cf521f.jpg,train_images/988cf521f.jpg,masks/988cf521f.png,1
2012a6d02.jpg,train_images/2012a6d02.jpg,masks/2012a6d02.png,1
805ea1870.jpg,train_images/805ea1870.jpg,masks/805ea1870.png,1
eb10d7ae4.jpg,train_images/eb10d7ae4.jpg,masks/eb10d7ae4.png,1
7e6fe6786.jpg,train_images/7e6fe6786.jpg,masks/7e6fe6786.png,1
3fb1d9448.jpg,train_images/3fb1d9448.jpg,masks/3fb1d9448.png,1
ad9ad21f4.jpg,train_images/ad9ad21f4.jpg,masks/ad9ad21f4.png,1
312224509.jpg,train_images/312224509.jpg,masks/312224509.png,1
3405695b6.jpg,train_images/3405695b6.jpg,masks/3405695b6.png,1
0ec47dc45.jpg,train_images/0ec47dc45.jpg,masks/0ec47dc45.png,1
bf96d0602.jpg,train_images/bf96d0602.jpg,masks/bf96d0602.png,1
69ac3c629.jpg,train_images/69ac3c629.jpg,masks/69ac3c629.png,1
1d5eeb9bd.jpg,train_images/1d5eeb9bd.jpg,masks/1d5eeb9bd.png,1
fdb7c0397.jpg,train_images/fdb7c0397.jpg,masks/fdb7c0397.png,1
0576d3847.jpg,train_images/0576d3847.jpg,masks/0576d3847.png,1
739f32100.jpg,train_images/739f32100.jpg,masks/739f32100.png,1
385e1970e.jpg,train_images/385e1970e.jpg,masks/385e1970e.png,1
b19fbab56.jpg,train_images/b19fbab56.jpg,masks/b19fbab56.png,1
b3cea5fb4.jpg,train_images/b3cea5fb4.jpg,masks/b3cea5fb4.png,1
10d98c2be.jpg,train_images/10d98c2be.jpg,masks/10d98c2be.png,1
37333b84a.jpg,train_images/37333b84a.jpg,masks/37333b84a.png,1
39e4216eb.jpg,train_images/39e4216eb.jpg,masks/39e4216eb.png,1
7232c2ceb.jpg,train_images/7232c2ceb.jpg,masks/7232c2ceb.png,1
a922818e9.jpg,train_images/a922818e9.jpg,masks/a922818e9.png,1
ce71311e1.jpg,train_images/ce71311e1.jpg,masks/ce71311e1.png,1
3f3b0ba51.jpg,train_images/3f3b0ba51.jpg,masks/3f3b0ba51.png,1
a69fb48e2.jpg,train_images/a69fb48e2.jpg,masks/a69fb48e2.png,1
23c9c6cba.jpg,train_images/23c9c6cba.jpg,masks/23c9c6cba.png,1
d18bec611.jpg,train_images/d18bec611.jpg,masks/d18bec611.png,1
48ed03e48.jpg,train_images/48ed03e48.jpg,masks/48ed03e48.png,1
47d9b630e.jpg,train_images/47d9b630e.jpg,masks/47d9b630e.png,1
26272c2a7.jpg,train_images/26272c2a7.jpg,masks/26272c2a7.png,1
ca65e7cbe.jpg,train_images/ca65e7cbe.jpg,masks/ca65e7cbe.png,1
01764ee81.jpg,train_images/01764ee81.jpg,masks/01764ee81.png,1
e2f3d138a.jpg,train_images/e2f3d138a.jpg,masks/e2f3d138a.png,1
87f74731f.jpg,train_images/87f74731f.jpg,masks/87f74731f.png,1
102ac71fd.jpg,train_images/102ac71fd.jpg,masks/102ac71fd.png,1
169bb9923.jpg,train_images/169bb9923.jpg,masks/169bb9923.png,1
c970d2407.jpg,train_images/c970d2407.jpg,masks/c970d2407.png,1
839fedbb2.jpg,train_images/839fedbb2.jpg,masks/839fedbb2.png,1
7ba14848e.jpg,train_images/7ba14848e.jpg,masks/7ba14848e.png,1
476a0129a.jpg,train_images/476a0129a.jpg,masks/476a0129a.png,1
5020df2f8.jpg,train_images/5020df2f8.jpg,masks/5020df2f8.png,1
112942aed.jpg,train_images/112942aed.jpg,masks/112942aed.png,1
ea675dd1e.jpg,train_images/ea675dd1e.jpg,masks/ea675dd1e.png,1
ffbd081d5.jpg,train_images/ffbd081d5.jpg,masks/ffbd081d5.png,1
4e7ba4854.jpg,train_images/4e7ba4854.jpg,masks/4e7ba4854.png,1
84edf7afb.jpg,train_images/84edf7afb.jpg,masks/84edf7afb.png,1
a9a5ac063.jpg,train_images/a9a5ac063.jpg,masks/a9a5ac063.png,1
6f96a0814.jpg,train_images/6f96a0814.jpg,masks/6f96a0814.png,1
ae2c96c4e.jpg,train_images/ae2c96c4e.jpg,masks/ae2c96c4e.png,1
8ed31effd.jpg,train_images/8ed31effd.jpg,masks/8ed31effd.png,1
b868c43ca.jpg,train_images/b868c43ca.jpg,masks/b868c43ca.png,1
74bd73f6d.jpg,train_images/74bd73f6d.jpg,masks/74bd73f6d.png,1
e5ea04944.jpg,train_images/e5ea04944.jpg,masks/e5ea04944.png,1
3ead6a6bf.jpg,train_images/3ead6a6bf.jpg,masks/3ead6a6bf.png,1
9a70057c0.jpg,train_images/9a70057c0.jpg,masks/9a70057c0.png,1
c74abe00a.jpg,train_images/c74abe00a.jpg,masks/c74abe00a.png,1
9278ab6ba.jpg,train_images/9278ab6ba.jpg,masks/9278ab6ba.png,1
d0328c686.jpg,train_images/d0328c686.jpg,masks/d0328c686.png,1
a1dba4777.jpg,train_images/a1dba4777.jpg,masks/a1dba4777.png,1
0b5c97e4c.jpg,train_images/0b5c97e4c.jpg,masks/0b5c97e4c.png,1
56edcc37a.jpg,train_images/56edcc37a.jpg,masks/56edcc37a.png,1
58e63b56e.jpg,train_images/58e63b56e.jpg,masks/58e63b56e.png,1
5d0b67f94.jpg,train_images/5d0b67f94.jpg,masks/5d0b67f94.png,1
d869026cd.jpg,train_images/d869026cd.jpg,masks/d869026cd.png,1
9c1c0d47b.jpg,train_images/9c1c0d47b.jpg,masks/9c1c0d47b.png,1
bf3d21ec7.jpg,train_images/bf3d21ec7.jpg,masks/bf3d21ec7.png,1
be1e1cb10.jpg,train_images/be1e1cb10.jpg,masks/be1e1cb10.png,1
343e101ee.jpg,train_images/343e101ee.jpg,masks/343e101ee.png,1
52d0d8da4.jpg,train_images/52d0d8da4.jpg,masks/52d0d8da4.png,1
0728b2ac9.jpg,train_images/0728b2ac9.jpg,masks/0728b2ac9.png,1
55ccadff9.jpg,train_images/55ccadff9.jpg,masks/55ccadff9.png,1
fcded3d29.jpg,train_images/fcded3d29.jpg,masks/fcded3d29.png,1
62122709f.jpg,train_images/62122709f.jpg,masks/62122709f.png,1
259d812b3.jpg,train_images/259d812b3.jpg,masks/259d812b3.png,1
0095cd374.jpg,train_images/0095cd374.jpg,masks/0095cd374.png,1
40e52c68b.jpg,train_images/40e52c68b.jpg,masks/40e52c68b.png,1
a154fdcfd.jpg,train_images/a154fdcfd.jpg,masks/a154fdcfd.png,1
3a7d9b5c1.jpg,train_images/3a7d9b5c1.jpg,masks/3a7d9b5c1.png,1
7f8594d4b.jpg,train_images/7f8594d4b.jpg,masks/7f8594d4b.png,1
11418b1c5.jpg,train_images/11418b1c5.jpg,masks/11418b1c5.png,1
94c4ca4c1.jpg,train_images/94c4ca4c1.jpg,masks/94c4ca4c1.png,1
06b49e34f.jpg,train_images/06b49e34f.jpg,masks/06b49e34f.png,1
7210ffc2d.jpg,train_images/7210ffc2d.jpg,masks/7210ffc2d.png,1
f5a4016bb.jpg,train_images/f5a4016bb.jpg,masks/f5a4016bb.png,1
badd96385.jpg,train_images/badd96385.jpg,masks/badd96385.png,1
dfc895f18.jpg,train_images/dfc895f18.jpg,masks/dfc895f18.png,1
87ebb9d4f.jpg,train_images/87ebb9d4f.jpg,masks/87ebb9d4f.png,1
af6441bac.jpg,train_images/af6441bac.jpg,masks/af6441bac.png,1
d51a45df9.jpg,train_images/d51a45df9.jpg,masks/d51a45df9.png,1
7fc9cb824.jpg,train_images/7fc9cb824.jpg,masks/7fc9cb824.png,1
9ebb54e56.jpg,train_images/9ebb54e56.jpg,masks/9ebb54e56.png,1
5ad654fc4.jpg,train_images/5ad654fc4.jpg,masks/5ad654fc4.png,1
86063fcba.jpg,train_images/86063fcba.jpg,masks/86063fcba.png,1
dabbc106c.jpg,train_images/dabbc106c.jpg,masks/dabbc106c.png,1
d8aeec2d5.jpg,train_images/d8aeec2d5.jpg,masks/d8aeec2d5.png,1
a5d571de0.jpg,train_images/a5d571de0.jpg,masks/a5d571de0.png,1
fb1a7bc67.jpg,train_images/fb1a7bc67.jpg,masks/fb1a7bc67.png,1
4dbe12a7b.jpg,train_images/4dbe12a7b.jpg,masks/4dbe12a7b.png,1
51c35e519.jpg,train_images/51c35e519.jpg,masks/51c35e519.png,1
6fd1ed5aa.jpg,train_images/6fd1ed5aa.jpg,masks/6fd1ed5aa.png,1
2912e9e24.jpg,train_images/2912e9e24.jpg,masks/2912e9e24.png,1
0bc8070d5.jpg,train_images/0bc8070d5.jpg,masks/0bc8070d5.png,1
88e1122cb.jpg,train_images/88e1122cb.jpg,masks/88e1122cb.png,1
ee57ddb83.jpg,train_images/ee57ddb83.jpg,masks/ee57ddb83.png,1
cff20dde9.jpg,train_images/cff20dde9.jpg,masks/cff20dde9.png,1
0281aba7b.jpg,train_images/0281aba7b.jpg,masks/0281aba7b.png,1
3fd678c06.jpg,train_images/3fd678c06.jpg,masks/3fd678c06.png,1
854baa70c.jpg,train_images/854baa70c.jpg,masks/854baa70c.png,1
87106dfdb.jpg,train_images/87106dfdb.jpg,masks/87106dfdb.png,1
0be9bad7b.jpg,train_images/0be9bad7b.jpg,masks/0be9bad7b.png,1
4fd6b1521.jpg,train_images/4fd6b1521.jpg,masks/4fd6b1521.png,1
eb630c931.jpg,train_images/eb630c931.jpg,masks/eb630c931.png,1
2b449bdcf.jpg,train_images/2b449bdcf.jpg,masks/2b449bdcf.png,1
eec5da0ae.jpg,train_images/eec5da0ae.jpg,masks/eec5da0ae.png,1
496790c19.jpg,train_images/496790c19.jpg,masks/496790c19.png,1
d2f07a8db.jpg,train_images/d2f07a8db.jpg,masks/d2f07a8db.png,1
1b213d816.jpg,train_images/1b213d816.jpg,masks/1b213d816.png,1
da20fe743.jpg,train_images/da20fe743.jpg,masks/da20fe743.png,1
865b83c3f.jpg,train_images/865b83c3f.jpg,masks/865b83c3f.png,1
83c431c22.jpg,train_images/83c431c22.jpg,masks/83c431c22.png,1
567578f1b.jpg,train_images/567578f1b.jpg,masks/567578f1b.png,1
bc751c15d.jpg,train_images/bc751c15d.jpg,masks/bc751c15d.png,1
aa4b29d91.jpg,train_images/aa4b29d91.jpg,masks/aa4b29d91.png,1
f23288425.jpg,train_images/f23288425.jpg,masks/f23288425.png,1
ed8d0e78c.jpg,train_images/ed8d0e78c.jpg,masks/ed8d0e78c.png,1
45612bd46.jpg,train_images/45612bd46.jpg,masks/45612bd46.png,1
67f6a8868.jpg,train_images/67f6a8868.jpg,masks/67f6a8868.png,1
45e10836b.jpg,train_images/45e10836b.jpg,masks/45e10836b.png,1
4014c79d3.jpg,train_images/4014c79d3.jpg,masks/4014c79d3.png,1
fcd874407.jpg,train_images/fcd874407.jpg,masks/fcd874407.png,1
63c46a774.jpg,train_images/63c46a774.jpg,masks/63c46a774.png,1
0ed6dadbd.jpg,train_images/0ed6dadbd.jpg,masks/0ed6dadbd.png,1
fe2234ba6.jpg,train_images/fe2234ba6.jpg,masks/fe2234ba6.png,1
a10a35f4f.jpg,train_images/a10a35f4f.jpg,masks/a10a35f4f.png,1
b20fcab43.jpg,train_images/b20fcab43.jpg,masks/b20fcab43.png,1
c916658f1.jpg,train_images/c916658f1.jpg,masks/c916658f1.png,1
bfd24be30.jpg,train_images/bfd24be30.jpg,masks/bfd24be30.png,1
649822bd7.jpg,train_images/649822bd7.jpg,masks/649822bd7.png,1
241d3ed81.jpg,train_images/241d3ed81.jpg,masks/241d3ed81.png,1
c8e4b3a1e.jpg,train_images/c8e4b3a1e.jpg,masks/c8e4b3a1e.png,1
1ca7f19cf.jpg,train_images/1ca7f19cf.jpg,masks/1ca7f19cf.png,1
6a8d360f7.jpg,train_images/6a8d360f7.jpg,masks/6a8d360f7.png,1
71e2bb12a.jpg,train_images/71e2bb12a.jpg,masks/71e2bb12a.png,1
6143631ab.jpg,train_images/6143631ab.jpg,masks/6143631ab.png,1
87e27ae0a.jpg,train_images/87e27ae0a.jpg,masks/87e27ae0a.png,1
f294b84ed.jpg,train_images/f294b84ed.jpg,masks/f294b84ed.png,1
d10c885f3.jpg,train_images/d10c885f3.jpg,masks/d10c885f3.png,1
d67f4b258.jpg,train_images/d67f4b258.jpg,masks/d67f4b258.png,1
2d759458e.jpg,train_images/2d759458e.jpg,masks/2d759458e.png,1
398bf3c20.jpg,train_images/398bf3c20.jpg,masks/398bf3c20.png,1
9a18e4457.jpg,train_images/9a18e4457.jpg,masks/9a18e4457.png,1
7f25edc7a.jpg,train_images/7f25edc7a.jpg,masks/7f25edc7a.png,1
1b52ec552.jpg,train_images/1b52ec552.jpg,masks/1b52ec552.png,1
968701cce.jpg,train_images/968701cce.jpg,masks/968701cce.png,1
b941e37d2.jpg,train_images/b941e37d2.jpg,masks/b941e37d2.png,1
defee8509.jpg,train_images/defee8509.jpg,masks/defee8509.png,1
e7aec2b3d.jpg,train_images/e7aec2b3d.jpg,masks/e7aec2b3d.png,1
5a752f8cd.jpg,train_images/5a752f8cd.jpg,masks/5a752f8cd.png,1
dce70d399.jpg,train_images/dce70d399.jpg,masks/dce70d399.png,1
a800aee21.jpg,train_images/a800aee21.jpg,masks/a800aee21.png,1
000f6bf48.jpg,train_images/000f6bf48.jpg,masks/000f6bf48.png,1
995ef2622.jpg,train_images/995ef2622.jpg,masks/995ef2622.png,1
f32454873.jpg,train_images/f32454873.jpg,masks/f32454873.png,1
17f611256.jpg,train_images/17f611256.jpg,masks/17f611256.png,1
cc8f6ee56.jpg,train_images/cc8f6ee56.jpg,masks/cc8f6ee56.png,1
fcdfdbf64.jpg,train_images/fcdfdbf64.jpg,masks/fcdfdbf64.png,1
878824b35.jpg,train_images/878824b35.jpg,masks/878824b35.png,1
45740ac20.jpg,train_images/45740ac20.jpg,masks/45740ac20.png,1
68b70cab1.jpg,train_images/68b70cab1.jpg,masks/68b70cab1.png,1
c59b8a59a.jpg,train_images/c59b8a59a.jpg,masks/c59b8a59a.png,1
cfed66579.jpg,train_images/cfed66579.jpg,masks/cfed66579.png,1
e56f52c1e.jpg,train_images/e56f52c1e.jpg,masks/e56f52c1e.png,1
6ce526a3a.jpg,train_images/6ce526a3a.jpg,masks/6ce526a3a.png,1
2e35ebe13.jpg,train_images/2e35ebe13.jpg,masks/2e35ebe13.png,1
11bf761dc.jpg,train_images/11bf761dc.jpg,masks/11bf761dc.png,1
099e4e39a.jpg,train_images/099e4e39a.jpg,masks/099e4e39a.png,1
db8b09f05.jpg,train_images/db8b09f05.jpg,masks/db8b09f05.png,1
5e88c8a04.jpg,train_images/5e88c8a04.jpg,masks/5e88c8a04.png,1
eaebc549c.jpg,train_images/eaebc549c.jpg,masks/eaebc549c.png,1
d3d6d9b6a.jpg,train_images/d3d6d9b6a.jpg,masks/d3d6d9b6a.png,1
539a30638.jpg,train_images/539a30638.jpg,masks/539a30638.png,1
9cfa9539e.jpg,train_images/9cfa9539e.jpg,masks/9cfa9539e.png,1
f5b46c3c1.jpg,train_images/f5b46c3c1.jpg,masks/f5b46c3c1.png,1
5cf4adf72.jpg,train_images/5cf4adf72.jpg,masks/5cf4adf72.png,1
738850f07.jpg,train_images/738850f07.jpg,masks/738850f07.png,1
2fe9f78c9.jpg,train_images/2fe9f78c9.jpg,masks/2fe9f78c9.png,1
d849d7a48.jpg,train_images/d849d7a48.jpg,masks/d849d7a48.png,1
ed22af554.jpg,train_images/ed22af554.jpg,masks/ed22af554.png,1
07c917711.jpg,train_images/07c917711.jpg,masks/07c917711.png,1
b448498eb.jpg,train_images/b448498eb.jpg,masks/b448498eb.png,1
d2945fc9f.jpg,train_images/d2945fc9f.jpg,masks/d2945fc9f.png,1
a9b4c5d52.jpg,train_images/a9b4c5d52.jpg,masks/a9b4c5d52.png,1
f3a5aa94c.jpg,train_images/f3a5aa94c.jpg,masks/f3a5aa94c.png,1
da6fb7dc1.jpg,train_images/da6fb7dc1.jpg,masks/da6fb7dc1.png,1
f85515b8b.jpg,train_images/f85515b8b.jpg,masks/f85515b8b.png,1
b9bef4fe1.jpg,train_images/b9bef4fe1.jpg,masks/b9bef4fe1.png,1
d6c91e8e7.jpg,train_images/d6c91e8e7.jpg,masks/d6c91e8e7.png,1
c3ee7a878.jpg,train_images/c3ee7a878.jpg,masks/c3ee7a878.png,1
77f89ceee.jpg,train_images/77f89ceee.jpg,masks/77f89ceee.png,1
abb5daaa0.jpg,train_images/abb5daaa0.jpg,masks/abb5daaa0.png,1
8dbe6a9d8.jpg,train_images/8dbe6a9d8.jpg,masks/8dbe6a9d8.png,1
60bc48f6b.jpg,train_images/60bc48f6b.jpg,masks/60bc48f6b.png,1
c38e52b4a.jpg,train_images/c38e52b4a.jpg,masks/c38e52b4a.png,1
60efe3f90.jpg,train_images/60efe3f90.jpg,masks/60efe3f90.png,1
0f4a022fd.jpg,train_images/0f4a022fd.jpg,masks/0f4a022fd.png,1
880f0b8cc.jpg,train_images/880f0b8cc.jpg,masks/880f0b8cc.png,1
ff44fa556.jpg,train_images/ff44fa556.jpg,masks/ff44fa556.png,1
a9e2530ed.jpg,train_images/a9e2530ed.jpg,masks/a9e2530ed.png,1
2247fd7f0.jpg,train_images/2247fd7f0.jpg,masks/2247fd7f0.png,1
570cb5438.jpg,train_images/570cb5438.jpg,masks/570cb5438.png,1
0c888ecb5.jpg,train_images/0c888ecb5.jpg,masks/0c888ecb5.png,1
b138e942e.jpg,train_images/b138e942e.jpg,masks/b138e942e.png,1
207f33325.jpg,train_images/207f33325.jpg,masks/207f33325.png,1
9546b5abe.jpg,train_images/9546b5abe.jpg,masks/9546b5abe.png,1
0d51538b9.jpg,train_images/0d51538b9.jpg,masks/0d51538b9.png,1
b1639af61.jpg,train_images/b1639af61.jpg,masks/b1639af61.png,1
dc8e7690a.jpg,train_images/dc8e7690a.jpg,masks/dc8e7690a.png,1
ecca5b079.jpg,train_images/ecca5b079.jpg,masks/ecca5b079.png,1
93b2882fd.jpg,train_images/93b2882fd.jpg,masks/93b2882fd.png,1
9a7b2f3af.jpg,train_images/9a7b2f3af.jpg,masks/9a7b2f3af.png,1
2e29001f1.jpg,train_images/2e29001f1.jpg,masks/2e29001f1.png,1
768eff9be.jpg,train_images/768eff9be.jpg,masks/768eff9be.png,1
f539d7bea.jpg,train_images/f539d7bea.jpg,masks/f539d7bea.png,1
2a5fe1870.jpg,train_images/2a5fe1870.jpg,masks/2a5fe1870.png,1
44d5767ee.jpg,train_images/44d5767ee.jpg,masks/44d5767ee.png,1
554d5a941.jpg,train_images/554d5a941.jpg,masks/554d5a941.png,1
1e7b96509.jpg,train_images/1e7b96509.jpg,masks/1e7b96509.png,1
b612e5812.jpg,train_images/b612e5812.jpg,masks/b612e5812.png,1
d1a774781.jpg,train_images/d1a774781.jpg,masks/d1a774781.png,1
17f01b94d.jpg,train_images/17f01b94d.jpg,masks/17f01b94d.png,1
a10c18895.jpg,train_images/a10c18895.jpg,masks/a10c18895.png,1
5ed98fbe2.jpg,train_images/5ed98fbe2.jpg,masks/5ed98fbe2.png,1
a77af14dd.jpg,train_images/a77af14dd.jpg,masks/a77af14dd.png,1
1c493aed1.jpg,train_images/1c493aed1.jpg,masks/1c493aed1.png,1
fe6f8e502.jpg,train_images/fe6f8e502.jpg,masks/fe6f8e502.png,1
b147f0f0f.jpg,train_images/b147f0f0f.jpg,masks/b147f0f0f.png,1
9c024e0ba.jpg,train_images/9c024e0ba.jpg,masks/9c024e0ba.png,1
7e65bb413.jpg,train_images/7e65bb413.jpg,masks/7e65bb413.png,1
73f4fb776.jpg,train_images/73f4fb776.jpg,masks/73f4fb776.png,1
461fb4927.jpg,train_images/461fb4927.jpg,masks/461fb4927.png,1
def2ff0c5.jpg,train_images/def2ff0c5.jpg,masks/def2ff0c5.png,1
031627893.jpg,train_images/031627893.jpg,masks/031627893.png,1
efe30162b.jpg,train_images/efe30162b.jpg,masks/efe30162b.png,1
ba027ff62.jpg,train_images/ba027ff62.jpg,masks/ba027ff62.png,1
e1a9e7c49.jpg,train_images/e1a9e7c49.jpg,masks/e1a9e7c49.png,1
205360569.jpg,train_images/205360569.jpg,masks/205360569.png,1
c62ca3c1f.jpg,train_images/c62ca3c1f.jpg,masks/c62ca3c1f.png,1
b8a7c74b3.jpg,train_images/b8a7c74b3.jpg,masks/b8a7c74b3.png,1
773948ca6.jpg,train_images/773948ca6.jpg,masks/773948ca6.png,1
463108c67.jpg,train_images/463108c67.jpg,masks/463108c67.png,1
71553a0d8.jpg,train_images/71553a0d8.jpg,masks/71553a0d8.png,1
4e2e1bdb7.jpg,train_images/4e2e1bdb7.jpg,masks/4e2e1bdb7.png,1
0fd63823c.jpg,train_images/0fd63823c.jpg,masks/0fd63823c.png,1
6d98714d9.jpg,train_images/6d98714d9.jpg,masks/6d98714d9.png,1
39d07881e.jpg,train_images/39d07881e.jpg,masks/39d07881e.png,1
4932f1a80.jpg,train_images/4932f1a80.jpg,masks/4932f1a80.png,1
ce0b7102f.jpg,train_images/ce0b7102f.jpg,masks/ce0b7102f.png,1
73ebd716c.jpg,train_images/73ebd716c.jpg,masks/73ebd716c.png,1
48532e006.jpg,train_images/48532e006.jpg,masks/48532e006.png,1
4c03cad47.jpg,train_images/4c03cad47.jpg,masks/4c03cad47.png,1
c2acb1fd5.jpg,train_images/c2acb1fd5.jpg,masks/c2acb1fd5.png,1
477a186bc.jpg,train_images/477a186bc.jpg,masks/477a186bc.png,1
976b8a242.jpg,train_images/976b8a242.jpg,masks/976b8a242.png,1
0e650e720.jpg,train_images/0e650e720.jpg,masks/0e650e720.png,1
bbaeed54e.jpg,train_images/bbaeed54e.jpg,masks/bbaeed54e.png,1
2cfa7ea6f.jpg,train_images/2cfa7ea6f.jpg,masks/2cfa7ea6f.png,1
44bddb2d2.jpg,train_images/44bddb2d2.jpg,masks/44bddb2d2.png,1
080d6f77f.jpg,train_images/080d6f77f.jpg,masks/080d6f77f.png,1
2261e0f9c.jpg,train_images/2261e0f9c.jpg,masks/2261e0f9c.png,1
dfc4b8d29.jpg,train_images/dfc4b8d29.jpg,masks/dfc4b8d29.png,1
b8eadd5bf.jpg,train_images/b8eadd5bf.jpg,masks/b8eadd5bf.png,1
088a6bb94.jpg,train_images/088a6bb94.jpg,masks/088a6bb94.png,1
3a0f17afd.jpg,train_images/3a0f17afd.jpg,masks/3a0f17afd.png,1
31579309c.jpg,train_images/31579309c.jpg,masks/31579309c.png,1
470a96423.jpg,train_images/470a96423.jpg,masks/470a96423.png,1
91e4352d4.jpg,train_images/91e4352d4.jpg,masks/91e4352d4.png,1
918c32419.jpg,train_images/918c32419.jpg,masks/918c32419.png,1
b303bf6e5.jpg,train_images/b303bf6e5.jpg,masks/b303bf6e5.png,1
d0fb25531.jpg,train_images/d0fb25531.jpg,masks/d0fb25531.png,1
a3c477831.jpg,train_images/a3c477831.jpg,masks/a3c477831.png,1
b69920a15.jpg,train_images/b69920a15.jpg,masks/b69920a15.png,1
e2512d5f4.jpg,train_images/e2512d5f4.jpg,masks/e2512d5f4.png,1
d4e26768d.jpg,train_images/d4e26768d.jpg,masks/d4e26768d.png,1
62d9fd113.jpg,train_images/62d9fd113.jpg,masks/62d9fd113.png,1
035021da2.jpg,train_images/035021da2.jpg,masks/035021da2.png,1
66987e071.jpg,train_images/66987e071.jpg,masks/66987e071.png,1
9805e5d5d.jpg,train_images/9805e5d5d.jpg,masks/9805e5d5d.png,1
0ea00bf92.jpg,train_images/0ea00bf92.jpg,masks/0ea00bf92.png,1
50cfeaca4.jpg,train_images/50cfeaca4.jpg,masks/50cfeaca4.png,1
ce7b7ac0b.jpg,train_images/ce7b7ac0b.jpg,masks/ce7b7ac0b.png,1
1bdcc6338.jpg,train_images/1bdcc6338.jpg,masks/1bdcc6338.png,1
183dbcde4.jpg,train_images/183dbcde4.jpg,masks/183dbcde4.png,1
b1b94f0fc.jpg,train_images/b1b94f0fc.jpg,masks/b1b94f0fc.png,1
53fa72f86.jpg,train_images/53fa72f86.jpg,masks/53fa72f86.png,1
35271f898.jpg,train_images/35271f898.jpg,masks/35271f898.png,1
757577d91.jpg,train_images/757577d91.jpg,masks/757577d91.png,1
700209a95.jpg,train_images/700209a95.jpg,masks/700209a95.png,1
c7af743ef.jpg,train_images/c7af743ef.jpg,masks/c7af743ef.png,1
58b26c5f1.jpg,train_images/58b26c5f1.jpg,masks/58b26c5f1.png,1
8ab72fe26.jpg,train_images/8ab72fe26.jpg,masks/8ab72fe26.png,1
4e33d6324.jpg,train_images/4e33d6324.jpg,masks/4e33d6324.png,1
6209acbc4.jpg,train_images/6209acbc4.jpg,masks/6209acbc4.png,1
ab4fab99e.jpg,train_images/ab4fab99e.jpg,masks/ab4fab99e.png,1
be4279ae1.jpg,train_images/be4279ae1.jpg,masks/be4279ae1.png,1
47a18bd61.jpg,train_images/47a18bd61.jpg,masks/47a18bd61.png,1
172e692e1.jpg,train_images/172e692e1.jpg,masks/172e692e1.png,1
c357d41a1.jpg,train_images/c357d41a1.jpg,masks/c357d41a1.png,1
5d32d076f.jpg,train_images/5d32d076f.jpg,masks/5d32d076f.png,1
afb3e0467.jpg,train_images/afb3e0467.jpg,masks/afb3e0467.png,1
3cb1c14c8.jpg,train_images/3cb1c14c8.jpg,masks/3cb1c14c8.png,1
bb6c5d50f.jpg,train_images/bb6c5d50f.jpg,masks/bb6c5d50f.png,1
7de00739f.jpg,train_images/7de00739f.jpg,masks/7de00739f.png,1
63b6edd7e.jpg,train_images/63b6edd7e.jpg,masks/63b6edd7e.png,1
286e0559b.jpg,train_images/286e0559b.jpg,masks/286e0559b.png,1
f848466cb.jpg,train_images/f848466cb.jpg,masks/f848466cb.png,1
c87ca8539.jpg,train_images/c87ca8539.jpg,masks/c87ca8539.png,1
11aaf18e2.jpg,train_images/11aaf18e2.jpg,masks/11aaf18e2.png,1
de3e52e11.jpg,train_images/de3e52e11.jpg,masks/de3e52e11.png,1
22553cebc.jpg,train_images/22553cebc.jpg,masks/22553cebc.png,1
9eed4fc7c.jpg,train_images/9eed4fc7c.jpg,masks/9eed4fc7c.png,1
6fa9e1d65.jpg,train_images/6fa9e1d65.jpg,masks/6fa9e1d65.png,1
79ccb5e88.jpg,train_images/79ccb5e88.jpg,masks/79ccb5e88.png,1
0fa3f0dab.jpg,train_images/0fa3f0dab.jpg,masks/0fa3f0dab.png,1
c98404d89.jpg,train_images/c98404d89.jpg,masks/c98404d89.png,1
15e512a0f.jpg,train_images/15e512a0f.jpg,masks/15e512a0f.png,1
a4844715b.jpg,train_images/a4844715b.jpg,masks/a4844715b.png,1
dbe255803.jpg,train_images/dbe255803.jpg,masks/dbe255803.png,1
847b7640a.jpg,train_images/847b7640a.jpg,masks/847b7640a.png,1
cc69501eb.jpg,train_images/cc69501eb.jpg,masks/cc69501eb.png,1
03da79fda.jpg,train_images/03da79fda.jpg,masks/03da79fda.png,1
09d70d8f0.jpg,train_images/09d70d8f0.jpg,masks/09d70d8f0.png,1
f22b67de8.jpg,train_images/f22b67de8.jpg,masks/f22b67de8.png,1
06e6582af.jpg,train_images/06e6582af.jpg,masks/06e6582af.png,1
2e5dab72b.jpg,train_images/2e5dab72b.jpg,masks/2e5dab72b.png,1
bbfdbc490.jpg,train_images/bbfdbc490.jpg,masks/bbfdbc490.png,1
e13c443d5.jpg,train_images/e13c443d5.jpg,masks/e13c443d5.png,1
5eb5348b3.jpg,train_images/5eb5348b3.jpg,masks/5eb5348b3.png,1
89f119c0a.jpg,train_images/89f119c0a.jpg,masks/89f119c0a.png,1
c210d2e08.jpg,train_images/c210d2e08.jpg,masks/c210d2e08.png,1
98f2b3f79.jpg,train_images/98f2b3f79.jpg,masks/98f2b3f79.png,1
0817e2da4.jpg,train_images/0817e2da4.jpg,masks/0817e2da4.png,1
7549c90b1.jpg,train_images/7549c90b1.jpg,masks/7549c90b1.png,1
57a7375f3.jpg,train_images/57a7375f3.jpg,masks/57a7375f3.png,1
f8dcae030.jpg,train_images/f8dcae030.jpg,masks/f8dcae030.png,1
bb3421ee8.jpg,train_images/bb3421ee8.jpg,masks/bb3421ee8.png,1
418e47222.jpg,train_images/418e47222.jpg,masks/418e47222.png,1
778e817a9.jpg,train_images/778e817a9.jpg,masks/778e817a9.png,1
6b86a9593.jpg,train_images/6b86a9593.jpg,masks/6b86a9593.png,1
1198f83d2.jpg,train_images/1198f83d2.jpg,masks/1198f83d2.png,1
0ebdc1277.jpg,train_images/0ebdc1277.jpg,masks/0ebdc1277.png,1
036c7d18c.jpg,train_images/036c7d18c.jpg,masks/036c7d18c.png,1
e86b2f3e2.jpg,train_images/e86b2f3e2.jpg,masks/e86b2f3e2.png,1
99a9163bc.jpg,train_images/99a9163bc.jpg,masks/99a9163bc.png,1
a4f1180ba.jpg,train_images/a4f1180ba.jpg,masks/a4f1180ba.png,1
060c3159e.jpg,train_images/060c3159e.jpg,masks/060c3159e.png,1
7b79706b6.jpg,train_images/7b79706b6.jpg,masks/7b79706b6.png,1
ca02e9e92.jpg,train_images/ca02e9e92.jpg,masks/ca02e9e92.png,1
3738d1881.jpg,train_images/3738d1881.jpg,masks/3738d1881.png,1
ab5717ad2.jpg,train_images/ab5717ad2.jpg,masks/ab5717ad2.png,1
511570622.jpg,train_images/511570622.jpg,masks/511570622.png,1
2cf487578.jpg,train_images/2cf487578.jpg,masks/2cf487578.png,1
229906ed1.jpg,train_images/229906ed1.jpg,masks/229906ed1.png,1
112b06482.jpg,train_images/112b06482.jpg,masks/112b06482.png,1
d127abcc8.jpg,train_images/d127abcc8.jpg,masks/d127abcc8.png,1
d860da430.jpg,train_images/d860da430.jpg,masks/d860da430.png,1
2395db536.jpg,train_images/2395db536.jpg,masks/2395db536.png,1
5188851b2.jpg,train_images/5188851b2.jpg,masks/5188851b2.png,1
ae6d0bf01.jpg,train_images/ae6d0bf01.jpg,masks/ae6d0bf01.png,1
b72d341bf.jpg,train_images/b72d341bf.jpg,masks/b72d341bf.png,1
37d48f05d.jpg,train_images/37d48f05d.jpg,masks/37d48f05d.png,1
2c37ea89f.jpg,train_images/2c37ea89f.jpg,masks/2c37ea89f.png,1
0929b3d8f.jpg,train_images/0929b3d8f.jpg,masks/0929b3d8f.png,1
7d1c4482e.jpg,train_images/7d1c4482e.jpg,masks/7d1c4482e.png,1
7dcd9d8e2.jpg,train_images/7dcd9d8e2.jpg,masks/7dcd9d8e2.png,1
b0e0b8842.jpg,train_images/b0e0b8842.jpg,masks/b0e0b8842.png,1
2959d7fb1.jpg,train_images/2959d7fb1.jpg,masks/2959d7fb1.png,1
441add89c.jpg,train_images/441add89c.jpg,masks/441add89c.png,1
fed23a483.jpg,train_images/fed23a483.jpg,masks/fed23a483.png,1
fc230eb3c.jpg,train_images/fc230eb3c.jpg,masks/fc230eb3c.png,1
38f4e6d5a.jpg,train_images/38f4e6d5a.jpg,masks/38f4e6d5a.png,1
b32156d1f.jpg,train_images/b32156d1f.jpg,masks/b32156d1f.png,1
b6c0a38e9.jpg,train_images/b6c0a38e9.jpg,masks/b6c0a38e9.png,1
02d8c6b30.jpg,train_images/02d8c6b30.jpg,masks/02d8c6b30.png,1
87f2a67af.jpg,train_images/87f2a67af.jpg,masks/87f2a67af.png,1
cbc860446.jpg,train_images/cbc860446.jpg,masks/cbc860446.png,1
16498a156.jpg,train_images/16498a156.jpg,masks/16498a156.png,1
fff02e9c5.jpg,train_images/fff02e9c5.jpg,masks/fff02e9c5.png,1
845935465.jpg,train_images/845935465.jpg,masks/845935465.png,1
053e9a29c.jpg,train_images/053e9a29c.jpg,masks/053e9a29c.png,1
988afc273.jpg,train_images/988afc273.jpg,masks/988afc273.png,1
0dd76b019.jpg,train_images/0dd76b019.jpg,masks/0dd76b019.png,1
3711a5456.jpg,train_images/3711a5456.jpg,masks/3711a5456.png,1
bba274c50.jpg,train_images/bba274c50.jpg,masks/bba274c50.png,1
e2037da93.jpg,train_images/e2037da93.jpg,masks/e2037da93.png,1
ac461b596.jpg,train_images/ac461b596.jpg,masks/ac461b596.png,1
40aae2e57.jpg,train_images/40aae2e57.jpg,masks/40aae2e57.png,1
f8f3a1eb2.jpg,train_images/f8f3a1eb2.jpg,masks/f8f3a1eb2.png,1
a485b97e7.jpg,train_images/a485b97e7.jpg,masks/a485b97e7.png,1
a5e9195b6.jpg,train_images/a5e9195b6.jpg,masks/a5e9195b6.png,1
fd32f8ad3.jpg,train_images/fd32f8ad3.jpg,masks/fd32f8ad3.png,1
1ef27af60.jpg,train_images/1ef27af60.jpg,masks/1ef27af60.png,1
64b571a9a.jpg,train_images/64b571a9a.jpg,masks/64b571a9a.png,1
cdf523bf0.jpg,train_images/cdf523bf0.jpg,masks/cdf523bf0.png,1
5370c78e0.jpg,train_images/5370c78e0.jpg,masks/5370c78e0.png,1
dc66cdc19.jpg,train_images/dc66cdc19.jpg,masks/dc66cdc19.png,1
e5dfaf632.jpg,train_images/e5dfaf632.jpg,masks/e5dfaf632.png,1
eb7ec1f85.jpg,train_images/eb7ec1f85.jpg,masks/eb7ec1f85.png,1
542fed55c.jpg,train_images/542fed55c.jpg,masks/542fed55c.png,1
91a713a73.jpg,train_images/91a713a73.jpg,masks/91a713a73.png,1
194cce1be.jpg,train_images/194cce1be.jpg,masks/194cce1be.png,1
73bf92d94.jpg,train_images/73bf92d94.jpg,masks/73bf92d94.png,1
de4a7df6e.jpg,train_images/de4a7df6e.jpg,masks/de4a7df6e.png,1
e6b97f991.jpg,train_images/e6b97f991.jpg,masks/e6b97f991.png,1
d6ef360e3.jpg,train_images/d6ef360e3.jpg,masks/d6ef360e3.png,1
eca0aa4ff.jpg,train_images/eca0aa4ff.jpg,masks/eca0aa4ff.png,1
30bb7b7a3.jpg,train_images/30bb7b7a3.jpg,masks/30bb7b7a3.png,1
1c32b8c83.jpg,train_images/1c32b8c83.jpg,masks/1c32b8c83.png,1
5d218419b.jpg,train_images/5d218419b.jpg,masks/5d218419b.png,1
8ff35e571.jpg,train_images/8ff35e571.jpg,masks/8ff35e571.png,1
e7634e770.jpg,train_images/e7634e770.jpg,masks/e7634e770.png,1
30799f11c.jpg,train_images/30799f11c.jpg,masks/30799f11c.png,1
ae3047bf7.jpg,train_images/ae3047bf7.jpg,masks/ae3047bf7.png,1
0218c0fcc.jpg,train_images/0218c0fcc.jpg,masks/0218c0fcc.png,1
7cb5bd6f1.jpg,train_images/7cb5bd6f1.jpg,masks/7cb5bd6f1.png,1
77a4fe06f.jpg,train_images/77a4fe06f.jpg,masks/77a4fe06f.png,1
713e97c97.jpg,train_images/713e97c97.jpg,masks/713e97c97.png,1
6320ec8c6.jpg,train_images/6320ec8c6.jpg,masks/6320ec8c6.png,1
137b5546d.jpg,train_images/137b5546d.jpg,masks/137b5546d.png,1
a7d470272.jpg,train_images/a7d470272.jpg,masks/a7d470272.png,1
6dccafc26.jpg,train_images/6dccafc26.jpg,masks/6dccafc26.png,1
b5b5e513b.jpg,train_images/b5b5e513b.jpg,masks/b5b5e513b.png,1
e4d9efbaa.jpg,train_images/e4d9efbaa.jpg,masks/e4d9efbaa.png,1
76adc6361.jpg,train_images/76adc6361.jpg,masks/76adc6361.png,1
37bc122bd.jpg,train_images/37bc122bd.jpg,masks/37bc122bd.png,1
ca850ca04.jpg,train_images/ca850ca04.jpg,masks/ca850ca04.png,1
cbd27127f.jpg,train_images/cbd27127f.jpg,masks/cbd27127f.png,1
6eb2c9a9a.jpg,train_images/6eb2c9a9a.jpg,masks/6eb2c9a9a.png,1
16aabaf79.jpg,train_images/16aabaf79.jpg,masks/16aabaf79.png,1
856f0b6bd.jpg,train_images/856f0b6bd.jpg,masks/856f0b6bd.png,1
7f3181e44.jpg,train_images/7f3181e44.jpg,masks/7f3181e44.png,1
75970889c.jpg,train_images/75970889c.jpg,masks/75970889c.png,1
f06fbd0e7.jpg,train_images/f06fbd0e7.jpg,masks/f06fbd0e7.png,1
9ef683a79.jpg,train_images/9ef683a79.jpg,masks/9ef683a79.png,1
3c30d891e.jpg,train_images/3c30d891e.jpg,masks/3c30d891e.png,1
e1f08c59c.jpg,train_images/e1f08c59c.jpg,masks/e1f08c59c.png,1
7c847f7b3.jpg,train_images/7c847f7b3.jpg,masks/7c847f7b3.png,1
f0e205516.jpg,train_images/f0e205516.jpg,masks/f0e205516.png,1
51a3f4c59.jpg,train_images/51a3f4c59.jpg,masks/51a3f4c59.png,1
097eaf94c.jpg,train_images/097eaf94c.jpg,masks/097eaf94c.png,1
8b0964301.jpg,train_images/8b0964301.jpg,masks/8b0964301.png,1
ca6b5420f.jpg,train_images/ca6b5420f.jpg,masks/ca6b5420f.png,1
f48988d6a.jpg,train_images/f48988d6a.jpg,masks/f48988d6a.png,1
1346c8ba2.jpg,train_images/1346c8ba2.jpg,masks/1346c8ba2.png,1
37acd89d2.jpg,train_images/37acd89d2.jpg,masks/37acd89d2.png,1
a88dc13d6.jpg,train_images/a88dc13d6.jpg,masks/a88dc13d6.png,1
f430ab232.jpg,train_images/f430ab232.jpg,masks/f430ab232.png,1
d89d52e53.jpg,train_images/d89d52e53.jpg,masks/d89d52e53.png,1
bf0c81db6.jpg,train_images/bf0c81db6.jpg,masks/bf0c81db6.png,1
85adaa491.jpg,train_images/85adaa491.jpg,masks/85adaa491.png,1
2dbd01639.jpg,train_images/2dbd01639.jpg,masks/2dbd01639.png,1
2b16d6f98.jpg,train_images/2b16d6f98.jpg,masks/2b16d6f98.png,1
3cfa559c3.jpg,train_images/3cfa559c3.jpg,masks/3cfa559c3.png,1
3dbbb330a.jpg,train_images/3dbbb330a.jpg,masks/3dbbb330a.png,1
fd86d4201.jpg,train_images/fd86d4201.jpg,masks/fd86d4201.png,1
5c123ad74.jpg,train_images/5c123ad74.jpg,masks/5c123ad74.png,1
1bc37a6f4.jpg,train_images/1bc37a6f4.jpg,masks/1bc37a6f4.png,1
df983abed.jpg,train_images/df983abed.jpg,masks/df983abed.png,1
67ffa0fc7.jpg,train_images/67ffa0fc7.jpg,masks/67ffa0fc7.png,1
c89490346.jpg,train_images/c89490346.jpg,masks/c89490346.png,1
90246e919.jpg,train_images/90246e919.jpg,masks/90246e919.png,1
2741274d7.jpg,train_images/2741274d7.jpg,masks/2741274d7.png,1
2558c43bf.jpg,train_images/2558c43bf.jpg,masks/2558c43bf.png,1
7f8d10098.jpg,train_images/7f8d10098.jpg,masks/7f8d10098.png,1
9f2f9704e.jpg,train_images/9f2f9704e.jpg,masks/9f2f9704e.png,1
a33ec265a.jpg,train_images/a33ec265a.jpg,masks/a33ec265a.png,1
9c4e61003.jpg,train_images/9c4e61003.jpg,masks/9c4e61003.png,1
2b33c67ea.jpg,train_images/2b33c67ea.jpg,masks/2b33c67ea.png,1
ef94ca813.jpg,train_images/ef94ca813.jpg,masks/ef94ca813.png,1
2ef6ad027.jpg,train_images/2ef6ad027.jpg,masks/2ef6ad027.png,1
8d84eea51.jpg,train_images/8d84eea51.jpg,masks/8d84eea51.png,1
ebe0d614b.jpg,train_images/ebe0d614b.jpg,masks/ebe0d614b.png,1
112d183e5.jpg,train_images/112d183e5.jpg,masks/112d183e5.png,1
756390c3a.jpg,train_images/756390c3a.jpg,masks/756390c3a.png,1
10a3cfbce.jpg,train_images/10a3cfbce.jpg,masks/10a3cfbce.png,1
cb6fa8f89.jpg,train_images/cb6fa8f89.jpg,masks/cb6fa8f89.png,1
72d5da20f.jpg,train_images/72d5da20f.jpg,masks/72d5da20f.png,1
5ec80000e.jpg,train_images/5ec80000e.jpg,masks/5ec80000e.png,1
311f6c34f.jpg,train_images/311f6c34f.jpg,masks/311f6c34f.png,1
cf0641053.jpg,train_images/cf0641053.jpg,masks/cf0641053.png,1
e685f521b.jpg,train_images/e685f521b.jpg,masks/e685f521b.png,1
0d4eae8de.jpg,train_images/0d4eae8de.jpg,masks/0d4eae8de.png,1
3ca655ceb.jpg,train_images/3ca655ceb.jpg,masks/3ca655ceb.png,1
febd24f9a.jpg,train_images/febd24f9a.jpg,masks/febd24f9a.png,1
503c4f93a.jpg,train_images/503c4f93a.jpg,masks/503c4f93a.png,1
4ab1aeab6.jpg,train_images/4ab1aeab6.jpg,masks/4ab1aeab6.png,1
c56baaa61.jpg,train_images/c56baaa61.jpg,masks/c56baaa61.png,1
fe01b0ce0.jpg,train_images/fe01b0ce0.jpg,masks/fe01b0ce0.png,1
105f93d9e.jpg,train_images/105f93d9e.jpg,masks/105f93d9e.png,1
766438a3b.jpg,train_images/766438a3b.jpg,masks/766438a3b.png,1
ae79304b2.jpg,train_images/ae79304b2.jpg,masks/ae79304b2.png,1
00f6e702c.jpg,train_images/00f6e702c.jpg,masks/00f6e702c.png,1
22a125a81.jpg,train_images/22a125a81.jpg,masks/22a125a81.png,1
4b56df46d.jpg,train_images/4b56df46d.jpg,masks/4b56df46d.png,1
42b398dcf.jpg,train_images/42b398dcf.jpg,masks/42b398dcf.png,1
b7a1d89ae.jpg,train_images/b7a1d89ae.jpg,masks/b7a1d89ae.png,1
5132041da.jpg,train_images/5132041da.jpg,masks/5132041da.png,1
76aba363e.jpg,train_images/76aba363e.jpg,masks/76aba363e.png,1
6ee81c40c.jpg,train_images/6ee81c40c.jpg,masks/6ee81c40c.png,1
20dec6c22.jpg,train_images/20dec6c22.jpg,masks/20dec6c22.png,1
6e3f85bb9.jpg,train_images/6e3f85bb9.jpg,masks/6e3f85bb9.png,1
7365300fe.jpg,train_images/7365300fe.jpg,masks/7365300fe.png,1
50b285302.jpg,train_images/50b285302.jpg,masks/50b285302.png,1
64443519b.jpg,train_images/64443519b.jpg,masks/64443519b.png,1
a6c7b60b3.jpg,train_images/a6c7b60b3.jpg,masks/a6c7b60b3.png,1
d802b10c5.jpg,train_images/d802b10c5.jpg,masks/d802b10c5.png,1
f81b617ec.jpg,train_images/f81b617ec.jpg,masks/f81b617ec.png,1
f901632bf.jpg,train_images/f901632bf.jpg,masks/f901632bf.png,1
2c23eefec.jpg,train_images/2c23eefec.jpg,masks/2c23eefec.png,1
4ecf05db6.jpg,train_images/4ecf05db6.jpg,masks/4ecf05db6.png,1
6e785e50c.jpg,train_images/6e785e50c.jpg,masks/6e785e50c.png,1
863b300cb.jpg,train_images/863b300cb.jpg,masks/863b300cb.png,1
6458159d8.jpg,train_images/6458159d8.jpg,masks/6458159d8.png,1
976a6c529.jpg,train_images/976a6c529.jpg,masks/976a6c529.png,1
ac504079d.jpg,train_images/ac504079d.jpg,masks/ac504079d.png,1
ac8edd837.jpg,train_images/ac8edd837.jpg,masks/ac8edd837.png,1
89332ba01.jpg,train_images/89332ba01.jpg,masks/89332ba01.png,1
33ab15385.jpg,train_images/33ab15385.jpg,masks/33ab15385.png,1
86217c4ba.jpg,train_images/86217c4ba.jpg,masks/86217c4ba.png,1
ce58cf8e1.jpg,train_images/ce58cf8e1.jpg,masks/ce58cf8e1.png,1
8f567296c.jpg,train_images/8f567296c.jpg,masks/8f567296c.png,1
412fe7f70.jpg,train_images/412fe7f70.jpg,masks/412fe7f70.png,1
063571c5c.jpg,train_images/063571c5c.jpg,masks/063571c5c.png,1
bf3431728.jpg,train_images/bf3431728.jpg,masks/bf3431728.png,1
c22accc84.jpg,train_images/c22accc84.jpg,masks/c22accc84.png,1
415dd1efd.jpg,train_images/415dd1efd.jpg,masks/415dd1efd.png,1
9e4147d6b.jpg,train_images/9e4147d6b.jpg,masks/9e4147d6b.png,1
2dc3dd0a6.jpg,train_images/2dc3dd0a6.jpg,masks/2dc3dd0a6.png,1
da505edce.jpg,train_images/da505edce.jpg,masks/da505edce.png,1
e7fb372da.jpg,train_images/e7fb372da.jpg,masks/e7fb372da.png,1
085bcd104.jpg,train_images/085bcd104.jpg,masks/085bcd104.png,1
0a8306bfe.jpg,train_images/0a8306bfe.jpg,masks/0a8306bfe.png,1
7c7f040ca.jpg,train_images/7c7f040ca.jpg,masks/7c7f040ca.png,1
9eed09712.jpg,train_images/9eed09712.jpg,masks/9eed09712.png,1
af828b126.jpg,train_images/af828b126.jpg,masks/af828b126.png,1
6f45aa88d.jpg,train_images/6f45aa88d.jpg,masks/6f45aa88d.png,1
f26a1060f.jpg,train_images/f26a1060f.jpg,masks/f26a1060f.png,1
dbd7ba010.jpg,train_images/dbd7ba010.jpg,masks/dbd7ba010.png,1
669dbcc19.jpg,train_images/669dbcc19.jpg,masks/669dbcc19.png,1
7d9d29d28.jpg,train_images/7d9d29d28.jpg,masks/7d9d29d28.png,1
bf3db21e9.jpg,train_images/bf3db21e9.jpg,masks/bf3db21e9.png,1
c54db71af.jpg,train_images/c54db71af.jpg,masks/c54db71af.png,1
ff9d46e95.jpg,train_images/ff9d46e95.jpg,masks/ff9d46e95.png,1
904677cea.jpg,train_images/904677cea.jpg,masks/904677cea.png,1
8071db7b3.jpg,train_images/8071db7b3.jpg,masks/8071db7b3.png,1
7880bcef5.jpg,train_images/7880bcef5.jpg,masks/7880bcef5.png,1
1d0521214.jpg,train_images/1d0521214.jpg,masks/1d0521214.png,1
45993565a.jpg,train_images/45993565a.jpg,masks/45993565a.png,1
e98824ca8.jpg,train_images/e98824ca8.jpg,masks/e98824ca8.png,1
8ea10e67e.jpg,train_images/8ea10e67e.jpg,masks/8ea10e67e.png,1
179f00d93.jpg,train_images/179f00d93.jpg,masks/179f00d93.png,1
5848791de.jpg,train_images/5848791de.jpg,masks/5848791de.png,1
4b925c919.jpg,train_images/4b925c919.jpg,masks/4b925c919.png,1
61f22bd01.jpg,train_images/61f22bd01.jpg,masks/61f22bd01.png,1
3704cdfd6.jpg,train_images/3704cdfd6.jpg,masks/3704cdfd6.png,1
2ce026ee0.jpg,train_images/2ce026ee0.jpg,masks/2ce026ee0.png,1
3cff791b3.jpg,train_images/3cff791b3.jpg,masks/3cff791b3.png,1
525d0e51e.jpg,train_images/525d0e51e.jpg,masks/525d0e51e.png,1
8e01fb963.jpg,train_images/8e01fb963.jpg,masks/8e01fb963.png,1
3d5066f6d.jpg,train_images/3d5066f6d.jpg,masks/3d5066f6d.png,1
6e99aef86.jpg,train_images/6e99aef86.jpg,masks/6e99aef86.png,1
1e4aaae3e.jpg,train_images/1e4aaae3e.jpg,masks/1e4aaae3e.png,1
b22b846c8.jpg,train_images/b22b846c8.jpg,masks/b22b846c8.png,1
b93cc6719.jpg,train_images/b93cc6719.jpg,masks/b93cc6719.png,1
b0f9fff35.jpg,train_images/b0f9fff35.jpg,masks/b0f9fff35.png,1
ab710a287.jpg,train_images/ab710a287.jpg,masks/ab710a287.png,1
b15e6ca53.jpg,train_images/b15e6ca53.jpg,masks/b15e6ca53.png,1
c2759d94e.jpg,train_images/c2759d94e.jpg,masks/c2759d94e.png,1
26c1fc24e.jpg,train_images/26c1fc24e.jpg,masks/26c1fc24e.png,1
7fd3d58a5.jpg,train_images/7fd3d58a5.jpg,masks/7fd3d58a5.png,1
8fbc61bda.jpg,train_images/8fbc61bda.jpg,masks/8fbc61bda.png,1
6686b6b23.jpg,train_images/6686b6b23.jpg,masks/6686b6b23.png,1
4ad6e9c90.jpg,train_images/4ad6e9c90.jpg,masks/4ad6e9c90.png,1
1bb1e1055.jpg,train_images/1bb1e1055.jpg,masks/1bb1e1055.png,1
367553727.jpg,train_images/367553727.jpg,masks/367553727.png,1
675ee4ba3.jpg,train_images/675ee4ba3.jpg,masks/675ee4ba3.png,1
c83a2e190.jpg,train_images/c83a2e190.jpg,masks/c83a2e190.png,1
b110ca8c2.jpg,train_images/b110ca8c2.jpg,masks/b110ca8c2.png,1
127504e0f.jpg,train_images/127504e0f.jpg,masks/127504e0f.png,1
ca82d646f.jpg,train_images/ca82d646f.jpg,masks/ca82d646f.png,1
a8bc0275d.jpg,train_images/a8bc0275d.jpg,masks/a8bc0275d.png,1
77e68176f.jpg,train_images/77e68176f.jpg,masks/77e68176f.png,1
64c97319b.jpg,train_images/64c97319b.jpg,masks/64c97319b.png,1
e5cc898b6.jpg,train_images/e5cc898b6.jpg,masks/e5cc898b6.png,1
338d3b828.jpg,train_images/338d3b828.jpg,masks/338d3b828.png,1
9515afade.jpg,train_images/9515afade.jpg,masks/9515afade.png,1
4340e1e42.jpg,train_images/4340e1e42.jpg,masks/4340e1e42.png,1
9f1a90c97.jpg,train_images/9f1a90c97.jpg,masks/9f1a90c97.png,1
aa8b6ebcf.jpg,train_images/aa8b6ebcf.jpg,masks/aa8b6ebcf.png,1
aa394081e.jpg,train_images/aa394081e.jpg,masks/aa394081e.png,1
25b57b528.jpg,train_images/25b57b528.jpg,masks/25b57b528.png,1
e4fe95209.jpg,train_images/e4fe95209.jpg,masks/e4fe95209.png,1
04055fd3e.jpg,train_images/04055fd3e.jpg,masks/04055fd3e.png,1
d8e21a2ae.jpg,train_images/d8e21a2ae.jpg,masks/d8e21a2ae.png,1
5b5ad8482.jpg,train_images/5b5ad8482.jpg,masks/5b5ad8482.png,1
85b8f9d06.jpg,train_images/85b8f9d06.jpg,masks/85b8f9d06.png,1
4bd15a7ae.jpg,train_images/4bd15a7ae.jpg,masks/4bd15a7ae.png,1
8a17572d8.jpg,train_images/8a17572d8.jpg,masks/8a17572d8.png,1
5c238e376.jpg,train_images/5c238e376.jpg,masks/5c238e376.png,1
9aca6db08.jpg,train_images/9aca6db08.jpg,masks/9aca6db08.png,1
20905c068.jpg,train_images/20905c068.jpg,masks/20905c068.png,1
9dfb319cc.jpg,train_images/9dfb319cc.jpg,masks/9dfb319cc.png,1
44ad9ef30.jpg,train_images/44ad9ef30.jpg,masks/44ad9ef30.png,1
a85276d6e.jpg,train_images/a85276d6e.jpg,masks/a85276d6e.png,1
ff6bfada2.jpg,train_images/ff6bfada2.jpg,masks/ff6bfada2.png,1
efe5694bf.jpg,train_images/efe5694bf.jpg,masks/efe5694bf.png,1
c5da9e8c7.jpg,train_images/c5da9e8c7.jpg,masks/c5da9e8c7.png,1
72613a1e3.jpg,train_images/72613a1e3.jpg,masks/72613a1e3.png,1
0d7e52a91.jpg,train_images/0d7e52a91.jpg,masks/0d7e52a91.png,1
d5d900def.jpg,train_images/d5d900def.jpg,masks/d5d900def.png,1
7046618f6.jpg,train_images/7046618f6.jpg,masks/7046618f6.png,1
f33e7a4b3.jpg,train_images/f33e7a4b3.jpg,masks/f33e7a4b3.png,1
285781401.jpg,train_images/285781401.jpg,masks/285781401.png,1
